:020000040800F2
:10400000787C00204541000829490008DF45000868
:1040100025490008A5430008D94B0008000000000E
:1040200000000000000000000000000057490008E8
:10403000DD45000800000000554900085949000806
:104040005F4100085F4100085F4100085F410008D0
:104050005F4100085F4100085F4100085F410008C0
:104060005F4100085F4100085F4100085F410008B0
:104070005F4100085F4100085F4100085F410008A0
:104080005F4100085F410008914300085F4100085C
:10409000C14B00085F4100085F4100085F41000814
:1040A000114A00085F4100085F4100085F410008B5
:1040B0005F410008494A00087D4B00085F41000845
:1040C0005F4100085F4100085F4100085F41000850
:1040D0005F4100085F4100085F4100085F41000840
:1040E0005F4100085F4100085F4100085F41000830
:1040F0005F4100085F4100085F4100085F41000820
:104100005F4100085F4100085F4100085F4100080F
:104110005F4100085F4100085F4100085F410008FF
:104120005F410008A94300085F4100085F410008A3
:10413000DFF80CD000F0EEF800480047914D010880
:10414000787C00200648804706480047FEE7FEE7E7
:10415000FEE7FEE7FEE7FEE7FEE7FEE7FEE7FEE737
:1041600069490008314100089FED1A1AF5EE000A6E
:1041700040EE010ABDEEE00AF5EEC00A10EE100AAC
:10418000F1EE10FA38BF401E00EE100A1349F7EEA8
:10419000001AB8EEC00A30EEC00ADFED0F0A20EEBA
:1041A000200AFCEEC00A10EE900AC0F3080000EEF0
:1041B000900A01EB8000F8EE600A90ED011A70EEB3
:1041C000600A90ED000A71EEE01A21EE800A00EE1E
:1041D000810A704783F9223E00000044FC12020865
:1041E000DFED1D0AB5EEC00A60EE200ABDEEE01A52
:1041F00011EE100AF1EE10FA38BF401E00EE100A60
:10420000B8EEC00A30EEC00ADFED140A20EE200A34
:10421000B4EEE00AF1EE10FAA8BF30EE600AFCEE50
:10422000C00A0F49F7EE001A10EE900AC0F308001A
:1042300000EE900A01EB8000F8EE600A90ED011AA2
:1042400070EE600A90ED000A71EEE01A21EE800A2D
:1042500000EE810A7047000083F9223E000000440E
:10426000FC12020840EA01039B0703D009E008C9D9
:10427000121F08C0042AFAD203E011F8013B00F82B
:10428000013B521EF9D27047D2B201E000F8012B77
:10429000491EFBD270470022F6E710B513460A46C6
:1042A00004461946FFF7F0FF204610BD421C10F8E7
:1042B000011B0029FBD1801A704710B5002200E0D5
:1042C000521C835C8C5CA34201D1002BF8D1D8B284
:1042D000E1B2401A10BD034611F8012B00F8012B82
:1042E000002AF9D11846704730B50B460146002028
:1042F0002022012409E021FA02F59D4205D303FAA8
:1043000002F5491B04FA02F52844151EA2F1010228
:10431000F1DC30BD064C074D06E0E06840F00103DB
:1043200094E8070098471034AC42F6D3FFF704FF37
:10433000001B0208201B020870B58C1810F8015BE6
:1043400015F0070301D110F8013B2A1106D110F82E
:10435000012B03E010F8016B01F8016B5B1EF9D132
:104360002B0705D40023521E0DD401F8013BFAE7B8
:1043700010F8013BCB1A921C03E013F8015B01F823
:10438000015B521EF9D5A142D8D3002070BD0000B8
:1043900010B50421024801F01AF810F0BDFF10BD5D
:1043A0000024014000BFFEE710B5022201210C48A5
:1043B00002F0BCF898B102220121094802F0AEF8DF
:1043C00001220221074802F053FD0748006830B17E
:1043D0000548006805F0ECF900200349086010BDAD
:1043E00000040240001001408004002010B50122AA
:1043F0001146022000F0C6F810BD10B503464FF676
:10440000FF7404EAC3304FF4F04404EAC1242043AB
:10441000C2F30A04204310BD10B500224FF480619E
:10442000034802F025FD012013F024F810BD000020
:10443000000C014010B501229102034802F018FD62
:10444000012013F017F810BD000C014010B5002436
:10445000002000F07BF804462404012000F076F8E8
:104460000443204610BD000010B5002440F2026055
:1044700012F02CFA40F2036012F028FA40F20360C6
:1044800012F024FA12F004FC1023032219462148EA
:1044900002F0F3FC4FF48063032210211E4802F067
:1044A000ECFC0423032210211B4802F0E6FC00224E
:1044B0004FF48061184802F0DBFC012210211548FE
:1044C00002F0D6FC01220421134802F0D1FC0220A4
:1044D00012F0D0FF002204210F4802F0C9FCFFF7C0
:1044E0009BFFFFF7A7FFFFF781FF032000F02EF8E7
:1044F0000446012000F022F8002000F017F8012007
:1045000000F00CF840F2FF30844201D000BFFEE71B
:1045100010BD000000080140000C014010B5044629
:10452000A201C021062000F02DF810BD10B50446F0
:10453000A201C021052000F025F810BD10B50446E9
:1045400022460F21052000F01DF810BD70B504466D
:104550000025002221460120FFF74FFF06460022DA
:104560001021074802F084FC304612F0C5FB0546D6
:1045700001221021024802F07BFCC5F30A0070BD45
:10458000000801402DE9F04107460D461646384621
:10459000FFF7DCFF0446AC4334432146384600F0C5
:1045A00003F8BDE8F081000070B504460D462A46C8
:1045B00021460020FFF721FF064600221021064871
:1045C00002F056FC304612F097FB012210210248FF
:1045D00002F04EFC70BD000000080140704700BFB3
:1045E000FEE7000010B50121034802F0A4FC08B961
:1045F000002010BD0120FCE7001001402DE9F04132
:1046000004460D4616461F462A2000F065F904F1BF
:10461000280188B200F050F906F1280188B200F0B4
:104620004BF92B2000F058F905F1350188B200F064
:1046300043F907F1350188B200F03EF92C2000F073
:104640004BF9BDE8F0812DE9F04706460F461446C8
:104650001D46DDF820A0681E83B2601E82B2394676
:104660003046FFF7CBFFB8460EE0B14606E05046B5
:1046700000F022F909F101001FFA80F9A145F6DBEB
:1046800008F101001FFA80F8A845EEDBBDE8F087CD
:1046900010B540F2046012F019F940F2036012F014
:1046A00015F94FF4005303221021164802F0E5FBE0
:1046B00001225103134802F0DBFB4FF48043032235
:1046C0001021104802F0D9FB012291030D4802F09D
:1046D000CFFB4FF40043032210210A4802F0CDFB28
:1046E0000122D103074802F0C3FB02230322102159
:1046F000044802F0C2FB01220221024802F0B8FB8A
:1047000010BD00000010014010B5FFF7C1FF12F00E
:104710000DFB00224FF40041664802F0A9FB642023
:1047200012F0A8FE0122D103624802F0A1FB64202E
:1047300012F0A0FE012251035E4802F099FB6420B2
:1047400012F098FE112000F0C7F8782012F092FEC7
:10475000362000F0C1F8702000F0B7F83A2000F0E1
:10476000BBF8052000F0B1F8B22000F0B5F80C203D
:1047700000F0ABF80C2000F0A8F8002000F0A5F83D
:10478000332000F0A2F8332000F09FF8B72000F0AB
:10479000A3F8352000F099F8BB2000F09DF819200F
:1047A00000F093F8C02000F097F82C2000F08DF86E
:1047B000C22000F091F8012000F087F8C32000F03B
:1047C0008BF8122000F081F8C42000F085F820203A
:1047D00000F07BF8C62000F07FF80F2000F075F89D
:1047E000D02000F079F8A42000F06FF8A12000F0AC
:1047F0006CF8E02000F070F8D02000F066F804209B
:1048000000F063F80D2000F060F8112000F05DF872
:10481000132000F05AF82B2000F057F83F2000F04A
:1048200054F8542000F051F84C2000F04EF81820B5
:1048300000F04BF80D2000F048F80B2000F045F890
:104840001F2000F042F8232000F03FF8E12000F0A4
:1048500043F8D02000F039F8042000F036F80C209E
:1048600000F033F8112000F030F8132000F02DF89C
:104870002C2000F02AF83F2000F027F8442000F018
:1048800024F8512000F021F82F2000F01EF81F20FE
:1048900000F01BF81F2000F018F8202000F015F899
:1048A000232000F012F8212000F016F8292000F053
:1048B00013F810BD0010014010B50446201200F09E
:1048C0001FF8E0B200F01CF810BD10B504462046F9
:1048D00000F016F810BD000010B5044600224FF499
:1048E0008041064802F0C4FA204600F009F801228F
:1048F0009103024802F0BCFA10BD00000010014014
:1049000010B5044600220221054802F0B1FA204603
:1049100012F054FA01220221014802F0A9FA10BD56
:104920000010014000BFFEE77047000010B50028EE
:1049300007DA0A07140E054A00F00F031B1FD454B0
:1049400003E00A07130E024A135410BD18ED00E0ED
:1049500000E400E07047704702480068401C0149CD
:10496000086070471403002008B52648006840F42A
:104970007000244908602448006840F00100224982
:10498000086000BF2048006800F002000028F9D04D
:1049900000BF1D48406840F080001B49486000206F
:1049A000009002E00098401C009000985028F9D335
:1049B0001548406840F0900013494860002000907E
:1049C00002E00098401C009000985028F9D300BFE6
:1049D0000D48406820F003000B4948600846006815
:1049E0000A490840084908604FF41F0088600846DB
:1049F000006820F48020086000204860C86212F03F
:104A000035FD08BD88ED00E000100240FFFFF6FE16
:104A100010B5202200210B4812F07AFF202201213C
:104A2000084812F075FF20220221064812F070FF9C
:104A30008021044813F089F910F09EFF022002F053
:104A40009DFE10BD002C014010B50221414813F01D
:104A50007FF9012849D102213E4813F076F901215E
:104A60003C4813F072F900213A4812F0F5FD401C61
:104A700039490860084690ED000AF8EE400A9FEDBB
:104A8000371A80EE810A9FED361AC1EE000A9FEDBB
:104A9000350A80EE801A344880ED131A02F0A4FA29
:104AA000324981F83600084690F83600002817DDB4
:104AB000084690F83600062812DC002008630846F5
:104AC00090F83600401E2A4901EB800090ED000A64
:104AD000DFED280A30EE200A234880ED140A37E083
:104AE0000120224981F8350032E00121194813F0F4
:104AF0002FF901282CD10121164813F026F99FED3A
:104B00001E0A194880ED130A02F06EFA174981F85F
:104B10003600084690F83600002815DD084690F863
:104B20003600062810DC084690F83600401E104972
:104B300001EB800090ED000ADFED0E0A30EE200A56
:104B4000094880ED140A03E00120084981F8350086
:104B500010BD000000040040000000200024744943
:104B6000920A863F00007A468073002044060020A7
:104B700004000020DB0FC93F0000000010B5002436
:104B800040210D4813F0E4F8012814D140210A48CF
:104B900013F0DBF8084812F056FF04B20021064873
:104BA00012F055FF002C03DD02200449087002E0DA
:104BB00001200249087010BD0008004033000020A9
:104BC00000B585B06A460021024801F054F905B0ED
:104BD00000BD00000064004000BFFEE70FB4084BBA
:104BE00010B504A902AA039800F06AF8044602A9C5
:104BF000002000F006FA204610BC5DF814FB00000F
:104C00000350000802E008C8121F08C1002AFAD1A8
:104C100070477047002001E001C1121F002AFBD13C
:104C200070472DE9F04107460E46FC68A068006811
:104C3000B04202D90020BDE8F081B2B2A368198A5F
:104C4000986800F0D3FD0546681C40B1606800EB31
:104C5000C50120680A68C2F313021044EBE7002084
:104C6000E9E72DE9F04780460C4617469946D8F803
:104C70000C50A8680068B84202D90020BDE8F0874F
:104C8000BAB2AB68198A986800F0B0FD0646701C8D
:104C9000A0B1686800EBC6010868000D2080487963
:104CA000E0700879A07088792071C87940B260718D
:104CB000688AC0F38220A0710120DFE70020DDE7D1
:104CC0002DE9FF4F8BB088460546002606E02528D3
:104CD0000BD0DDE90D1290476D1C761C287800285A
:104CE000F5D10FB03046BDE8F08F0024A146A246B2
:104CF0000122AE4900E0044315F8013F203B02FACF
:104D000003F00842F7D128782A2810D06FF02F023C
:104D10002878A0F13001092915D809EB890102EBA7
:104D2000410144F0020400EB01096D1CF0E758F862
:104D3000041B5FEA010903D544F40054C9F10009DA
:104D400044F002046D1C28782E2817D115F8010FA5
:104D500044F004042A280ED06FF02F022878A0F126
:104D6000300109290AD80AEB8A0102EB410100EB64
:104D7000010A6D1CF2E758F804AB6D1C28786C280A
:104D80000FD006DC4C2817D068280DD06A2814D123
:104D900004E0742810D07A280FD10DE044F40014F8
:104DA0000AE044F4801401E044F44014697881423C
:104DB00002D104F580146D1C6D1C2878692865D01B
:104DC00006DC00288DD0632827D0642806D15DE05A
:104DD0006E2808D073282AD0752877D0DDE90D1207
:104DE0009047761CE0E0C4F30250022809D0032863
:104DF0000DD0D8F8001004280DD00E6008F104087A
:104E0000D2E0D8F80010F217C1E90062F6E7D8F84E
:104E100000100E80F2E70E70F0E718F8041B8DF812
:104E2000001000208DF80100EB46012003E058F847
:104E300004BB4FF0FF3061074FF0000701D40AE0D8
:104E40007F1C57450DDA8742FADB1BF80710002953
:104E5000F6D106E07F1C8742FCDB1BF80710002917
:104E6000F8D1DDE90D23A9EB07008146214600F0CA
:104E7000B1F83044C61904E0DDE90D121BF8010B4E
:104E800090477F1EF8D22146484688E058F8040B28
:104E9000C4F302514FF00A0B032900D100B20429D8
:104EA00000D140B2002802DA40422D2102E0210563
:104EB00005D52B218DF82410012104E006E0E1073F
:104EC00010D02021F6E708AF089113E058F8040B42
:104ED000C4F302514FF00A0B032900D180B2042918
:104EE00000D1C0B20021EEE75946FFF7FDF930319D
:104EF00007F8011D0028F7D1ADEB070000F1200BEA
:104F0000600702D524F4803401E04FF0010ADA454D
:104F100002DDAAEB0B0000E00020824600EB0B0153
:104F200008980144A9EB01000A90E00306D4DDE9EA
:104F30000D2321460A9800F04DF806444FF0000971
:104F400008E009A911F80900DDE90D12904709F1FF
:104F50000109761C08998945F3DBE0030CD5DDE9EE
:104F60000D2321460A9800F035F8064404E0DDE9F7
:104F70000D1230209047761CBAF10001AAF1010A07
:104F8000F5DC05E0DDE90D1217F8010B9047761C02
:104F9000BBF10001ABF1010BF4DC0A982146DDE91D
:104FA0000D2300F005F806446D1C97E60928010062
:104FB0002DE9F041044600251E461746880404D416
:104FC00005E039462020B0476D1C641EF9D52846FF
:104FD000BDE8F0812DE9F041044600251E469046CB
:104FE000C80301D5302700E02027880404D505E058
:104FF00041463846B0476D1C641EF9D52846BDE8C9
:10500000F0810A68531C0B601070704710B540F2B5
:10501000096011F05BFC012011F076FB002000F02C
:10502000D9F901221102224800F067FA0022022178
:105030001F4800F062FA00211D4800F0DBF803224F
:1050400002211B4800F0B3F800230E22194618482D
:1050500000F056F900230F220121154800F050F905
:10506000002308220221124800F04AF94FF480522E
:1050700002210F4800F0F1F8012202210C4800F053
:10508000CDF802210A4800F0A2F90421084800F0F6
:105090009EF90421064800F084F9054800F0B5F8AF
:1050A000012012F0E7F9024800F06CF810BD000092
:1050B0000024014010B500F0F3F8FFF7A7FF10BD82
:1050C00010B540F2046011F001FC40F2046011F0F0
:1050D000FDFB40F2026011F0F9FB082304220021DD
:1050E000234801F0CAFE04231A460021204801F09B
:1050F000C4FE0823042200211E4801F0BEFE40F237
:105100000A6011F0E3FB002011F0FEFA002000F02D
:1051100061F90021184800F06DF801221146164887
:1051200000F045F84FF460220121134800F095F893
:1051300001221146104800F071F80F4800F065F8A0
:10514000012012F097F90C4800F01CF8012012F031
:1051500091F90A480A490978425C0123002106486E
:1051600000F062F90121044800F0B8F910BD000018
:1051700000100140000801400028014030000020DC
:105180002F000020816841F00801816000BF816824
:1051900001F008010029FAD1816841F00401816021
:1051A00000BF816801F004010029FAD1704730B5D1
:1051B000012902D002291AD10CE0C36A23F470033A
:1051C000C362C36A541E4FF4700505EA04542343B6
:1051D000C3620DE0836B23F440138363836B541E1F
:1051E0004FF4401505EA04542343836300E000BFF5
:1051F00000BF30BD21B1826842F40062826003E0EA
:10520000826822F4006282607047816801F00101C7
:1052100019B9816841F001018160704772B101F0F4
:1052200001031BB1836843F48013836001F0020320
:1052300093B1836843F4004383600DE001F0010300
:105240001BB1836823F48013836001F002031BB158
:10525000836823F4004383607047012902D0022948
:1052600010D107E0836823F46023836083681343CD
:10527000836008E0836823F4E0438360836813431A
:10528000836000E000BF00BF7047CA430260704700
:105290000246002013680B4003B101207047000054
:1052A00010B540F2046011F011FB40F2046011F0FF
:1052B0000DFB40F2036011F009FB40F2026011F0B7
:1052C00005FB1023042200210A4801F0D6FD20230B
:1052D00004220021074801F0D0FD0123042200210F
:1052E000054801F0CAFD082304220021034801F00B
:1052F000C4FD10BD00100140000C01400008014039
:10530000F0B50C46876BC7F30156856BE71CBF1BD6
:1053100007EB870C1F2707FA0CF7BD43E71CBF1BE1
:1053200007EB870702FA07F73D4385630A2A0DD288
:10533000016902EB420C072707FA0CF7B94302EBAD
:10534000420703FA07F73943016112E0122A10D22B
:10535000C168A2F10A0707EB470C072707FA0CF709
:10536000B943A2F10A0707EB470703FA07F73943E6
:10537000C160F0BD02460B4633B1012B06D0022BB3
:1053800006D0032B08D105E0D16B07E0116C05E0D6
:10539000516C03E0916C01E0002100BF00BF88B2B6
:1053A000704701F001021AB1426842F040024260C7
:1053B00001F002021AB1426842F02002426001F09C
:1053C00004021AB1426842F0800242607047CA4348
:1053D000026070470549096821F47021034A116091
:1053E0001146096801431160704700000424014020
:1053F00010B5014600230022032911DA00BF0AE09C
:1054000001EB0110074C04EB4000801C30F8120047
:105410000344501C82B2102AF2DBC3F30F1010BDFC
:105420000020FCE78C050020F0B51D4606290CD2B3
:10543000436B01EB81071F26BE40B34301EB81069E
:1054400002FA06F63343436322E00C290ED2036BC3
:105450008E1F06EB86071F26BE40B3438E1F06EB4A
:10546000860602FA06F63343036311E010290FD2D1
:10547000C36AA1F10C0606EB86071F26BE40B343A4
:10548000A1F10C0606EB860602FA06F63343C36268
:105490000A2A0CD2046902EB42070726BE40B44335
:1054A00002EB420605FA06F63443046111E0122AC3
:1054B0000FD2C468A2F10A0606EB46070726BE40D3
:1054C000B443A2F10A0606EB460605FA06F6344393
:1054D000C460F0BD0146C86C80B2704701F00102A3
:1054E0001AB1826842F48002826001F002021AB1AD
:1054F000826842F4001282607047AAB101F480739E
:105500001BB1436843F48073436001F480631BB1B3
:10551000436843F48063436001F00203CBB18368C6
:1055200043F00203836014E001F480731BB143680D
:1055300023F48073436001F480631BB1436823F458
:105540008063436001F002031BB1836823F0020310
:105550008360704710B502212A48FFF799FE0128A1
:105560004ED102212748FFF790FE2648FFF7B2FFF1
:105570002549097801EB0111244A02EB4101891CFC
:10558000214A127802EB0212204B33F8122021F844
:1055900012001D48007800EB0010194631F8100089
:1055A000401C1949097801EB01111A4622F8110033
:1055B0001548007800EB0010114631F81000102853
:1055C00006DB00201049097801EB011122F81100D7
:1055D0000D480078401C0C490870084600780328E4
:1055E00001DB002008700A4807490978425C012362
:1055F00000210448FFF718FF01210248FFF76EFF62
:1056000010BD0000002801402F0000208C05002064
:105610003000002010B58AB0044694F82000C0F392
:10562000400020B994F8200000F0010070B194F817
:105630002000C0F34000F0B994F8200000F0010011
:10564000C8B194F82000C0F38000A0B12422214604
:1056500001A8FEF707FE214619480BF034FB20464F
:105660000BF09CFB012017490870049810B101A8A9
:10567000049988471FE0E08B404200B2608394F8B1
:10568000200000F00100B0B194F82010C1F38001B7
:1056900019B9A18B494209B261831034217C890870
:1056A000C943227C61F38202227420686168216010
:1056B0006060103C00BF034800780AB010BD0000D5
:1056C000F8090020F00300202DE9F04107462F489B
:1056D0000BF012FA044608E0206A20F0080020626D
:1056E00021462A480BF00DFA0446002CF4D1284834
:1056F00000680EF0B5FF064624480BF0FDF904469D
:105700003CE000202349087094F82000C0F3C0005A
:1057100038BB206A20F0080008302062608B3044DB
:1057200000B26083B4F91A0000281ADBB4F91A0039
:10573000218B884202DD208B00B260832046A16865
:1057400088470546606818B129B2D4E9000290473D
:10575000B4F91A00218B884202DB2046FFF75AFF7A
:1057600000BF0C48007820B108480BF0C5F904468A
:1057700004E0214605480BF0C4F90446002CC0D1D2
:105780000EF07CFF02490860BDE8F081F8090020B6
:10579000EC030020F003002030B50346022B04D1B7
:1057A0000E48405C5043001230BD032B04D10C481E
:1057B000405C50430012F7E7042B04D10948405CD9
:1057C00050430012F0E7C1EBC105581EB5FBF0F0E5
:1057D000C4B20548005D5043000AE5E74E93010856
:1057E000509301085393010857930108F0B50346FD
:1057F0000C460025661E11E0A81900EBD077791041
:1058000033F81100904201DD4E1E07E033F811001D
:10581000904201DA4D1C01E00846F0BDB542EBDDD7
:105820004FF0FF30F9E7D0ED061A90ED072A71EE40
:10583000C21AF0EE610AC0ED090AD0ED001A90ED2F
:10584000012A42EE201AB0EE610AD0ED041AF4EEFD
:10585000C01AF1EE10FA04D2D0ED041AC0ED081A05
:105860000DE0D0ED051AF4EEC01AF1EE10FA04DDE9
:10587000D0ED051AC0ED081A01E080ED080AD0ED60
:10588000081A30EE611AD0ED001A90ED022A42EEAD
:10589000201A90ED032A42EE411AC0ED001A70471B
:1058A00061480078002875D05F4890F8680030B1F2
:1058B000012815D002282BD003284BD139E05A48B3
:1058C000C06859494968884205D25748C068401C99
:1058D0005549C86003E00120534981F868003AE067
:1058E000514890ED050AD0ED0F0AB4EEE00AF1EE52
:1058F00010FA08D290ED050AD0ED100A30EE200A19
:1059000080ED050A03E00220474981F8680022E0A3
:105910004548006944498968884205D2424800697F
:10592000401C4149086103E003203F4981F86800B9
:1059300011E03E4890ED000A3D48D0ED060A30EEF9
:10594000600A3C4880ED000A012037498870002039
:10595000087000E000BF00BF344890ED000A3248F4
:10596000D0ED050A30EE200A304880ED000A90EDB7
:10597000000ADFED310AB4EEE00AF1EE10FA51DD73
:1059800090ED000ADFED2C0A30EE600A80ED000A8F
:1059900048E0FFE7264890ED060A2648D0ED000AC9
:1059A00030EE200A214880ED000A224890ED000ADE
:1059B000B0EEC00ADFED210AB4EEE00AF1EE10FA13
:1059C00019DD90ED000AB5EEC00AF1EE10FA08D22A
:1059D00090ED000ADFED190A30EE200A80ED000A92
:1059E0000EE0144890ED000ADFED140A30EE600A74
:1059F00080ED000A04E09FED120A0E4880ED000AD7
:105A00000B4890ED190ADFED0F0AB4EEE00AF1EE53
:105A100010FA07DD90ED190ADFED0A0A30EE600A90
:105A200080ED190A7047000080730020B4720020D6
:105A3000EC73002040050020DB0FC940CDCC4C3D6D
:105A4000000000006D11C93830B501460020AF23B9
:105A50001EE0C41804EBD4756A10354C04EB8204C4
:105A6000B4F902408C4201DA531E10E0304C04EBD2
:105A70008204B4F902408C4201DD501C07E02C4C3A
:105A800034F9224000EE104AB8EEC00A30BD00BF23
:105A90009842DEDD38B9264AB2F9002000EE102A1D
:105AA000B8EEC00AF2E7AF2B07D1214AB2F9BC2207
:105AB00000EE102AB8EEC00AE8E7421E1C4C34F98A
:105AC000222000EE102AB8EEC00AF0EE400A421E74
:105AD00004EB8202B2F9022000EE102AB8EEC00AEE
:105AE000B0EE401A224632F9202000EE102AB8EE1D
:105AF000C00AF0EE401A224602EB8002B2F9022000
:105B000000EE102AB8EEC00AB0EE402A71EEE02A8C
:105B100000EE101AB8EE400A30EE410A22EE800A7A
:105B200032EE413AC0EE032A32EEA00AAEE70000A0
:105B30005000002010B500F0F3F800F0B7FA00F0C4
:105B400007F80221014800F092F910BD00640040FE
:105B500000B589B006A9002000F0AFFA01A9012024
:105B600000F0ABFA40F2197010F0B0FE1F4800F0E0
:105B70003FF800208DF81C0001208DF81D0000204A
:105B80008DF81E0001208DF81F0000208DF82000E8
:105B90008DF821008DF818008DF8190006208DF879
:105BA0001A0001208DF81B000C20ADF8220006A978
:105BB0000E4800F0CBF80020ADF80E00ADF8100054
:105BC0000120ADF812000020ADF80400ADF8060089
:105BD000ADF80800ADF80A00ADF80C0001208DF812
:105BE000140001A800F014F809B000BD00640040E2
:105BF00010B504460548844207D140F2194010F020
:105C000085FE40F2194010F071FE10BD00640040A6
:105C100010B50021837A012202FA03F13E4A12688C
:105C200042F001023C4B1A603B4A1C3212688A4324
:105C3000394B1C331A60C289DAB9374A0C32126800
:105C40008A43354B0C331A60C288344B03EA024254
:105C500043881A434389304C403444F833208288C7
:105C60002E4B03EA024203881A43438904EBC30321
:105C70005A60C289012A1BD1274A0C3212680A4392
:105C8000254B0C331A600288244B03EA02424388F6
:105C90001A434389204C403444F8332082881F4BF8
:105CA00003EA0242C3881A43438904EBC3035A60E0
:105CB00082893AB9184A121D12688A43164B1B1D75
:105CC0001A6006E0144A121D12680A43124B1B1D8B
:105CD0001A6002893AB9104A143212688A430E4B8C
:105CE00014331A6006E00C4A143212680A430A4B55
:105CF00014331A60027C012A06D1074A1C3212684A
:105D00000A43054B1C331A60034A126822F0010251
:105D1000014B1A6010BD0000006600400000FFFF4C
:105D200010B540F2026010F0D1FD4FF40063032281
:105D30004821054801F0A1F84FF4805303221821AF
:105D4000014801F09AF810BD0008014070B5024604
:105D50004FF6FF730020146824F0020414601468E6
:105D600044F00104146000E05B1E546804F0010478
:105D70000CB9002BF8D1546804F001040CB90020D0
:105D800074E00C784FF0404505EA84744D784FF08C
:105D9000407606EA05652C438D784FF4702606EAB6
:105DA00005452C43CD784FF4E00606EA05552C4313
:105DB0004D896D1EC5F309052C43D4610C79012C66
:105DC00004D1146844F08004146003E0146824F0E3
:105DD000800414604C79012C04D1146844F0400410
:105DE000146003E0146824F0400414608C79012CE2
:105DF00004D1146844F02004146003E0146824F013
:105E000020041460CC79012C04D1146824F010040F
:105E1000146003E0146844F0100414600C7A012C40
:105E200004D1146824F00804146003E0146844F0FA
:105E3000080414604C7A012C04D1146844F0040462
:105E4000146003E0146824F004041460146824F05F
:105E5000010414604FF6FF7300E05B1E546804F009
:105E600001040CB1002BF8D103B1012070BD4269CF
:105E70000A434261704710B500F5D87303EB011374
:105E80001B6803F004031372137A3BB900F5D8734F
:105E900003EB01131B685B0D136006E000F5D8737C
:105EA00003EB01131B68DB08536000F5D87303EBA9
:105EB00001131B6803F00203537200F5DA7303EB5E
:105EC00001131B681B0AD37400F5DA7303EB01138B
:105ED0001B6803F00F03937200F5DC7303EB0113EF
:105EE0001B68D37200F5DC7303EB01131B681C0AFB
:105EF000147300F5DC7303EB01131B681C0C547363
:105F000000F5DC7303EB01131B681C0E947300F5A2
:105F1000DE7303EB01131B68D37300F5DE7303EB31
:105F200001131B681C0A147400F5DE7303EB0113E4
:105F30001B681C0C547400F5DE7303EB01131B6823
:105F40001C0E947421B9C36843F02003C36003E0BE
:105F5000036943F02003036110BD000030B5024621
:105F60000B460021906800F08060B0F1806F00D196
:105F700010E0906800F00060B0F1006F01D10121E5
:105F800008E0906800F08050B0F1805F01D10221FC
:105F900000E00321032901D1032030BD02F5C070C8
:105FA00000EB0110006800F0010402F5C07000EB86
:105FB00001100460187A88B918883B4C04EA4050F4
:105FC0005C7A204302F5C07404EB0114246820437A
:105FD00002F5C07404EB0114206013E06FF00704B5
:105FE000586804EAC0001C7A20435C7A204302F51A
:105FF000C07404EB01142468204302F5C07404EB60
:106000000114206002F5C27000EB0110006820F05E
:106010000F0402F5C27000EB0110046002F5C270BB
:1060200000EB011000689C7A204302F5C27404EB77
:1060300001142060987B4FF07F4404EA00605C7B91
:106040004FF47F0505EA044420431C7B2D1205EA2A
:1060500004242043DC7A204302F5C47404EB0114C9
:106060002060987C2C0404EA00605C7C2D0205EA28
:10607000044420431C7C2D1205EA04242043DC7BCD
:10608000204302F5C67404EB0114206002F5C070D1
:1060900000EB0110006840F0010402F5C07000EB55
:1060A00001100460084678E70000E0FF10B5012207
:1060B000114614200FF07AFE10BD10B5024609B942
:1060C00000BFFEE732B1012A16D0022A20D0032AEF
:1060D00041D12EE000234B71CB718B7140F2FF3325
:1060E0004B8100230B724B7002238B700023CB700B
:1060F0000B714B720B7030E00123CB8100230B74CA
:106100000B810B804B808B80CB808B814B8124E07B
:10611000002005E0002401F10B031C54431CD8B2FD
:106120000828F7D300238B724B600B724B720B6005
:1061300013E0002005E0002401F10B031C54431C74
:10614000D8B20828F7D300238B724B600B72CB7444
:106150004B720B6001E000BFFEE700BF10BD000006
:1061600090ED030A80ED060A90ED030ADFED080AC0
:1061700020EE200AD0ED040AB0EE001A60EE810A8B
:106180009FED031A00EE810A80ED070A70470000B8
:106190003ACD133F10B540F2057010F097FB10BDDB
:1061A000184909684908184AB1FBF2F1491E174A13
:1061B000116016491439096841F00101134A143A73
:1061C00011600021121F11601049091D08600F495C
:1061D0002839096841F008010C4A283A1160114633
:1061E000096841F00101116000BF084918390968C8
:1061F00001F001010029F8D00021044A183A116089
:10620000704700004003002040420F002814004067
:106210002DE9F04705460C461646A0882188401A0D
:10622000401C07B2E0886188401A401C0FFA80F8D1
:1062300017FB08F916480560164810F0DBFD002131
:10624000144810F021FE134810F019FEB4F806C0EF
:106250001FFA8CF3B4F804C01FFA8CF2B4F802C031
:106260001FFA8CF1B4F800C01FFA8CF0FEF7C6F9E3
:1062700000220221084800F0FBFD0122910306489C
:1062800000F0F6FD4946304601F0FCF9BDE8F08724
:1062900080040020003C004000100140704770B5B1
:1062A00005460C462146284600F0ACF908B900BF67
:1062B000FEE704EB8400810005F10800405820F05F
:1062C000010104EB8400820005F10800815070BDDB
:1062D00070B505460C462146284600F093F908B9EA
:1062E00000BFFEE704EB8400810005F10800405880
:1062F00040F0010104EB8400820005F108008150A8
:1063000070BD70B505460C462146284600F07AF966
:1063100008B900BFFEE704EB8400810005F1080026
:10632000405820F0200104EB8400820005F10800B1
:10633000815070BD70B504460D462946204600F0D8
:1063400061F908B900BFFEE705EB8500810004F1A3
:106350000800405820F0010105EB8500820004F19F
:1063600008008150002105EB8500820004F108003F
:10637000815005EB8500820004F10C00815005EB93
:106380008500820004F11000815005EB8500820039
:1063900004F1140081506068AA000F219140084365
:1063A000606070BD30B503461C688D0002FA05F5CB
:1063B0002C400CB1012000E0002030BD2DE9F0415F
:1063C00004460D4616462946204600F01BF908B93A
:1063D00000BFFEE705EB8500820004F11000316884
:1063E000815005EB8500820004F11400B1688150F2
:1063F000308A81B205EB8500820004F10C008150E7
:1064000005EB8500810004F10800475827F47C570C
:10641000F1687068084371690843074305EB85001C
:10642000810004F108004750307E01280ED105EBB1
:106430008500810004F10800405840F0400105EB60
:106440008500820004F1080081500DE005EB850015
:10645000810004F10800405820F0400105EB850060
:10646000820004F108008150707E01280ED105EBF6
:106470008500810004F10800405840F0800105EBE0
:106480008500820004F1080081500DE005EB8500D5
:10649000810004F10800405820F0800105EB8500E0
:1064A000820004F108008150B07E70B905EB8500D0
:1064B000810004F10800405820F0100105EB850030
:1064C000820004F1080081500DE005EB8500810099
:1064D00004F10800405840F0100105EB85008200EF
:1064E00004F108008150BDE8F08170B504460D4606
:1064F00016462946204600F085F808B900BFFEE799
:1065000005EB8500810004F108004058304305EB9D
:1065100085018A0004F10801885070BD10B54368F8
:106520008C0002FA04F42343436010BD70B50346A7
:1065300000BF00BF022A04D0042A11D0082A2DD19E
:106540001DE018688E0002FA06F600EA060501EB67
:106550008100860003F10800805900F002041FE06A
:1065600018688E0002FA06F600EA060501EB8100C3
:10657000860003F10800805900F0040410E0186858
:106580008E0002FA06F600EA060501EB810086009D
:1065900003F10800805900F0080401E000BFFEE7A5
:1065A00000BF15B10CB1012070BD0020FCE770B533
:1065B00006460C4615462146304600F023F808B939
:1065C00000BFFEE704EB8400810006F11400455093
:1065D00070BD70B505460C462146284600F012F8FD
:1065E00008B900BFFEE704EB8400810005F1080054
:1065F000405820F4804104EB8400820005F108003B
:10660000815070BD02460120034B9A4202D10429F9
:1066100000DD0020704700000004024008B900BF00
:10662000FEE700210160416001768160C160417632
:10663000016181764161704770B506460C4615468A
:1066400021463046FFF7DEFF08B900BFFEE7A9B2DA
:1066500004EB8400820006F10C00815070BD70B51F
:1066600005460C4628460BF0D5F9064634842846E4
:106670000BF0A0FA70BD70B5054628680BF0CAF99A
:1066800004462820005D20F0020128200155005D0D
:1066900020F0040128200155005D20F01001282081
:1066A0000155005D20F008012820015528680BF0F5
:1066B00081FA70BD10B5002440221D49002000F071
:1066C00063F81B48C46B1B4884422FD11A481849F1
:1066D00009880180194816494988018018481449D9
:1066E0008988018017481249897901701648104934
:1066F000B1F80710018015480D49497A0170144816
:106700000B49897A017013480949B1F80B100180CF
:1067100011480749B1F80D10018010480449B1F83B
:106720000F1001800E480249497C017010BD000025
:106730004C050020481255AA1C0000201E00002015
:10674000200000202200002024000020260000203D
:1067500027000020280000202A0000202C00002014
:106760002E0000207CB504460D4616464FF47A7084
:106770002B4601222146CDE90060A02000F00FFE4B
:10678000052010F077FE7CBD7CB504460D4616460C
:106790004FF47A702B4601222146CDE90060A020FB
:1067A00000F0B2FD7CBD000010B5194C4021194825
:1067B000FDF771FD174818490988018017490988B4
:1067C00041801749098881801649097881711649E5
:1067D0000988A0F807101549097841721449097809
:1067E000817214490988A0F80B1013490988A0F890
:1067F0000D1012490988A0F80F1011490978417449
:10680000C46340220146002000F01CF810BD0000C7
:10681000481255AA4C0500201C0000201E00002034
:10682000200000202200002024000020260000205C
:1068300027000020280000202A0000202C00002033
:106840002E0000202DE9F04705460F4614464FF074
:106850000008C146C24600262846E91705EB5171DB
:10686000C910A5EBC10101F0FF0ACAF10800C6B2C8
:106870002046E11704EB5171C1F3C708E11704EB9F
:106880005171C910A4EBC10101F0FF09BAF1000F69
:1068900022D1B8F1000F05D14A4639462846FFF704
:1068A00061FF54E008E0082239462846FFF75AFF06
:1068B00005F10800C5B20837B8F10000A8F10101E0
:1068C00001F0FF08EFD1B9F1000F40D04A46394638
:1068D0002846FFF747FF3AE0B8F1000F05D14A46D6
:1068E00039462846FFF73EFF31E0A01B84B2204620
:1068F000E11704EB5171C1F3C708E11704EB5171C3
:10690000C910A4EBC10101F0FF093EB1324639467E
:106910002846FFF727FFA819C5B2374408E0082228
:1069200039462846FFF71EFF05F10800C5B20837B3
:10693000B8F10000A8F1010101F0FF08EFD1B9F1B1
:10694000000F04D04A4639462846FFF70BFFBDE842
:10695000F0870000024908780021014A1170704751
:106960003300002010B540F203600FF0AFFF40F29B
:1069700003600FF0ABFF40F204600FF0A7FF40236D
:1069800003220421074800F078FA8023032204211F
:10699000044800F072FA012303220421024800F0A7
:1069A0006CFA10BD000C01400010014010B501222E
:1069B00011461E200FF0FAF9FFF7D4FF00F004F89B
:1069C00000F030FE10BD000000B587B040F202704C
:1069D0000FF07CFF1F4811F03DF80020ADF80400D7
:1069E000ADF80600ADF808004FF6FF7003900020E8
:1069F000ADF80A008DF8100001A9164811F0AAF8A8
:106A00000020ADF814000120ADF816000020ADF80C
:106A100018001020ADF81A0005AA00210D4811F049
:106A2000E5F805AA01210B4811F0E0F850210948CA
:106A300011F07FF900231A460321064811F0A0F94E
:106A40004021044811F07DF9024811F071F807B0B7
:106A500000BD00000008004070B504460D46002649
:106A6000207800F0010068B92068B5EB500F09D814
:106A70002946204600F020F8206820F00100401C44
:106A80002060261D304670BD10B50146002011B9AA
:106A9000084A10680CE00A1D0B6802EB5300031D46
:106AA000044C246804F58044A34200D3002000BFB6
:106AB00010BD00000004002030B501F0030212B147
:106AC00021F00301091D0A1D0368B2EB530F01D128
:106AD000026851080268B1EB520F0ED0031D5A181C
:106AE000146824F0010414600468C1EB5404241FEA
:106AF000156864F35F05156000BF026861F35F020B
:106B0000026030BD2DE9F84F04468846914694F85E
:106B1000580000F0010008B1BDE8F88FE5680026D4
:106B20004FF0010A4FF0010B00BF8DB994F85800E7
:106B3000C0F3001000B956B9BBF1000F00D1EBE76C
:106B40002046C04705464FF0000AD34600E0E3E781
:106B500016B92E4606B9DFE7BAF1000F06D029466E
:106B60002046C8470546B54200D1D5E74FF0010A97
:106B700005B9DAE728680AF05BFF00B900E0D4E75E
:106B800000BFE068A84200D1C6E7E068A8B1E168AC
:106B9000086800221021C3699847E168002208684C
:106BA0000D2106F065FC00900098012800D0B3E7A5
:106BB000E16808680AF0FEFF00BFE560E168086868
:106BC00000220F21C3699847E168002208680C2160
:106BD00006F04EFC0746012F00D09DE7E1680868EB
:106BE0000FF050F9E16808680AF0E4FFA06910B1FD
:106BF0002046A169884700BF8EE700002DE9FC47C9
:106C000080460E4616B90020BDE8FC87D8F80C4037
:106C10006069B04201D1A069F6E70025AEE005EB5E
:106C20008501A06850F82100301A019005EB85011C
:106C3000A06800EB810080880199884200D29BE027
:106C4000002705EB8501A06800EB8100807C00F047
:106C5000030040B905EB8501A06800EB8100C08806
:106C60000199471884E005EB8501A06800EB8100DD
:106C7000807C00F0030001280FD105EB8502A1689C
:106C800001EB8201C86805EB8502A16801EB820176
:106C9000C988019A825C8F186AE005EB8501A068BB
:106CA00000EB8100807C00F00300022827D13948E6
:106CB000009005EB8503A06800EB8300028A05EBDA
:106CC0008503A06800EB83000223816801A80DF012
:106CD000F5FF8146B9F1000F10D005EB8502A168E0
:106CE00001EB82018968A9EB0100400805EB8502F0
:106CF000A16801EB8201C9880F1800BF38E005EBDD
:106D00008501A06800EB8100807C00F0030003286F
:106D10002ED12048009005EB8503A06800EB83008E
:106D2000028A05EB8503A06800EB830002238168DB
:106D300001A80DF0C3FF8146B9F1000F17D005EB94
:106D40008503A26802EB83029268A9EB0200400867
:106D500005EB8503A26802EB8302D16805EB85038E
:106D6000A26802EB8302D2880B5CD71800BF00BF79
:106D70006661A761384647E7681C85B2608AC0F340
:106D80000900A8423FF74BAF66610020A06100BF39
:106D90003AE70000B18F01082DE9FC5F80460D46FF
:106DA0001646D8F80C704FF0000A788AC0F34030CD
:106DB000002841D1FC68A068C0F30160D8B9D4F8BC
:106DC000009005EB062080B2019027480090A06853
:106DD00020F07F420223494601A80DF06FFF834651
:106DE000BBF1000F06D0ABEB09004008616811F958
:106DF00000A000BF1FE0A068C0F3016001281AD105
:106E0000D4F8009005EB0620019018480090A06887
:106E100020F07F420423494601A80DF04FFF83462E
:106E2000BBF1000F06D0ABEB09000009616811F956
:106E300000A000BF00BF13E0F8684368595D4368D5
:106E40009A5D00290BDD002A09DD531E4C1E90F8C7
:106E50000DC004FB0C330468E35C4FFA83FA00BFF7
:106E60005046BDE8FC9F0000B97400089974000802
:106E70000AB1016100E041617047F0B50446164671
:106E80000025002201F00F0501F0100747B1042E84
:106E900005D145F00305E76B1F43E76300E0354389
:106EA00000201EE0012787401F40C7B122684FEA3B
:106EB000800C0F2707FA0CF7BA43870005FA07F78B
:106EC0003A43282904D1012787401F40676105E024
:106ED000482903D1012787401F4027612260471CB2
:106EE000B8B20828DED3082022E0012787401F40DF
:106EF000E7B16268A0F108074FEA870C0F2707FA8D
:106F00000CF7BA43A0F10807BF0005FA07F73A43A8
:106F1000282904D1012787401F40676105E04829DF
:106F200003D1012787401F4027616260471CB8B228
:106F30001028DAD3F0BD02469068084008B101205D
:106F400070470020FCE70246D068084008B10120E5
:106F500070470020FCE70000F0B50A46002300243B
:106F60000021002500F00046B6F1004F02D11D4E71
:106F7000F16901E01B4E7168C0F3034583B200F470
:106F80004016B6F5401F08D121F0E061154E766835
:106F900026F0E066134F7E6012E000F48016B6F52E
:106FA000801F06D1032606FA05F4A14341F0E061F3
:106FB00006E0460D360103FA06F6B14341F0E06102
:106FC00022B1460D360103FA06F6314300F00046C1
:106FD000B6F1004F02D1034EF16101E0014E716044
:106FE000F0BD00000000014010B5002440210A4817
:106FF000FFF7A1FF044380210748FFF79CFF44EA05
:107000004000C4B24FF480710348FFF794FF44EA94
:107010008000C4B2204610BD0010014010B540F2FF
:1070200004600FF053FC40F204600FF04FFC40F29C
:1070300004600FF04BFC4FF4C0600FF047FC0121DF
:107040000C48FFF789FF4023032204210A48FFF779
:1070500014FF8023032204210748FFF70EFF4FF49B
:107060008073032204210448FFF707FF00F090F823
:1070700010BD0000000C1A000010014010B52DEDED
:10708000068BB0EE408AB0EE480AFDF7A9F8F0EEA4
:10709000408AB0EE480AFDF767F8B0EE409A3648ED
:1070A000D0ED150AB0EE600AFDF79AF8F0EE409ABE
:1070B0003148D0ED150AB0EE600AFDF755F8B0EE94
:1070C00040AA28EE8A0A09EE690A2B4880ED190ABF
:1070D00090ED180AD0ED190A30EE200A80ED180A5A
:1070E00090ED190ADFED250A20EE200AD0ED180AEE
:1070F0009FED231A01EE200A80ED160A90ED150A85
:10710000D0ED160A9FED1F1A00EE810A80ED150AD8
:1071100090ED150ADFED1C0AB4EEE00AF1EE10FA6C
:1071200008DD90ED150ADFED180A30EE600A80EDFB
:10713000150A0FE0104890ED150AB5EEC00AF1EE01
:1071400010FA07D290ED150ADFED0F0A30EE200A93
:1071500080ED150A084890ED160AD0ED170A70EE7A
:10716000600A90ED170A9FED091A01EE200A80EDE2
:10717000170ABDEC068B10BD807300200000FA4397
:1071800001007A406F128338DB0FC9400AD7A33B56
:1071900000B587B040F201700FF098FB354810F051
:1071A00059FC7720ADF804000020ADF80600ADF8DA
:1071B00008004FF6FF7003900020ADF80A008DF82C
:1071C000100001A92B4810F0C5FC0020ADF81400F8
:1071D0000320ADF816000020ADF81800ADF81A0035
:1071E00005AA0021234810F001FD0020ADF814008D
:1071F0000320ADF816000020ADF81800ADF81A0015
:1072000005AA01211B4810F0F1FC0020ADF8140084
:107210000320ADF816000020ADF81800ADF81A00F4
:1072200005AA0221134810F0E1FC4021114810F09A
:1072300080FD04210F4810F0C3FD00210D4810F01F
:107240007CFC0C4810F0F4F902210A4810F07DFD96
:107250000121084810F079FD0221064810F071FD67
:107260000121044810F06DFD024810F061FC07B0E8
:1072700000BD00000004004001460020302905DB6D
:10728000392903DCA1F13002D0B21CE0612902DB14
:10729000A1F12002D1B2A1F14102062A10D2DFE809
:1072A00002F0030507090B0D0A200BE00B2009E093
:1072B0000C2007E00D2005E00E2003E00F2001E088
:1072C000002000BF00BF704710B540F203600FF010
:1072D000FDFA4FF48073032210210A48FFF7CDFD19
:1072E0004FF40073032214210648FFF7C6FD012264
:1072F00051020448FFF7BCFD012211020148FFF7CB
:10730000B7FD10BD000C01402DE9F04704460D46C5
:1073100090461E46DDE9087924F001040FF046FC92
:10732000E0B20FF00FFC48460FF084FC012801D1B9
:10733000BDE8F087B8F1100F08D1280A0FF002FC61
:1073400048460FF077FC012800D1F1E7E8B20FF0D2
:10735000F9FB48460FF06EFC012800D1E8E70FF07A
:1073600025FC44F00104E0B20FF0ECFB48460FF0BE
:1073700061FC012800D1DBE70BE00FF0B5FB3070BA
:10738000761C781E87B217B90FF08EFB01E00FF064
:1073900069FB002FF1D10FF029FC0020C8E72DE98F
:1073A000F04704460D4617461E46DDE9088924F0DD
:1073B00001040FF0FBFBE0B20FF0C4FB48460FF0F6
:1073C00039FC012801D1BDE8F087102F08D1280A27
:1073D0000FF0B8FB48460FF02DFC012800D1F2E772
:1073E000E8B20FF0AFFB48460FF024FC012800D1B3
:1073F000E9E710E030780FF0A5FB48460FF01AFCE3
:10740000012800D1DFE7761CA8F101001FFA80F8FF
:107410000A20FEF7C5FEB8F1000FEBD10FF0E6FB36
:107420000020D0E79FED040A80ED000A9FED020ADC
:1074300080ED080A704700000000000010B500222F
:10744000114618200EF0B2FC0222002112200EF08C
:10745000ADFC012211461D200EF0A8FC10BD90EDE0
:107460000A0AD0ED020A20EE200AD0ED0B0A90EDB8
:10747000011A00EEC10A80ED0C0A90ED0A0AD0ED67
:10748000010A20EE200AD0ED0B0A90ED021A00EE60
:10749000810A80ED0D0A704730B5024614460B464E
:1074A00020881D88A84203D020881D88401B30BD3D
:1074B00060885D88401BFAE730B5024614460B46EB
:1074C00020781D78A84203D020781D78401B30BD5D
:1074D00060785D78401BFAE770B50546344800EBEC
:1074E000051420688047002840D12079052802DA59
:1074F000052020715AE020790A2803DA2079401CFF
:10750000207153E0A07A38B90120A07205EB450143
:10751000491CC8B200F068F82089002846DDE088E0
:10752000218988420FDAE088401CE080E0882189C8
:1075300088423BDB05EB4501C91CC8B200F054F89A
:107540000120607332E0E07A00282FDD207B401CB0
:107550002073207BE17A884228DB0020207305EB32
:107560004501491CC8B200F03FF81FE0207905280A
:1075700002DD0520207116E02079002803DD207946
:10758000401E20710FE0A07A01280CD10020A072CB
:10759000607B10B10020607305E005EB4501891C9C
:1075A000C8B200F021F80020E080207370BD000018
:1075B000F40500200B4880780A4AD278904201D125
:1075C00000207047074882788078401C054B9870EF
:1075D0001846815C8078022802DB00201A469070F1
:1075E0000846EEE7340000200749CA78C978491CEC
:1075F000054BD97019468854C978022902DB00214D
:107600001A46D170704700003400002010B50024E5
:1076100000BF04E02046FFF75FFF601CC4B2012CEE
:10762000F8DB10BD00200021134A9170D17000BF1B
:107630001CE06421114A02EB0012118102210F4A61
:1076400002EB0012117100210C4A02EB0012917240
:107650000A4A02EB0012D172084A02EB00121173BF
:10766000064A02EB00125173411CC8B20128E0DB4C
:107670000349024A1160704734000020F4050020DD
:10768000E545000870B504460D460F480FF0B2FB03
:107690004FF400610C480FF0F7FB0B480FF0EFFBC5
:1076A00001210A48FEF7FBFD2A4601210748FEF7A3
:1076B000C3FF224601210548FEF779FF0121034857
:1076C000FEF706FE70BD0000003C004000040240D2
:1076D00010B540F205600FF0F9F840F204600FF0C9
:1076E000F5F840F202600FF0F1F84FF4C0600FF0CF
:1076F000EDF801211848FFF72FFC18490B681849CD
:10770000032208681021FFF7B8FB14494B6814499D
:10771000032248681021FFF7B0FB10498B6810491D
:10772000032288681021FFF7A8FB0C4A11680C4A55
:1077300010680122FFF79CFB084A5168084A50680C
:107740000122FFF795FB054A9168054A90680122DE
:10775000FFF78EFB10BD0000000230004400002047
:1077600038000020034951F82010034A52F8202025
:10777000116170474400002038000020034951F88F
:107780002010034A52F82020516170474400002025
:107790003800002070B504460A4A52F824100A4AFC
:1077A00052F82400FFF7CFFBC0F10100C5B2054A33
:1077B00052F82410044A52F824002A46FFF758FBD6
:1077C00070BD0000440000203800002010B52421C6
:1077D000064809F0B0F90CF051FF05490860002394
:1077E00003221E2103480CF083FD10BDF809002080
:1077F000EC030020C956000870B50546686818B14A
:10780000D5E9000100F024F80F4809F09FF904467B
:107810000CB900BFFEE704B970BD95F8200020F058
:10782000040085F82000242229462046FCF71AFD92
:10783000606820B1238A19B2D4E900029047012080
:107840000249087000BFE7E7F8090020F0030020B4
:107850002DE9F04107460D464FF00008104809F0A9
:107860004BF9044617E021460D4809F04AF906464F
:107870002068B8420ED16068A84200D055B92146B0
:10788000074809F020FA204609F088FA0120054946
:10789000087080463446002CE5D14046BDE8F081B2
:1078A000F8090020F003002010B50146088BB1F95B
:1078B0001A40A04202D14FF4806205E0B1F91A00EB
:1078C00080020C8B90FBF4F2D1E90440001B00FB1A
:1078D00002F39B120869034418B210BD30B5044688
:1078E0000B46981A002801DD981A00E0D01A0546C8
:1078F0004FF47A70684390FBF4F1B1F5803F01D307
:107900004FF6FF7101B9491C88B230BD0A680260A8
:107910004A68426070470A6802604A68426070477D
:107920000A6802604A68426070470A6802604A68F2
:10793000426070470A6802604A68426070470146C8
:10794000C8884A88801A401C00B270470146C8881F
:107950004A88801A401C00B270470146C8884A888D
:10796000801A401C00B270470146C8884A88801AB5
:10797000401C00B2704710B50146B1F90420B1F9BE
:107980000030D21A521CB1F90630B1F902401B1B6B
:107990005B1C02FB03F010BD014688880A88801A30
:1079A000401C00B27047014688880A88801A401C33
:1079B00000B27047014688880A88801A401C00B2CD
:1079C0007047014688880A88801A401C00B27047B8
:1079D000014688880A88801A401C00B27047014618
:1079E00088880A88801A401C00B27047014688883F
:1079F0000A88801A401C00B2704730B50346B1F9BE
:107A00000040B2F90050AC4202DDB1F9004001E0A3
:107A1000B2F900401C80B1F90240B2F90250AC4208
:107A200002DDB1F9024001E0B2F902405C80B1F937
:107A30000440B2F90450AC4202DAB1F9044001E06A
:107A4000B2F904409C80B1F90640B2F90650AC424C
:107A500002DAB1F9064001E0B2F90640DC8001200B
:107A6000B3F90040B3F90450AC4205DCB3F902406D
:107A7000B3F90650AC4200DD002030BD10B502461F
:107A80000020B2F90030B1F90040A34212DBB2F994
:107A90000230B1F90240A3420CDBB2F90430B1F973
:107AA0000440A34206DCB2F90630B1F90640A34215
:107AB00000DC012010BD0246B2F90000B1F904302B
:107AC000984213DCB2F90400B1F9003098420DDBA2
:107AD000B2F90200B1F90630984207DCB2F90600AB
:107AE000B1F90230984201DB012070470020FCE729
:107AF00010B5B1F90030B2F90040A34202DAB1F991
:107B0000003001E0B2F900300380B1F90230B2F97F
:107B10000240A34202DAB1F9023001E0B2F90230C8
:107B20004380B1F90430B2F90440A34202DDB1F957
:107B3000043001E0B2F904308380B1F90630B2F9C3
:107B40000640A34202DDB1F9063001E0B2F9063089
:107B5000C38010BD10B5029C018042808380C48028
:107B600010BD42880A44521E12B2C2807047F0B55E
:107B700003460C46154600BF98881988401A401CD9
:107B800000B2064600BFD8885988401A401C00B28F
:107B900007461C805D803146184600F005F83946DE
:107BA0001846FFF7DEFFF0BD02880A44521E12B2EB
:107BB0008280704770B505460C46284609F02AFFBA
:107BC00006467481284609F0F5FF70BD70B504467D
:107BD000206809F01FFF05464FF0FF306881B5F9B6
:107BE00008100022206800F08BFA70BD2DE9F041EA
:107BF00080460E463146404609F0CCFC07460FB998
:107C000000BFFEE717B90020BDE8F08139480068E1
:107C100020B9384609F036FF364908603648006812
:107C200020B9384609F0C4FE3349086014213846AB
:107C300009F09DFC04460CB900BFFEE70CB900201A
:107C4000E2E7002060806420A08000202080C8201F
:107C5000A0810020E0802081401E60810020A07370
:107C600026482061264938460AF064F925493846F5
:107C70000AF07FF816BB002138460AF071F821227D
:107C8000C82138460AF058F9B4F9001000223846E5
:107C900000F036FA0CF0DEFC054655B100213846FE
:107CA0006A6D00F013FA01213846AA6D00F00EFA51
:107CB00003E0154938460AF08EF919E0304609F01C
:107CC000A9FE054668886080A888A0802888208052
:107CD00028692061A87B00F00100A07338460AF0F3
:107CE00031F8B4F900100022384600F009FA00BF5C
:107CF000384689E7400400203C0400205408002056
:107D0000D98100080D7D0008180800202DE9F04FEA
:107D10008FB080468A469146B9F1020F08D14A4693
:107D200051464046C34B1B6898470FB0BDE8F08FE3
:107D3000B9F1000F7ED1404609F080FE83464046EF
:107D400009F09FFF98B10021404600F075F9054603
:107D5000294668460CF00AF80021ADF80C105B4685
:107D60006A46514608F1100002F081FD05E04A46DE
:107D700051464046AF4B1B689847404609F04AFEC3
:107D80000446B4F90010B4F90200814208D1A07B86
:107D900000F0010020B9B4F90600401C00287DD095
:107DA0000121404600F048F905460DA8D8F810100A
:107DB0000160D8F81410416000BFBDF83410688B22
:107DC000084400B2ADF83400BDF83810A88B081A8A
:107DD00000B2ADF83800BDF83610E88A084400B2A9
:107DE000ADF83600BDF83A10288B081A00B2ADF88D
:107DF0003A0000BFBDF83800BDF83410401A401CEE
:107E000000B2064600BFBDF83A00BDF83610401A71
:107E1000401C00B20746BE4273DBB4F90A00401CA6
:107E200048B3B4F90620B4F90230D21A7243B4F957
:107E3000043000E0DBE0B4F902C0A3EB0C0392FBDA
:107E4000F3F210B2B4F90820B4F90230D21A724336
:107E5000B4F90430B4F902C0A3EB0C0392FBF3F2C3
:107E600011B20A1AB4F90A305A4300EB222212B2B4
:107E7000ADF838200FE0B4F90000B4F90210401A50
:107E80007043B4F90410B4F90220891A90FBF1F0A0
:107E900000B2ADF83800BDF8340000E0A6E0BDF84F
:107EA00038100844401E00B2ADF83800A07B00F046
:107EB0000100002823D0B4F9020000281FDAB4F929
:107EC000040000281BDDB4F90410B4F902208A1A5A
:107ED000B4F902104942714391FBF2F1BDF834202C
:107EE000114408B2BDF93810814202DDADF834000A
:107EF00005E0BDF83810ADF83410ADF838006EE08C
:107F0000FFE7B4F90A00401C38B3B4F90620B4F90D
:107F10000230D21A7A43B4F90430B4F902C0A3EBA8
:107F20000C0392FBF3F210B2B4F90820B4F902305A
:107F3000D21A7A43B4F90430B4F902C0A3EB0C03AB
:107F400092FBF3F211B20A1AB4F90A305A4300EB69
:107F5000222212B2ADF836200FE0B4F90000B4F9D5
:107F60000210401A7843B4F90410B4F90220891AB7
:107F700090FBF1F000B2ADF83600BDF83A00BDF864
:107F80003610401A401C00B2ADF83600A07B00F05D
:107F9000010020B3B4F90200002820DAB4F904008B
:107FA00000281CDDB4F90410B4F902208A1AB4F9CF
:107FB00002104942794391FBF2F1BDF83A20511A7F
:107FC00008B2BDF93610814202DAADF83A0005E098
:107FD000BDF83610ADF83A10ADF8360000BF5B467C
:107FE0002A4651460DA802F042FC00BF20E0B9F13C
:107FF000010F1DD1404609F044FEC8B1404609F0CA
:108000001DFD04460021404600F016F805462946AD
:1080100068460BF0ABFE00218DF80810ADF8121089
:1080200023466A46514608F1100002F020FC00BFCA
:1080300001207AE63C0400202DE9F04105460C467B
:108040000026284609F0E6FC074614B1012C07D1AA
:1080500004E0284609F01AFD064603E03E6901E007
:10806000002600BF00BF3046BDE8F0812DE9F04199
:1080700007460D461646384609F0CCFC0446B4F9CE
:108080000200A84205D1B4F90400B04201D1BDE814
:10809000F081A6806580B4F90000B04206DD26803C
:1080A000B4F900100022384600F02AF8B4F90000B4
:1080B000A84206DA2580B4F900100022384600F004
:1080C0001FF8384609F076FD00BFE0E72DE9F041E2
:1080D00006460D461446304609F09CFC074615B18D
:1080E000012D0AD104E02146304609F074FF04E076
:1080F0003C61304609F019FE00BF00BFBDE8F081C9
:108100002DE9F0418AB007460E469046384609F000
:1081100081FC0446B4F90000B04202D10AB0BDE8C7
:10812000F081B4F90400B04202DAB4F9040000E0CE
:1081300030460546B4F90200A84202DDB4F9020057
:1081400000E028460546B4F90000A84200D1E5E762
:10815000B8F1000F04D12580384609F02BFD33E03B
:10816000B4F90A00401C18B92088E080258102E09B
:108170002089E08025810197002005904FF48070D0
:108180000690124802901248039012480490002072
:10819000ADF81E00A08980B2ADF81C009DF8240047
:1081A00020F001008DF824000020ADF820009DF89B
:1081B000240020F002008DF824000020ADF82200F9
:1081C00001A8FFF719FB00BF00BFA7E7B57B0008B8
:1081D000A9780008CD7B00082DE9F04104460D4642
:1081E0001646324629462046164B1B6898470746D6
:1081F000012F02D03846BDE8F081052D0ED10121B6
:108200002046FFF719FF8046B8F91200B4F9341080
:10821000884202DDB8F81200A08611E0062D0FD1C9
:108220003146002005E051F8202002B903E0421C4D
:10823000D0B20728F7DB00BF03A241F8202000BF1F
:108240003846D8E7400400206C765F626172000017
:108250002DE9F04780460F463946404600F0E4FBE2
:1082600006460EB900BFFEE716B90020BDE8F0874C
:108270004148006820B9304609F004FC3E490860D6
:108280003E48006820B9304609F092FB3B4908603F
:108290001C21304609F06BF904460CB900BFFEE71B
:1082A0000CB90020E2E7207E20F007002076344859
:1082B00060603449A1603449E16034492161344946
:1082C0006161207E20F0080020763249304609F0B6
:1082D00031FE3149304609F04CFD8FBBB8F1000F3B
:1082E00007D04FF001094946304601F047F900BF79
:1082F00000BF0121304609F033FD0CF0ABF9054613
:10830000CDB1002130462A6900F097F801213046AE
:108310006A6900F092F802213046AA6900F08DF8EF
:1083200003213046EA6900F088F8042130462A6AC1
:1083300000F083F803E03046616809F04CFE18E075
:10834000FFE7384609F066FB0546287E217E60F38C
:1083500002012176287EC108207E61F3C3002076C9
:108360001422291D201DFBF77DFF304609F0EAFC91
:1083700000BF30467AE70000440400204804002093
:1083800090080020CC0800200809002044090020A3
:1083900080090020898400089D83000870B5054687
:1083A0000E461446022C01D1002070BD34B922467D
:1083B00031462846064B1B68984707E0012C05D13B
:1083C000224631462846024B1B6898470120ECE7BD
:1083D0004804002070B50446204609F01BFB054602
:1083E000287E00F0070070BD70B50446204609F0F5
:1083F00011FB0546287EC0F3C00070BD70B5044671
:108400000D462946204601F0B9F870BD70B5064604
:108410000C46304609F0FEFA0546287E00F00700BB
:10842000A04209D0287E64F302002876281D50F867
:108430002410304609F0CFFD70BD2DE9F04107460C
:108440000E461546384609F0E5FA0446052E0ED2CA
:10845000DFE806F0030507090B00656007E0A5608B
:1084600005E0E56003E0256101E0656100BF00BF54
:10847000207E00F00702201D50F82210384609F037
:10848000AAFDBDE8F08100002DE9F84F82460D46B7
:108490009046424629465046824B1B6898470746FD
:1084A000012F02D03846BDE8F88F504609F0B2FAE5
:1084B00004465046FFF798FF0646072D12D1207E4E
:1084C00000F0070020B901215046FFF79FFFE7E0C9
:1084D000207E00F007000228F9D103215046FFF763
:1084E00095FFDDE0092D13D1207E00F00700012863
:1084F00004D100215046FFF789FFD1E0207E00F033
:1085000007000328E3D102215046FFF77FFFC7E0B1
:10851000082D18D1404606F06BFB0028D7D0207EEE
:1085200000F00700012804D100215046FFF76EFF3C
:10853000B6E0207E00F007000328C8D10221504693
:10854000FFF764FFACE00A2D5CD1404606F050FB1B
:10855000F0BB00200090207E00F00700012807D12A
:1085600036B900215046FFF751FF0020009027E068
:10857000207E00F00700032807D136B902215046BB
:10858000FFF744FF012000901AE0207E00F0070072
:10859000012808D1012E06D102215046FFF736FFEF
:1085A000012000900CE0207E00F00700032807D196
:1085B000012E05D100215046FFF728FF0020009032
:1085C0005EB16A460E21504604F052FF074600E0B5
:1085D00004E0012F01D0384665E761E0207E00F01D
:1085E0000700012804D100215046FFF70FFF57E094
:1085F000207E00F00700032852D102215046FFF7E9
:1086000005FF4DE0112D38D198F80090B9F1130F06
:1086100002D0B9F1110F14D15046FFF7E5FE58B35F
:1086200002215046FFF7F2FE012000906A460E211B
:10863000504604F01DFF0746012F01D0384632E7AF
:108640001AE0B9F1140F02D0B9F1120F14D150464B
:10865000FFF7CAFE80B100215046FFF7D7FE002089
:1086600000906A460E21504604F002FF0746012F93
:1086700001D0384617E700BF12E08DB1062D0FD1AB
:108680004146002005E051F8202002B903E0421CD9
:10869000D0B20728F7DB00BF03A241F8202000BFBB
:1086A000384600E7440400206C765F62746E000078
:1086B0000146B1F90200B1F90020904201DC01202D
:1086C00070470020FCE7028000234380C2F10103D1
:1086D0001BB20B8070474288521C12B24280B1F923
:1086E0000020002A07DC0B8842885200521C1A44E2
:1086F00012B20A800CE00288521E12B20280428836
:108700000388D21A5200521C0B881A4412B20A80F3
:1087100070473CB50146C1F30740C1F30722CBB215
:10872000DD08BDF8004065F3040400949508BDF829
:10873000004065F34A140094C508BDF8004065F395
:10874000CF240094BDF800502C460194BDF80420BD
:1087500010463CBD2DE9F04F85B08246894614464F
:10876000CAEB0A204FF4B471B0FBF1F01FFA80FAA3
:10877000C9EB0920642190FBF1F000F0FF09C4EB84
:10878000042090FBF1F0C4B2B9F1000F0ED12546E0
:108790002646274622462146204600F072F80090E1
:1087A000BDF80010084605B0BDE8F08F2B209AFBFD
:1087B000F0F0C0B204902B21049810FB01F0AAEB5A
:1087C000000000EB40004006000E0390C9F1FF00DE
:1087D00060434FEA2028039809FB00F0FF21A1EB3A
:1087E00020206043001202900398C0F1FF0000FBBC
:1087F00009F0A1EB202060434FEA202B04980528C4
:1088000018D2DFE800F003070B0F130025465E4681
:10881000474613E0029D264647460FE0454626465A
:108820005F460BE04546029E274607E05D4646460A
:10883000274603E025464646029F00BF00BF3A4652
:108840003146284600F01DF80190BDF80410084696
:10885000A9E718B50346D408BDF8000064F3040086
:1088600000908C08BDF8000064F34A100090DC080A
:10887000BDF8000064F3CF200090BDF80040204612
:1088800018BD18B50346D408BDF8000064F3040011
:1088900000908C08BDF8000064F34A100090DC08DA
:1088A000BDF8000064F3CF200090BDF800402046E2
:1088B00018BD07B581B0BDF80800C00AC2F1FF01BC
:1088C0004843BDF80410C90A01FB0200010ABDF8C3
:1088D000000061F3CF200090BDF80800C0F3451000
:1088E000C2F1FF014843BDF80410C1F3451101FB7B
:1088F0000200010ABDF8000061F34A100090BDF8C3
:10890000080000F01F00C2F1FF014843BDF8041049
:1089100001F01F0101FB0200010ABDF8000061F334
:1089200004000090BDF80010084604B000BD07B573
:1089300081B0BDF80800C00AC2F1FF014843BDF88C
:108940000410C90A01FB0200010ABDF8000061F32E
:10895000CF200090BDF80800C0F34510C2F1FF0120
:108960004843BDF80410C1F3451101FB0200010AA0
:10897000BDF8000061F34A100090BDF8080000F057
:108980001F00C2F1FF014843BDF8041001F01F01B0
:1089900001FB0200010ABDF8000061F30400009031
:1089A000BDF80010084604B000BD07B581B0BDF8A1
:1089B0000800C00AC2F1FF014843BDF80410C90A0B
:1089C00001FB0200010ABDF8000061F3CF20009016
:1089D000BDF80800C0F34510C2F1FF014843BDF8DF
:1089E0000410C1F3451101FB0200010ABDF80000AB
:1089F00061F34A100090BDF8080000F01F00C2F1BA
:108A0000FF014843BDF8041001F01F0101FB020003
:108A1000010ABDF8000061F304000090BDF80010E9
:108A2000084604B000BD00002DE9F04180460E4626
:108A30003146404608F0AEFD07460FB900BFFEE7DD
:108A400017B90020BDE8F0813348006820B93846E6
:108A500009F018F8304908600221384608F087FD0F
:108A6000384608F0D7FF04460CB90020EAE70CB9F5
:108A700000BFFEE7207820F030002070207820F042
:108A8000C0002070607820F003006070607820F0F3
:108A90000C006070207820F00F0020701F493846CD
:108AA00009F048FA96B9B8F1000F33D00BF0D2FDB7
:108AB00005462DB100213846EA6800F077FD04E054
:108AC000174A0021384600F071FD23E0304608F0D7
:108AD000A1FF054628780109207861F30510207070
:108AE00028788109207861F3871020706878617890
:108AF00060F30101617068788108607861F3830038
:108B000060702878217860F303012170384609F0FD
:108B100019F900BF384695E74C040020C1950008BC
:108B20001808002070B50446204608F073FF05467B
:108B30002878C0F3011070BD70B50446204608F0D7
:108B400069FF0546687800F0030070BD70B5044603
:108B5000204608F05FFF0546287800F00F0070BD42
:108B60002DE9F84F0446204608F090FF07464FF0E5
:108B700000090026201D07F0BFFF054619E0284622
:108B800008F056FF20B90421284609F087F800B103
:108B90000AE0284608F044FF0146F88B08443044B8
:108BA00006B209F1010900BF2946201D07F0A9FFFF
:108BB0000546002DE3D1B9F1000F01D1BDE8F88FD2
:108BC000F88B301A06B20121204609F0ADF9304683
:108BD00006EBD071491049420FFA81F8201D07F0C9
:108BE000A5FF05462AE0284608F022FF20B9042107
:108BF000284609F053F800B11BE0284608F010FFA2
:108C0000824600EBDA7008EB60000FFA80FB00236D
:108C10001A4621462846CDF800B008F053F92846F8
:108C200008F0FEFE0146F88B084440440FFA80F835
:108C300000BF2946201D07F06FFF0546002DD2D149
:108C40000121204608F09DFC00BFB7E72DE9F84F51
:108C500006463046FFF77AFF8246304608F016FF98
:108C60008046BAF1020F06D0BAF1030F07D0BAF16D
:108C7000040F0DD106E0B8F91A5001240BE00025CD
:108C8000022408E0B8F81C00404205B2032402E0C8
:108C90000025012400BF00BF0121304609F044F93E
:108CA000B8F91690301D07F041FF074621E038461D
:108CB00008F0BEFE20B90421384608F0EFFF00B1ED
:108CC00012E02B46224631463846CDF8009008F097
:108CD000F9F8384608F0A4FE0146B8F81E0008442A
:108CE00048440FFA80F900BF3946301D07F014FFE1
:108CF0000746002FDBD10121304608F042FCBDE8D9
:108D0000F88F2DE9F04F87B08146484608F0BEFE47
:108D10000446484608F01EFF06900021484608F029
:108D20001CFE019008F016FF0546484608F01AFFA1
:108D300005900021484608F010FE019008F070FEF2
:108D40000490B4F91E004119059890FBF1F086B229
:108D5000012E09DD059806FB1501701E91FBF0F050
:108D600028440FFA80F80AE0069901EBD1725210FC
:108D7000284605EBD073A2EB63020FFA82F8E18B71
:108D80000498084400B203900121484609F0CCF849
:108D9000B4F91AA0B4F916B00020029009F1040049
:108DA00007F0C4FE074630E0384608F041FE20B91F
:108DB0000421384608F072FF00B120E0012E09DDE1
:108DC0005A465146384609F05EF80AEB08000FFA99
:108DD00080FA04E05A464146384609F054F80298B1
:108DE000401C80B202900298B04207DB0020029043
:108DF000B4F91AA0039858440FFA80FB00BF394613
:108E000009F1040007F088FE0746002FCCD10121AC
:108E1000484608F0B6FB07B0BDE8F08F2DE9F04FEB
:108E200089B00546284608F031FE8046284608F0FD
:108E300091FE0790B8F91690281D07F077FE0646B8
:108E400016B909B0BDE8F08F0121284609F06CF889
:108E50003446FBE04FF0000AB8F81A10B8F81C00CE
:108E6000084400B20690002700BF204608F0E0FD4D
:108E700088BB0421204608F011FF60BB204608F0A3
:108E800069FE069901440798814207DD2CB127B19C
:108E90002146281D07F035FE044626E0204608F04E
:108EA00059FE0146B8F81E0001440698084400B275
:108EB0000690204608F0B4FD504501DA504602E025
:108EC000204608F0ADFD82467F1C0821204608F0B0
:108ED000E5FE00B109E0FFE72146281D07F01CFE72
:108EE000044607B92646002CBFD100BF77B9002C35
:108EF0000BD00023022229462046CDF8009007F02F
:108F0000E1FF204608F08CFD824690E0012F08D159
:108F10000023022229463046CDF8009007F0D2FF08
:108F200085E0022F3ED105963146281D07F0F4FD5D
:108F30000490059808F00EFE8346049808F00AFE97
:108F4000584400B20690DDE90610401A032190FB58
:108F5000F1F000B20390059808F062FDAAEB000B57
:108F60000BEBDB7009EB600000B202900090012275
:108F70002946039B059807F0A5FF049808F050FDCB
:108F8000AAEB000B0BEBDB7009EB600000B2029068
:108F900000900398404203B203222946049807F048
:108FA00091FF44E0B8F91E10069801FB170000B2CB
:108FB0000690DDE90610411A781EB1FBF0F000B210
:108FC0000590B8F91AB008962CE0089808F030FD22
:108FD000F8B90421089808F061FED0B9089808F0A3
:108FE0001FFDAAEB0000049000EBD07009EB6000BD
:108FF00000B203905B46012229460090089807F0D2
:1090000061FF089808F0A6FD0599084458440FFA36
:1090100080FB0898A04200D107E0281D089907F0BE
:109020007BFD089008980028CFD100BF00BF04B98D
:109030000FE0B8F81E00504448440FFA80F921466A
:10904000281D07F069FD0646344600BF002E7FF458
:1090500001AF00BF0121284608F093FA00BFF0E6F7
:109060002DE9F84F06463046FFF770FD8246304640
:1090700008F00CFD8046BAF1050F06D0BAF1060FD4
:1090800007D0BAF1070F0DD106E0B8F91650012448
:109090000BE00025072408E0B8F81800404205B2AC
:1090A000042402E00025012400BF00BF0121304656
:1090B00008F03AFFB8F91A90301D07F037FD07465F
:1090C00020E0384608F0B4FC20B90421384608F006
:1090D000E5FD00B111E04B46224631463846009589
:1090E00007F0F0FE384608F035FD0146B8F81E00DE
:1090F000084448440FFA80F900BF3946301D07F094
:109100000BFD0746002FDCD10121304608F039FA6B
:10911000BDE8F88F2DE9F04788B00546284608F0ED
:1091200079FC06463078C0F3011068B930788009C0
:1091300050B9707800F0030030B97078C0F3810046
:1091400010B908B0BDE8F087284608F09FFC8046BB
:10915000284608F087FC8246504608F097FC814676
:109160000AF1100102A8FEF7E0FBBDF80810B9F8FB
:109170001A00084400B2ADF80800BDF80C10B9F8A8
:109180001C00081A00B2ADF80C00BDF80A10B9F8BE
:109190001600084400B2ADF80A00BDF80E10B9F888
:1091A0001800081A00B2ADF80E0004A9284608F00D
:1091B000F6FB06A9284608F0F2FB281D07F042FD41
:1091C00080F00107002F71D047F61840ADF8180065
:1091D000ADF81A0048F2E830ADF81C00ADF81E00FA
:1091E000281D07F089FC04463EE0204608F020FCDC
:1091F00000B134E0BDF91800B4F91010884202DA69
:10920000BDF9180001E0B4F91000ADF81800BDF97F
:109210001A10B4F91200814202DABDF91A0001E015
:10922000B4F91200ADF81A00BDF91C10B4F914001D
:10923000814202DDBDF91C0001E0B4F91400ADF873
:109240001C00BDF91E10B4F91600814202DDBDF903
:109250001E0001E0B4F91600ADF81E0000BF214663
:10926000281D07F04EFC0446002CBED1BDF8181096
:10927000B8F81A00081A00B2ADF81800BDF81C10B2
:10928000B8F81C00084400B2ADF81C00BDF81A1074
:10929000B8F81600081A00B2ADF81A00BDF81E1092
:1092A000B8F81800084400B2ADF81E0004A96846DA
:1092B000FEF73BFB3078C0F30110012804D00228F0
:1092C00007D003281CD109E0BDF81800ADF8000054
:1092D00017E0BDF80800ADF8000012E05FB1BDF97D
:1092E0001800BDF90810884202DABDF9180004E040
:1092F000BDF9080001E0BDF90800ADF8000000E08C
:1093000000BF00BF30788009012804D0022807D0B0
:1093100003281CD109E0BDF81C00ADF8040017E0DB
:10932000BDF80C00ADF8040012E05FB1BDF91C00FF
:10933000BDF90C10884202DDBDF91C0004E0BDF946
:109340000C0001E0BDF90C00ADF8040000E000BF26
:1093500000BF707800F00300012804D0022807D075
:1093600003281CD109E0BDF81A00ADF8020017E08F
:10937000BDF80A00ADF8020012E05FB1BDF91A00B5
:10938000BDF90A10884202DABDF91A0004E0BDF9FD
:109390000A0001E0BDF90A00ADF8020000E000BFDC
:1093A00000BF7078C0F38100012804D0022807D0E4
:1093B00003281CD109E0BDF81E00ADF8060017E037
:1093C000BDF80E00ADF8060012E05FB1BDF91E0059
:1093D000BDF90E10884202DDBDF91E0004E0BDF9A2
:1093E0000E0001E0BDF90E00ADF8060000E000BF80
:1093F00000BFB5F91000BDF90010884211D1B5F9D0
:109400001200BDF9021088420BD1B5F91400BDF964
:109410000410884205D1B5F91600BDF9061088423E
:109420002DD0284608F0C6FB694605F11000FEF76E
:109430007CFA284608F0BEFB04AA02212846EB6904
:1094400098472A4601215046DAF81C3098472846AA
:1094500008F07DFA10B1284608F048FC281D07F0F6
:109460004BFB044609E0002203212046E3699847AC
:109470002146281D07F045FB0446002CF3D100BF10
:109480005FE670B505462846FFF760FB04460021FD
:10949000284608F062FA00B970BD04B9FCE7012C57
:1094A00003D12846FFF75CFB1EE0022C03D0032CFF
:1094B00001D0042C03D12846FFF7C8FB14E0052C8B
:1094C00003D0062C01D0072C03D12846FFF7C8FD96
:1094D0000AE0082C03D12846FFF7A0FC04E0092C81
:1094E00002D12846FFF70DFC00BFD5E7F8B50646C8
:1094F0000D46144623462A4629463046009400F07D
:1095000001F8F8BD2DE9F04780460D4616461F4686
:10951000DDF82090404608F04DFB404608F07AFA0E
:1095200004462078C0F30110A8420FD12078B6EB92
:10953000901F0BD1607800F00300B84206D160782C
:10954000C0F38100484501D1BDE8F087207865F37C
:1095500005102070207866F387102070607867F31C
:1095600001006070607869F383006070002201215F
:109570004046D8F81C30984700BFE5E770B506466E
:109580000C46304608F046FA0546287800F00F00F1
:10959000A04200D170BD287864F303002870002237
:1095A00001213046F369984700BFF3E770B50546DF
:1095B0000E4614462146284608F00DFD70BD0000F9
:1095C0002DE9F04107460C4615462A462146384605
:1095D000284B1B6898470646012E02D03046BDE84E
:1095E000F081042C06D13846FFF74BFF3846FFF7D1
:1095F00091FD3DE0012C06D13846FFF742FF384689
:10960000FFF788FD34E0022C1AD1384608F0A2FAA0
:10961000A9882A88891A491C09B2884209D1384682
:1096200008F0FEF9E9886A88891A491C09B288425B
:109630001ED03846FFF725FF3846FFF76BFD17E0D1
:10964000032C03D13846FFF765FD11E0062C0FD13E
:109650002946002005E051F8202002B903E0421C11
:10966000D0B20728F7DB00BF03A241F8202000BFDB
:109670003046B4E74C0400206C765F636F6E740074
:109680002DE9F04104460F4615461E461C21204692
:10969000FAF701FE276065602068A060E660BDE81B
:1096A000F081000038B5044620212046FAF7F3FD8A
:1096B0000020E060F0202080872060800020606033
:1096C000A06820F00200A060064800680090BDF885
:1096D0000000A083A06820F00100401CA0600020D2
:1096E000606138BD940B020870B505462C4807F040
:1096F0002DFA044624B90CB900BFFEE7002070BD66
:10970000202229462046FAF7ADFD202104F59E705F
:10971000FAF7C1FD4FF4807104F13C00FAF7BBFD8C
:10972000442104F1240007F006FA1E48006808B935
:109730001C4804601B48066804600020C4F85C01F3
:109740000021084607F026FF20630021084607F0A5
:1097500021FF60630021084607F01CFFA063124947
:10976000606B08F038FC1049A06B08F034FC206BEB
:1097700008F020FA0B480660234603221E210B48FE
:109780000AF0B6FD2062206A08B900BFFEE7206A31
:1097900008B90020B3E7206A0AF01CFF2046AEE7B4
:1097A000C8090020E0030020EC060020B59800085E
:1097B0004168896921F0010142689161704700B5F3
:1097C000014611B900F00CF8014609B9002000BDAE
:1097D000087A00F00100FAE7014648687047000087
:1097E0000148006870470000E003002000B5014612
:1097F00011B9FFF7F5FF014609B9F02000BD087A5D
:10980000C0F3400010B9B1F90000F7E7B1F9020068
:10981000F4E710B5044614B9FFF7E2FF04460CB9AB
:10982000002010BDA06BFCE710B5044614B9FFF78B
:10983000D7FF04460CB9002010BD606BFCE710B5E3
:10984000044614B9FFF7CCFF04460CB9002010BD44
:10985000206BFCE700B5014611B9FFF7C1FF0146D7
:1098600009B9872000BD087AC0F3400010B9B1F9EA
:109870000200F7E7B1F90000F4E701464868006824
:1098800020B14868406808B1012070470020FCE71B
:1098900000B502461088518810FB01F31046FFF70F
:1098A000ECFF28B15068C068984201D1012000BD8A
:1098B0000020FCE72DE9FC5F80460AF0DFFE019006
:1098C0005249D8F80C0008600AF09EF80AF024F813
:1098D0004E480068B0F85C01C0F3090000287DD054
:1098E0004A480068FFF7D4FF002865D04748006861
:1098F000FFF772FF05460AF0ABF900BFA86900F058
:1099000001000028FAD1D5F808902968A868884293
:1099100001D1686800E0286800903C480068FFF7C3
:1099200065FF064600243EE03848006800F59E705A
:10993000005DB0BB354800683C3030F93410334826
:1099400000683C3000EBC400B0F9020006FB0010D8
:1099500047002E4909683C3101EBC400FEF71CF8B2
:109960004FEA400B294800683C3000EBC400B0F9D6
:1099700002A00CE0009AD11909EB07005A46FAF749
:1099800071FC07EB46070AF101000FFA80FA1F4845
:1099900000683C3000EBC400B0F906005045E9DA3D
:1099A00000BF601C84B219480068B0F85C01C0F3C5
:1099B0000900A042B8DC00BF4FF480711348006872
:1099C0003C30FAF768FC20211048006800F59E70D2
:1099D000FAF761FC00200D49096800E012E0C1F8C7
:1099E0005C010A480068806960B101980AF038FE9D
:1099F0000446064800688369054821460268034812
:109A00000068984700F092F8BDE8FC9F5C030020D6
:109A10005803002010B503460BB9002010BD082BD9
:109A200007DA581E074C54F82000405C5043000AE7
:109A3000F4E7012000EB410050435C0090FBF4F0A0
:109A4000C0B2EBE7640300202DE9F04104460D4667
:109A5000164609F093FF8046FFF7B1FE0746B4EBC8
:109A6000650F04DBC5F34F040CB1601E84B2B4EB88
:109A7000660F04DBC6F34F040CB1601E84B2002CE9
:109A800001DDE01B84B22046BDE8F0812DE9FF4FE7
:109A900085B0804689461D46102D02DA09B0BDE822
:109AA000F08FFB2D00DDFF254A46414603A8FDF758
:109AB000A4FF074607B9F1E709F060FF834658465F
:109AC000FFF78AFE0446BDF80C00218A401A00B256
:109AD000ADF80400BDF80E10608A081A00B2ADF8A7
:109AE0000600BDF81000218A401A00B2ADF8080047
:109AF000BDF81210608A081A00B2ADF80A00D4F856
:109B000008A004F11000FDF74EFF0646BDF8060060
:109B100010FB06F00AEB400A0095A06801AA314646
:109B2000079B0DF04DFB00BFB8E7000010B50648DD
:109B3000006840B10448006807F030F9002002498D
:109B400008600249086010BDFC030020600300208B
:109B500010B5044613480068844202D812480068D1
:109B600010BD104804601048006860B9204607F036
:109B7000EFF80D4908600846006808B900BFFEE725
:109B800009480068ECE721460748006807F064F9D7
:109B9000054908600846006808B900BFFEE70248AA
:109BA0000068DDE760030020FC0300202DE9F0439E
:109BB00087B006460F4615469846DDF83890C5B979
:109BC000FF231D4A3946304600F051FE00204FF673
:109BD000FF71CDE90201CDE9041018A1FF23164A57
:109BE000CDE900103946304600F02CF807B0BDE84A
:109BF000F08343462A4639463046CDF8009004F0BB
:109C0000E1FD0446B4B9FF230B4A3946304600F063
:109C10002EFE00204FF6FF71CDE90201CDE90410C0
:109C200006A1FF23044ACDE900103946304600F072
:109C300009F8DBE700BFD9E7A00700204E6F0A64F0
:109C4000617461002DE9FF4FA7B082461446DDF82C
:109C5000E480DDE93476606A269006F0020020B9DF
:109C60005046FDF7AEFE259010E047F61841B4F9D6
:109C70002A008DE84300B4F92830394609A8626A01
:109C80000AF0AAFDBDF92400259000BF00BF269868
:109C9000007A618D084400B2249000202390BAF825
:109CA0000000ADF88800BAF80200ADF88A00002084
:109CB00021902090369870B13698B0F9000021902C
:109CC0003698B0F902002090BDF88A102098084418
:109CD00000B2ADF88A000025681E1F90B8F1000F91
:109CE00024D0209810BBBAF9020000281EDABAF975
:109CF0000210D8F80800401A002805DDBAF9021051
:109D0000D8F80800401A04E0BAF90200D8F80810A0
:109D1000401A24994900C1F58061884203DD4FF063
:109D2000FF30C8F80000D8F800001F90B8F1000F0D
:109D30000BD01F98002808DB1F9DBDF88A00B8F8DB
:109D40000410084400B2ADF88A000096B4F9282047
:109D50007819DDE925310AF0AFFC00EB05092EE0AA
:109D60004D460096B4F928207819DDE925310AF02E
:109D7000A3FC8144BDF88A102498084400B2ADF8D1
:109D80008A00B8F1000F15D0BDF98A0010F5806F78
:109D900010DBD8F8000000280CDAC8F80050BDF934
:109DA0008A00BAF90210401AC8F80400BAF9020091
:109DB000C8F80800785D10B92BB0BDE8F08FBDF988
:109DC0008A10249801442898B0F902008142C7DB28
:109DD00006F00400D0B10096B4F92830A9EB0502D2
:109DE00091B27819269A0AF05DFD23905046FDF74E
:109DF000E8FD2399A0EB010B0BEBDB70BDF888109D
:109E000001EB600000B2ADF8880018E006F0080031
:109E1000A8B10096B4F92830A9EB050291B27819DF
:109E2000269A0AF03FFD23905046FDF7CAFD23997C
:109E3000401ABDF88810084400B2ADF888002A988E
:109E4000FF2802D12C20005D04E02C20005D2A991F
:109E5000484300121E9000201D901B90AF490AA895
:109E600009F084FF608CADF82A000AA8BDF82A101A
:109E7000ADF82C104BE1369830B1BDF88810219820
:109E8000084400B2ADF8880000201D901C95E5E064
:109E90001CA93846A24A1268904709901C99781864
:109EA00000219F4A12689047089006F001000028A0
:109EB00077D09CA001780998814213D11D9828B9C8
:109EC0001C9880B21B9001201D90C7E01D980128AE
:109ED00002D100201D9005E01D98022802D100202B
:109EE0001D90BBE01D9801285BD10998202857D10F
:109EF000DDE91B01081A07284ED11B983844016878
:109F000005918088ADF8180000208DF81A009DF8A2
:109F10001500FDF7B1F983469DF81400FDF7ACF983
:109F20000BEB001004909DF81700FDF7A5F9834690
:109F30009DF81600FDF7A0F90BEB001003909DF8BB
:109F40001900FDF799F983469DF81800FDF794F97B
:109F50000BEB00100290049BD8B2039BD9B2029B7A
:109F6000DAB24FEAD20CBDF804306CF3040301936B
:109F70004FEA910CBDF804306CF34A1301934FEA99
:109F8000D00CBDF804306CF3CF230193BDF804C0AE
:109F900063461A9302E004E0208C1A9002201D9080
:109FA0005CE0206A07901D98022801D11A9807905A
:109FB000DDE90821269803F02EFB00B219904FF638
:109FC000FF713798884230D0389888422DD0384673
:109FD000554A1C991268904783463798834523DD7C
:109FE0003898834520DCBDF88800ADF81400BDF832
:109FF0008A00ADF81600BDF8881019980144208D2C
:10A000000844401E00B2ADF81800BDF88A1024982C
:10A010000844401E00B2ADF81A000AAA05A81E9B0B
:10A02000289900F024FC00BF00BF1E980190BDF8E5
:10A030001C00ADF8000022A8099B269A289900F080
:10A0400075F81998002808DDBDF88810228D199838
:10A050001044084400B2ADF8880000BF1C98484581
:10A06000FFF416AF4D460096B4F928207819DDE9C3
:10A0700025310AF021FB8144BAF80000ADF88800D0
:10A0800006F00400D0B10096B4F92830A9EB05021F
:10A0900091B27819269A0AF005FC23905046FDF7F4
:10A0A00090FC2399A0EB010B0BEBDB70BDF8881043
:10A0B00001EB600000B2ADF8880018E006F008007F
:10A0C000A8B10096B4F92830A9EB050291B278192D
:10A0D000269A0AF0E7FB23905046FDF772FC23997D
:10A0E000401ABDF88810084400B2ADF88800BDF8E9
:10A0F0008A102498084400B2ADF88A00BDF98A108D
:10A100002898B0F90600814200DD55E600BF785D71
:10A1100000287FF4B0AE00BF4EE60000DC07002050
:10A120002804002023000000340400202DE9FF4F04
:10A130009DB00C46D1A000681C90D1A000681B9077
:10A14000D0A30FCB17AD0FC52B98102802DA21B082
:10A15000BDE8F08F2B98FB2801DDFF202B901F9886
:10A1600000B9F4E7002315A9DDE91F0203F002FAA4
:10A170001490149800B9EAE71D9800889DF95810CA
:10A18000084405B21F98017A407A091A1D98408840
:10A1900008449DF85710401A9DF95910401A06B20C
:10A1A0009DF85A00012806D0022809D004280CD0B6
:10A1B000082814D10EE00DF1700B802013900FE0F1
:10A1C0000DF16C0BC02013900AE00DF15C0BF02038
:10A1D000139005E04FF0000BFF20139000E0B6E76E
:10A1E00000BFDDE91F0103F0BDF98246BAF1000F9F
:10A1F00000D1ACE79DF856002844B4F9001088421D
:10A200000EDBB4F90400A8420ADB9DF85700304485
:10A21000B4F90210884203DBB4F90600B04200DA58
:10A2200095E709F0ABFB11901198FFF7D5FA80463E
:10A2300008F11000FDF7B7FB1090D8F808709DF8F2
:10A240005600C0100D909DF8560000F0070018B1A0
:10A250000D98401CC0B20D909DF856009DF85A1004
:10A2600010FB01F00C90B4F90000A84201DC0020C2
:10A2700002E0B4F90000401B00B20B909DF85600BC
:10A280002844B4F90410884202DC9DF8560003E02B
:10A29000B4F90400401B401C00B20A90B4F902005B
:10A2A000B04201DC002002E0B4F90200801B00B2E1
:10A2B00009909DF857003044B4F90610884202DC3A
:10A2C0009DF8570003E0B4F90600801B401C00B263
:10A2D0000890B8F91200311A109801FB0050B8F933
:10A2E0001010401A07EB4007109A0B99099800FBD1
:10A2F000021007EB40070C99099848439DF85A2033
:10A300000B9901FB0200079007980AEBD00A079807
:10A3100000F007090020049009980E90A7E0139818
:10A3200040FA09F012900B980F9080E0C9F10800F4
:10A330009DF85A10421A9AF80000129908401041EC
:10A3400006900698D0B32B98FF280AD19DF85A00A2
:10A35000082801D1069802E006981BF80000059035
:10A360000FE09DF85A00082804D12B99069848431D
:10A37000001205E006981BF800002B9948430012D4
:10A38000059011984069D0B105980290BDF8A800D9
:10A39000ADF804000E988119B8F81200081A00B23E
:10A3A00000900F982844B8F81020801A03B2D8F80B
:10A3B00008101198D0F814C0109AE0471BE03888B4
:10A3C000BDF8A810884216D00598FB2803DDBDF81B
:10A3D000A80038800FE0059810280CDD049850B9CB
:10A3E000388802900146059A2A98FEF762FA03908F
:10A3F000BDF80C003880BF1C9DF85A00C0F1080061
:10A4000048450ADD9DF85A0048441FFA80F99DF836
:10A410005A1012980841129005E04FF00009139865
:10A4200012900AF1010A0F98401C00B20F900A998D
:10A430000F988842FFF67AAF9DF856100A98091ACD
:10A440000B9808449DF85A1000FB01901FFA80F900
:10A450000AEBE90A09F00709DDE90A01411A109837
:10A46000401A07EB40070E98401C00B20E90089966
:10A470000E988842FFF653AF00BF68E600FF000069
:10A480000055AAFF00112233445566778899AABB6C
:10A49000CCDDEEFF2DE9FF4F8FB0904612981028CB
:10A4A00002DA13B0BDE8F08F1298FB2801DDFF201F
:10A4B00012900DA8DDE90F12FDF79FFA0C900C9891
:10A4C00000B9EEE71D9808B1032000E002208246A3
:10A4D0000F98FDF768FA0B900F98B0F90200BDF9DC
:10A4E0003610884209DABDF936100F98B0F902002B
:10A4F000081A0B99484300FB0A880F98B0F900002E
:10A50000BDF93410884207DABDF934100F98B0F95C
:10A510000000081A00FB0A8809F030FA8146484614
:10A52000FFF75AF90746BDF83400398A401A00B2DD
:10A53000ADF83400BDF83610788A081A00B2ADF8CC
:10A540003600BDF83800398A401A00B2ADF838003C
:10A55000BDF83A10788A081A00B2ADF83A0007F14F
:10A560001000FDF720FA0A90BD68BDF836100A9871
:10A5700011FB00F005EB4005BDF9340005EB40058B
:10A580000DA8FDF710FA0990002008901C980028EB
:10A590004AD11D98002847D11298FF2844D11F980E
:10A5A000002841D1D9F8140040B3BDF9364020E06D
:10A5B000002616E006FB0A80008807901298029099
:10A5C000BDF81C00ADF804000094BDF83400304420
:10A5D00003B2B968D9F814C048460A9AE047701C1B
:10A5E00006B209988642E5DB0B9800FB0A88601CDE
:10A5F00004B2BDF93A00A042DADACBE0BDF9364048
:10A600000DE041462846129B099A0CF07DFE0B98FE
:10A6100000FB0A880A9805EB4005601C04B2BDF9EE
:10A620003A00A042EDDAB5E00020079007980690C6
:10A63000DDE91E020699FEF73CF90590BDF93640AA
:10A64000A2E0002694E0DDF848B006FB0A80049002
:10A650001D9888B104990A78497802EB012189B2E2
:10A6600003910499887800B980E0FF2803D000FBAB
:10A670000BF14FEA112B02E00498008803901C981C
:10A6800030B1BDF80C00B9F81C10884200D16DE063
:10A690001F98D0B3BDF81800BDF80C10884207D041
:10A6A00003980690DDE91E020699FEF702F905906F
:10A6B000D9F8140088B1CDF808B0BDF81400ADF891
:10A6C00004000094BDF83400304403B2B968D9F8EE
:10A6D00014C048460A9AE04747E0BBF1FF0F04D197
:10A6E000BDF8140025F816003FE005EB4600008891
:10A6F0005A46014601900598FEF7DBF8029005EBFB
:10A700004600BDF8081001802FE0FFE7D9F81400DB
:10A7100088B1CDF808B0BDF80C00ADF80400009485
:10A72000BDF83400304403B2B968D9F814C04846C3
:10A730000A9AE04719E0BBF1FF0F05D105EB46008F
:10A74000BDF80C10018010E0089870B905EB4600C8
:10A7500000885A46014601900398FEF7AAF8029035
:10A7600005EB4600BDF80810018000BF701C06B262
:10A7700009988642FFF667AF0B9800FB0A880A9893
:10A7800005EB4005601C04B2BDF93A00A042BFF6DB
:10A7900058AF00BF00BF84E62DE9FF4F83B00446E9
:10A7A0000D461746DDF84080B8F1100F02DA07B009
:10A7B000BDE8F08FB8F1FB0F01DD4FF0FF08B7F9EE
:10A7C0000000A0420BDCB7F90400A04207DBB7F998
:10A7D0000200A84203DCB7F90600A84200DAE6E767
:10A7E00009F0CCF881464846FEF7F6FF064606F12A
:10A7F0001000FDF7D8F88246308A201A04B2708A19
:10A80000281A05B2D9F8140078B1CDF80880BDF83F
:10A810001800ADF804000095B16823460FFA8AF2DB
:10A820004846D9F814C0E0471FE000200290D6F84F
:10A8300008B005FB0A400BEB400B0298A0B9B8F139
:10A84000FF0F04D1BDF81800ABF800000CE0BBF816
:10A8500000004246014600900698FEF72AF8019053
:10A86000BDF80400ABF8000000BF00BF9FE72DE972
:10A87000F04105460E4614461F462846FDF766F889
:10A88000012804DB2846FDF7A3F8012801DABDE81A
:10A89000F081608A28B13B4622463146284602F0C4
:10A8A00085F931462846FDF706F900B9EFE7207A29
:10A8B00010280DDD3B4622463146284602F0C4F8FA
:10A8C000E08828B13B4622463146284601F0A8FAE6
:10A8D000A08990B1A07B80B1E07B10280DDB3B46C6
:10A8E00022463146284601F062F8E08828B13B460E
:10A8F00022463146284600F002F800BFC7E70FB5F0
:10A90000A3B02598C08880B2229009F037F807904C
:10A91000FEF755FF21902598B0F90C00209025985E
:10A9200040891F902598807B1E902698FF2802D191
:10A930002598C07B04E02598C07B269948430012E7
:10A940001D902098401E00B22090219818B12098A8
:10A95000401E00B220902398FDF73AF81C902398EF
:10A96000FCF7F4FF1B90DDE91B212298FFF76CF840
:10A97000229023980188229801442198084400B22B
:10A98000ADF8680023984188229801442198084432
:10A9900000B2ADF86A0023980188229801442198FA
:10A9A000084400B2ADF864002398C1882298091ABF
:10A9B0002198081A00B2ADF8660023988188229881
:10A9C000091A2198081A00B2ADF86000239841884E
:10A9D000229801442198084400B2ADF862002398FF
:10A9E00081882298091A2198081A00B2ADF85C00F3
:10A9F0002398C1882298091A2198081A00B2ADF844
:10AA00005E00229802B215A916A8FDF75CFE2099F7
:10AA10002298401A00B212901298002801DA002001
:10AA2000129013A914A8129AFDF74DFE00200D9064
:10AA30000C90229800B20B9000200A900990209967
:10AA40002298401A00B20890FCE3BDF95200BDF90B
:10AA50005010884209DABDF85800BDF85010401A6D
:10AA600000B20F900F980E900AE0BDF85800BDF8A4
:10AA70005A10401A00B20F900F98401E00B20E906C
:10AA8000219800287DD0BDF958100B98814279D0CB
:10AA9000BDF95A000C90DDE90C01401A00B2079094
:10AAA0000B98ADF818000D98ADF81A00002005902D
:10AAB00027E10798012806DD1D9A05990798FAF7FE
:10AAC0006BFE049008E01D9A05990798FEF7A2FF17
:10AAD0001D99081AC0B204901E9800F00100D8B366
:10AAE0001E9800F00800B8B304980090BDF85E000E
:10AAF000BDF81A1001440598084400B20290BDF850
:10AB00005C00BDF818100844401C00B20190259864
:10AB1000408903460390249ADDE90101FFF73CFEDA
:10AB200004980090BDF85E00BDF818100844401C61
:10AB300000B20290BDF85C00BDF81A1001440598FF
:10AB4000084400B201902598408903460390249A56
:10AB5000DDE90101FFF720FE1E9800F00100E8B3D7
:10AB60001E9800F00400C8B304980090BDF8660079
:10AB7000BDF818100844401C00B20290BDF86400F3
:10AB800001E04CE1C8E0BDF81A10494201440598C3
:10AB9000081A00B201902598408903460390249A30
:10ABA000DDE90101FFF7F8FD04980090BDF86600AB
:10ABB000BDF81A1001440598084400B20290BDF88F
:10ABC0006400BDF8181049420844401E00B20190CC
:10ABD0002598408903460390249A00E003E0DDE9CC
:10ABE0000101FFF7D9FD1E9800F00200E0B31E98A6
:10ABF00000F00400C0B304980090BDF86A00BDF8EE
:10AC00001A10494201440598081A00B20290BDF892
:10AC10006800BDF8181049420844401E00B2019077
:10AC20002598408903460390249ADDE90101FFF746
:10AC3000B3FD04980090BDF86A00BDF818104942B1
:10AC40000844401E00B20290BDF86800BDF81A101A
:10AC5000494201440598081A00B20190259840899C
:10AC600003460390249A00E003E0DDE90101FFF7C9
:10AC700093FD1E9800F00200E0B31E9800F008005B
:10AC8000C0B304980090BDF86200BDF818104942A6
:10AC90000844401E00B20290BDF86000BDF81A10D2
:10ACA00001440598084400B2019025984089034664
:10ACB0000390249ADDE90101FFF76EFD04980090EE
:10ACC000BDF86200BDF81A10494201440598081AFF
:10ACD00000B20290BDF86000BDF818100844401C96
:10ACE00000B201902598408903460390249ADDE93B
:10ACF000010100E001E0FFF74FFD0598401C00B2A4
:10AD00000590079905988842FFF6D3AEBDF9580023
:10AD10000B900C980D9000BFBDF95010089881421F
:10AD20007DD0BDF95A000990DDE90901401A00B251
:10AD300007900898ADF818000A98ADF81A0000209E
:10AD400005904BE10798012809DD1D9A05990798A0
:10AD5000FAF722FD1D99081AC0B2049005E01D9A69
:10AD600005990798FEF756FE04901E9800F0010022
:10AD7000F8B11E9800F00800D8B104980090BDF812
:10AD80005E00BDF81A1001440598084400B2029014
:10AD9000BDF85C00BDF818100844401E00B20190D8
:10ADA0002598408903460390249ADDE90101FFF7C5
:10ADB000F3FC1E9800F0010000B31E9800F00400A0
:10ADC000E0B104980090BDF86600BDF81810084482
:10ADD000401E00B20290BDF86400BDF81A1049424E
:10ADE00001440598081A00B201902598408903464D
:10ADF0000390249ADDE90101FFF7CEFC1E9800F0D4
:10AE0000020018B31E9800F00400F8B104980090F6
:10AE1000BDF86A00BDF81A104942014400E0E8E0BC
:10AE20000598081A00B20290BDF86800BDF8181025
:10AE300049420844401C00B20190259840890346CD
:10AE40000390249ADDE90101FFF7A6FC1E9800F0AB
:10AE5000020000B31E9800F00800E0B104980090D2
:10AE6000BDF86200BDF8181049420844401C00B209
:10AE70000290BDF86000BDF81A100144059808441E
:10AE800000B201902598408903460390249ADDE999
:10AE90000101FFF781FCBDF91800401EBDF91A2021
:10AEA0000599114488427ED01E9800F00100F8B147
:10AEB0001E9800F00800D8B104980090BDF85E001C
:10AEC000BDF818100844401E00B20290BDF85C00A6
:10AED000BDF81A1001440598084400B20190259865
:10AEE000408903460390249ADDE90101FFF754FCF1
:10AEF0001E9800F0010000B31E9800F00400E0B1BD
:10AF000004980090BDF86600BDF81A100144059839
:10AF1000084400B20290BDF86400BDF81810494220
:10AF20000844401C00B201902598408903460390D4
:10AF3000249ADDE90101FFF72FFC1E9800F00200C2
:10AF400008B31E9800F00400E8B104980090BDF822
:10AF50006A00BDF8181049420844401C00B2029033
:10AF6000BDF86800BDF81A10494201440598081A56
:10AF700000B201902598408903460390249ADDE9A8
:10AF80000101FFF709FC1E9800F0020058B11E985D
:10AF900000F0080038B104980090BDF86200BDF8D8
:10AFA0001A10494200E015E001440598081A00B261
:10AFB0000290BDF86000BDF818100844401E00B2B1
:10AFC00001902598408903460390249ADDE9010108
:10AFD000FFF7E2FB0598401C00B205900799059821
:10AFE0008842FFF6AFAEBDF95000089009980A906C
:10AFF00000BF1E9800F00100E0B31E9800F00800AA
:10B00000C0B3BDF85C00BDF8581001440E98081A92
:10B0100000B2ADF84000BDF85C00BDF8581008441F
:10B0200000B2ADF84400BDF85E00BDF85A10084407
:10B0300000B2ADF84200BDF85E00BDF85A100844F9
:10B0400000B2ADF8460010A81D9B1F9A2499FEF788
:10B050001DFDBDF85C00BDF85A10084400B2ADF803
:10B060004000BDF85C00BDF85A10084400B2ADF8CD
:10B07000440000E017E0BDF85E00BDF85810014440
:10B080000F98081A00B2ADF84200BDF85E00BDF896
:10B090005810084400B2ADF8460010A81D9B1F9A36
:10B0A0002499FEF7F3FC1E9800F00100E8B31E9807
:10B0B00000F00400C8B3BDF86400BDF85A1049425E
:10B0C000084400B2ADF84000BDF86400BDF85A1065
:10B0D0004942084400B2ADF84400BDF86600BDF82E
:10B0E000581001440E98081A00B2ADF84200BDF89D
:10B0F0006600BDF85810084400B2ADF8460010A82C
:10B100001D9B1F9A2499FEF7C1FCBDF86400BDF891
:10B1100058104942084400B2ADF84000BDF8640040
:10B12000BDF858104942014400E01AE00F98084465
:10B1300000B2ADF84400BDF86600BDF85A100844EE
:10B1400000B2ADF84200BDF86600BDF85A100844E0
:10B1500000B2ADF8460010A81D9B1F9A2499FEF777
:10B1600095FC1E9800F00200E8B31E9800F0040061
:10B17000C8B3BDF96600BDF95A100844BDF96A109C
:10B18000BDF95A205242114488422BDDBDF86800B7
:10B19000BDF858104942084400B2ADF84000BDF86F
:10B1A0006800BDF85810494201440E98084400B2A6
:10B1B000ADF84400BDF86A00BDF85A104942084491
:10B1C00000B2ADF84200BDF86A00BDF85A1049421D
:10B1D000084400B2ADF8460010A81D9B1F9A2499A0
:10B1E000FEF754FC00E02BE0BDF86800BDF85A10F3
:10B1F0004942084400B2ADF84000BDF86800BDF80F
:10B200005A104942084400B2ADF84400BDF86A0043
:10B21000BDF858104942084400B2ADF84200BDF8EC
:10B220006A00BDF85810494201440F98084400B222
:10B23000ADF8460010A81D9B1F9A2499FEF726FC26
:10B240001E9800E077E000F00200E8B31E9800F0DE
:10B250000800C8B3BDF86000BDF85A10084400B239
:10B26000ADF84000BDF86000BDF85A10084400B2C7
:10B27000ADF84400BDF86200BDF8581049420844DA
:10B2800000B2ADF84200BDF86200BDF85810494266
:10B2900001440E98084400B2ADF8460010A81D9B6A
:10B2A0001F9A2499FEF7F2FBBDF95E00BDF95A1012
:10B2B0000844BDF96210BDF95A2052421144884237
:10B2C0002BDDBDF8600000E027E0BDF85810014418
:10B2D0000F98081A00B2ADF84000BDF86000BDF844
:10B2E0005810084400B2ADF84400BDF86200BDF843
:10B2F0005A104942084400B2ADF84200BDF862005D
:10B30000BDF85A104942084400B2ADF8460010A8F2
:10B310001D9B1F9A2499FEF7B9FB15A916A8FDF7E6
:10B32000DAF9BDF95200BDF95010884203DA13A9C9
:10B3300014A8FDF7D0F9BDF95A00BDF9581088429C
:10B340007FF783AB219800287DD0BDF95A000C907F
:10B35000DDE90C01401A00B207900B98ADF8180017
:10B360000D98ADF81A00002005901CE11D9A059972
:10B370000798FEF74FFB1D99081AC0B204901E985B
:10B3800000F00100D8B31E9800F00800B8B304988C
:10B390000090BDF85E00BDF81A10014405980844FD
:10B3A00000B20290BDF85C00BDF818100844401CC3
:10B3B00000B201902598408903460390249ADDE964
:10B3C0000101FFF7E9F904980090BDF85E00BDF8AF
:10B3D00018100844401C00B20290BDF85C00BDF893
:10B3E0001A1001440598084400B20190259840893C
:10B3F00003460390249ADDE90101FFF7CDF91E9879
:10B4000000F00100E0B31E9800F00400C0B30498FF
:10B410000090BDF86600BDF818100844401C00B24A
:10B420000290BDF86400BDF81A1049420144059825
:10B43000081A00B201902598408903460390249A87
:10B44000DDE9010100E0B0E2FFF7A6F90498009001
:10B45000BDF86600BDF81A1001440598084400B212
:10B460000290BDF86400BDF8181049420844401E1F
:10B4700000B201902598408903460390249A00E089
:10B4800003E0DDE90101FFF787F91E9800F00200F3
:10B49000E0B31E9800F00400C0B304980090BDF81B
:10B4A0006A00BDF81A10494201440598081A00B212
:10B4B0000290BDF86800BDF8181049420844401ECB
:10B4C00000B201902598408903460390249ADDE953
:10B4D0000101FFF761F904980090BDF86A00BDF81A
:10B4E000181049420844401E00B20290BDF868009E
:10B4F000BDF81A10494201440598081A00B201909B
:10B500002598408903460390249A00E003E0DDE992
:10B510000101FFF741F91E9800F00200E0B31E9808
:10B5200000F00800C0B304980090BDF86200BDF8B8
:10B53000181049420844401E00B20290BDF8600055
:10B54000BDF81A1001440598084400B201902598EE
:10B55000408903460390249ADDE90101FFF71CF9B5
:10B5600004980090BDF86200BDF81A1049420144E9
:10B570000598081A00B20290BDF86000BDF81810D6
:10B580000844401C00B2019025984089034603906E
:10B59000249ADDE9010100E001E0FFF7FDF80598DC
:10B5A000401C00B20590079905988842FFF6DEAE70
:10B5B000BDF91800BDF91A10401A002805DDBDF9C3
:10B5C0001800BDF91A10401A04E0BDF91A00BDF9BF
:10B5D0001810401A079988427DD10B98ADF81800D1
:10B5E0000B98ADF81A001D98401004901E9800F0BA
:10B5F0000100E0B11E9800F00800C0B1049800906E
:10B60000BDF85E00BDF81810084400B20290BDF805
:10B610005C00BDF81A10084400B2019025984089DA
:10B6200003460390249ADDE90101FFF7B5F81E985F
:10B6300000F00100E8B11E9800F00400C8B10498C1
:10B640000090BDF86600BDF81A10084400B20290E0
:10B65000BDF86400BDF818104942084400B20190DA
:10B660002598408903460390249ADDE90101FFF7FC
:10B6700093F81E9800F00200F0B11E9800F004004C
:10B68000D0B104980090BDF86A00BDF81810494286
:10B69000084400B20290BDF86800BDF81A10494293
:10B6A000084400B201902598408903460390249AEB
:10B6B000DDE90101FFF770F81E9800F00200F8B113
:10B6C0001E9800F00800D8B104980090BDF8620000
:10B6D000BDF81A1000E014E04942084400B202909C
:10B6E000BDF86000BDF81810084400B2019025981C
:10B6F000408903460390249ADDE90101FFF74CF8E5
:10B7000000BFBDF9520009900898ADF818000A98DA
:10B71000ADF81A00DDE90901401A00B207900020D7
:10B7200005903CE11D9A05990798FEF773F904907E
:10B730001E9800F00100F8B11E9800F00800D8B182
:10B7400004980090BDF85E00BDF81A1001440598F9
:10B75000084400B20290BDF85C00BDF8181008441F
:10B76000401E00B201902598408903460390249A18
:10B77000DDE90101FFF710F81E9800F0010000B3A9
:10B780001E9800F00400E0B104980090BDF8660037
:10B79000BDF818100844401E00B20290BDF86400C5
:10B7A000BDF81A10494201440598081A00B20190E8
:10B7B0002598408903460390249ADDE90101FEF7AC
:10B7C000EBFF1E9800F0020008B31E9800F0040082
:10B7D000E8B104980090BDF86A00BDF81A1049421B
:10B7E00001440598081A00B20290BDF86800BDF83F
:10B7F000181049420844401C00B201902598408925
:10B8000003460390249ADDE90101FEF7C5FF1E9867
:10B8100000F0020000B31E9800F00800E0B10498A8
:10B820000090BDF86200BDF8181049420844401C61
:10B8300000B20290BDF86000BDF81A1001440598EE
:10B84000084400B201902598408903460390249A49
:10B85000DDE90101FEF7A0FFBDF91800401EBDF9AA
:10B860001A200599114488427DD01E9800F00100ED
:10B87000F8B11E9800F00800D8B104980090BDF807
:10B880005E00BDF818100844401E00B20290BDF8DA
:10B890005C00BDF81A1001440598084400B20190FC
:10B8A0002598408903460390249ADDE90101FEF7BB
:10B8B00073FF1E9800F0010000B31E9800F0040012
:10B8C000E0B104980090BDF86600BDF81A1001447C
:10B8D0000598084400B20290BDF86400BDF8181045
:10B8E00049420844401C00B2019025984089034613
:10B8F0000390249ADDE90101FEF74EFF1E9800F047
:10B90000020008B31E9800F00400E8B1049800900B
:10B91000BDF86A00BDF8181049420844401C00B246
:10B920000290BDF86800BDF81A104942014405981C
:10B93000081A00B201902598408903460390249A82
:10B94000DDE90101FEF728FF1E9800F0020050B16A
:10B950001E9800F0080030B104980090BDF8620015
:10B96000BDF81A1000E016E0494201440598081A93
:10B9700000B20290BDF86000BDF818100844401EE7
:10B9800000B201902598408903460390249ADDE98E
:10B990000101FEF701FF0598401C00B205900799D0
:10B9A00005988842FFF6BEAE00BF27B000BD2DE966
:10B9B000FF4F87B004469146B9F806001FFA80F899
:10B9C00007F0DCFF0090FDF7FAFE07462046FBF784
:10B9D000FFFF06902046FBF7B9FF0590B9F90C6010
:10B9E0000A98FF2802D199F80F0004E099F80F0097
:10B9F0000A9948430012049099F80E50B9F80A00C9
:10BA000003904FF0000BDA46701E06B24046DDE9A7
:10BA10000521FEF719F88046B04506DAA6EB0800C6
:10BA2000C01B0FFA80FBB24603E008EB07000FFAD9
:10BA300080FAB9F8060000287DD105F0020098B11F
:10BA40002088ADF80400A088ADF808006088ADF843
:10BA500006006088304400B2ADF80A0001A8DDE9B4
:10BA600003230899FEF712F805F0080028B3A08810
:10BA7000801B00B2ADF80400A088ADF80800B4F94E
:10BA8000021005F0020008B1701C00E0002008441C
:10BA900000B2ADF80600B4F9061005F0010008B1D7
:10BAA000701C00E00020081A00B2ADF80A0001A8DE
:10BAB000DDE903230899FDF7E9FF05F0040028B349
:10BAC0002088ADF804002088304400B2ADF80800AA
:10BAD000B4F9021005F0020008B1701C00E000206B
:10BAE000084400B2ADF80600B4F9061005F00100F4
:10BAF00008B1701C00E00020081A00B2ADF80A007E
:10BB000001A8DDE903230899FDF7C0FF05F0010056
:10BB1000A8B12088ADF80400A088ADF80800E0883E
:10BB2000801B00B2ADF80600E088ADF80A0001A85D
:10BB3000DDE9032300E005E00899FDF7A7FF0BB05E
:10BB4000BDE8F08F0AF101000FFA80FA05F002005B
:10BB500028B16088504400B2ADF8060004E0608867
:10BB6000404400B2ADF8060005F0010030B1E088B5
:10BB7000A0EB0A0000B2ADF80A0005E0E088A0EBF7
:10BB8000080000B2ADF80A0005F0040070B120888A
:10BB9000ADF80400BDF80400304400B2ADF8080070
:10BBA00001A8DDE903230899FDF770FF05F00800FF
:10BBB00070B1A088ADF80800BDF80800801B00B285
:10BBC000ADF8040001A8DDE903230899FDF75EFF45
:10BBD00020885044A0EB0B0000B2ADF80400A08810
:10BBE000A0EB0A00584400B2ADF8080005F00200CE
:10BBF00068B16088ADF806006088304400B2ADF8E6
:10BC00000A0001A8DDE903230899FDF73FFF05F0CD
:10BC1000010070B1E088ADF80A00BDF80A00801B91
:10BC200000B2ADF8060001A8DDE903230899FDF78D
:10BC30002DFFBBF1000F7ED005F00200E8B105F04A
:10BC40000400D0B12088ADF8040020884044384476
:10BC500000B2ADF8080060884044401C384400B28F
:10BC6000ADF806006088304400B2ADF80A0001A8C3
:10BC7000DDE903230899FDF709FF05F00200F0B1A3
:10BC800005F00800D8B1A088A0EB0800C01B00B2E6
:10BC9000ADF80400A088ADF8080060884044401C5E
:10BCA000384400B2ADF806006088304400B2ADF808
:10BCB0000A0001A8DDE903230899FDF7E7FE05F076
:10BCC0000100F0B105F00400D8B12088ADF80400FF
:10BCD00020884044384400B2ADF80800E088801B5A
:10BCE00000B2ADF80600E088A0EB0800401EC01BC3
:10BCF00000B2ADF80A0001A8DDE903230899FDF7B9
:10BD0000C5FE05F00100B0B105F0080098B1A088AB
:10BD1000A0EB0800C01B00B2ADF80400A088ADF88D
:10BD20000800E088801B00B2ADF80600E088A0EBB8
:10BD30000800401E00E009E0C01B00B2ADF80A0098
:10BD400001A8DDE903230899FDF7A0FEB9F8060074
:10BD5000002863D105F00600A8B12088ADF80400E2
:10BD60002088384400B2ADF808006088ADF80600BD
:10BD70006088384400B2ADF80A0001A8DDE9032369
:10BD80000899FDF783FE05F00A00A8B1A088C01B42
:10BD900000B2ADF80400A088ADF808006088ADF8E6
:10BDA00006006088384400B2ADF80A0001A8DDE959
:10BDB00003230899FDF76AFE05F00500A8B1208865
:10BDC000ADF804002088384400B2ADF80800E088DF
:10BDD000C01B00B2ADF80600E088ADF80A0001A86B
:10BDE000DDE903230899FDF751FE05F00900A8B12C
:10BDF000A088C01B00B2ADF80400A088ADF8080010
:10BE0000E088C01B00B2ADF80600E088ADF80A007B
:10BE100001A8DDE903230899FDF738FE00BF8EE68F
:10BE20000FB5A9B02B98C08880B2289007F0A6FD66
:10BE30000B90FDF7C4FC27902B98408826902B98F8
:10BE4000808825902C98FF2802D12B98007A04E056
:10BE50002B98007A2C994843001223902998FBF7DD
:10BE600075FD21902998FBF7B3FD2090DDE92012A4
:10BE70002898FDF7E9FD2890299801882898014421
:10BE80002798084400B2ADF87C002998418828988A
:10BE900001442798084400B2ADF87E002998018833
:10BEA000289801442798084400B2ADF878002998F2
:10BEB000C1882898091A2798081A00B2ADF87A00A4
:10BEC000299881882898091A2798081A00B2ADF88D
:10BED000740029984188289801442798084400B2A2
:10BEE000ADF87600299881882898091A2798081AA9
:10BEF00000B2ADF870002998C1882898091A2798CF
:10BF0000081A00B2ADF87200289802B212A913A85C
:10BF1000FCF7D9FBBDF87200BDF84E10084400B222
:10BF20000090BDF87000BDF84C10084400B20B90B2
:10BF3000BDF87A00BDF84E10084400B20A90BDF872
:10BF40007800BDF84C104942084400B209900146FF
:10BF500016A8DDE90A23FBF7FDFDBDF87200BDF868
:10BF60004C10084400B20090BDF87000BDF84E10AF
:10BF7000084400B20B90BDF87A10BDF84C0008449C
:10BF800000B20A90BDF87800BDF84E10494208444E
:10BF900000B20990014614A8DDE90A23FBF7DAFD97
:10BFA000BDF87600BDF84E104942084400B200903A
:10BFB000BDF87400BDF84C10084400B20B90BDF8F9
:10BFC0007E00BDF84E104942084400B20A90BDF808
:10BFD0007C00BDF84C104942084400B2099001466B
:10BFE00018A8DDE90A23FBF7B5FDBDF87600BDF81A
:10BFF0004C104942084400B20090BDF87400BDF8EE
:10C000004E10084400B20B90BDF87E00BDF84C10F5
:10C010004942084400B20A90BDF87C00BDF84E10B9
:10C020004942084400B2099001461AA8DDE90A23F2
:10C03000FBF790FD002011901090289800B20F900F
:10C040008AE2279800287DD0BDF94C100F988142D4
:10C05000F9D0BDF94E001090DDE91001401A00B290
:10C0600007900F98ADF818001198ADF81A000F99C5
:10C070002898401AC0EB00212198B1FBF0F0C0B223
:10C080002290229ADDE92501FCF751FC0E90229ABC
:10C09000DDE92510FCF74BFC0D9000200590F8E041
:10C0A0000798012806DD239A05990798F9F774FB8C
:10C0B000049008E0239A05990798FDF7ABFC2399B3
:10C0C000081AC0B2049004980090BDF87200BDF840
:10C0D00018100844401C00B20390BDF87000BDF871
:10C0E0001A1001440598084400B202900D9B2A9A48
:10C0F0000399FEF751FB04980090BDF87A00BDF853
:10C1000018100844401C00B20390BDF87800BDF838
:10C110001A10494201440598081A00B202900D9B7A
:10C120002A9A0399FEF738FB04980090BDF87E0028
:10C13000BDF8181049420844401E00B20390BDF8F3
:10C140007C0000E0B0E0BDF81A10494201440598B7
:10C15000081A00B202900E9B2A9A0399FEF71CFB64
:10C1600004980090BDF87600BDF8181049420844C4
:10C17000401E00B20390BDF87400BDF81A100144CF
:10C180000598084400B202900E9B2A9A0399FEF784
:10C1900003FB11992898411A05980844C0EB002127
:10C1A0002198B1FBF0F0C0B22290229ADDE925106F
:10C1B000FCF7BDFB0C9004980090BDF87210BDF820
:10C1C0001A0001440598084400B20390BDF87000BD
:10C1D000BDF818100844401C00B202900C9B2A9A2B
:10C1E0000399FEF7D9FA04980090BDF87A00BDF8DB
:10C1F0001A1001440598084400B20390BDF8781065
:10C20000BDF8180040420844401E00B202900C9B4A
:10C210002A9A0399FEF7C0FA229ADDE92501FCF774
:10C2200086FB0C9004980090BDF87E00BDF81A10B3
:10C23000494201440598081A00B20390BDF87C00F9
:10C24000BDF8181049420844401E00B202900C9BF1
:10C250002A9A0399FEF7A0FA04980090BDF8761088
:10C26000BDF81A00404201440598081A00B2039034
:10C27000BDF87410BDF818000844401C00B20290CC
:10C280000C9B2A9A0399FEF787FA0598401C00B286
:10C290000590079905988842FFF602AFBDF94C005A
:10C2A0000F901098119000BF00200B900A900990F9
:10C2B0000890BDF94E10BDF97A000844BDF95A1036
:10C2C000884201D001200990BDF94C10BDF97A00D7
:10C2D0000844BDF95210884201D001200890BDF9F0
:10C2E0004E004042BDF97E100844BDF962108842FC
:10C2F00001D001200A90BDF94C004042BDF97E10EA
:10C300000844BDF96A10884201D001200B900B98B7
:10C3100008B3BDF89800BDF89410884202D1269861
:10C32000249012E02998B0F90600BDF96A10401A6D
:10C33000C0EB00212198B1FBF0F0C0B22290229A0C
:10C34000DDE92510FCF7F3FA24901AA8DDE9233281
:10C350002A99FDF79BFB0A9808B3BDF89800BDF831
:10C360009410884202D12698249012E02998B0F9BE
:10C370000610BDF96200081AC0EB00212198B1FB3C
:10C38000F0F0C0B22290229ADDE92510FCF7CFFA36
:10C39000249018A8DDE923322A99FDF777FB099844
:10C3A00008B3BDF89800BDF89410884202D12698D1
:10C3B000249012E02998B0F90610BDF95A00081A25
:10C3C000C0EB00212198B1FBF0F0C0B22290229A7C
:10C3D000DDE92510FCF7ABFA249016A8DDE923323D
:10C3E0002A99FDF753FB089808B3BDF89800BDF8EB
:10C3F0009410884202D12698249012E02998B0F92E
:10C400000600BDF95210401AC0EB00212198B1FB83
:10C41000F0F0C0B22290229ADDE92510FCF787FAED
:10C42000249014A8DDE923322A99FDF72FFBBDF8EB
:10C430007210BDF84E00084400B20090BDF87000C4
:10C44000BDF84C10084400B20790BDF87A10BDF852
:10C450004E00084400B20690BDF87810BDF84C00BC
:10C460004042084400B20590014616A8DDE90623C3
:10C47000FBF770FBBDF87210BDF84C00084400B229
:10C480000090BDF87000BDF84E10084400B207904F
:10C49000BDF87A10BDF84C00084400B20690BDF813
:10C4A0007810BDF84E004042084400B205900146A5
:10C4B00014A8DDE90623FBF74DFBBDF87610BDF8A7
:10C4C0004E004042084400B20090BDF87400BDF830
:10C4D0004C10084400B20790BDF87E00BDF84E1025
:10C4E0004942084400B20690BDF87C00BDF84C10EB
:10C4F0004942084400B20590014618A8DDE9062328
:10C50000FBF728FBBDF87600BDF84C104942084403
:10C5100000B20090BDF87400BDF84E10084400B29F
:10C520000790BDF87E00BDF84C104942084400B2A7
:10C530000690BDF87C00BDF84E104942084400B298
:10C54000059001461AA8DDE90623FBF703FB12A9B3
:10C5500013A8FCF7C0F800BF13A8FCF7A9F800283F
:10C560007FF46FADBDF89800BDF89410884202D1F9
:10C570002698249012E02998B0F90600BDF96A10B7
:10C58000401AC0EB00212198B1FBF0F0C0B222901C
:10C59000229ADDE92510FCF7CAF924901AA8DDE9F2
:10C5A00023322A99FDF772FABDF96A00BDF96210CB
:10C5B000884221D0BDF89800BDF89410884202D17D
:10C5C0002698249012E02998B0F90600BDF962106F
:10C5D000401AC0EB00212198B1FBF0F0C0B22290CC
:10C5E000229ADDE92510FCF7A2F9249018A8DDE9CC
:10C5F00023322A99FDF74AFABDF89800BDF8941045
:10C60000884202D12698249012E02998B0F90600B9
:10C61000BDF95A10401AC0EB00212198B1FBF0F08F
:10C62000C0B22290229ADDE92510FCF780F924900F
:10C6300016A8DDE923322A99FDF728FABDF9520040
:10C64000BDF95A10884221D0BDF89810BDF8940069
:10C65000814202D12698249012E02998B0F9060070
:10C66000BDF95210401AC0EB00212198B1FBF0F047
:10C67000C0B22290229ADDE92510FCF758F92490E7
:10C6800014A8DDE923322A99FDF700FA279800283B
:10C690007ED02998018828980844801C00B2ADF803
:10C6A0006800299881882898081A801E00B2ADF881
:10C6B0006C0029984088ADF86A0029984088ADF848
:10C6C0006E002B984088089002461AA8239B2A994E
:10C6D000FDF7DCF92998C088ADF86A002998C08870
:10C6E000ADF86E002B988088089002461AA8239B0C
:10C6F0002A99FDF7CBF9BDF94E001090DDE9100144
:10C70000401A00B20B900F98ADF828001198ADF8C0
:10C710002A000F992898401AC0EB00212198B1FBFC
:10C72000F0F0C0B22290229ADDE92501FCF7FFF873
:10C730000D90229ADDE92510FCF7F9F80E90002003
:10C740000990EEE0239A09990B98FDF763F9239974
:10C75000081AC0B2089008980090BDF87200BDF8A1
:10C7600028100844401C00B20790BDF87000BDF8C6
:10C770002A1001440998084400B206900E9B2A9A98
:10C780000799FEF709F808980090BDF87A0000E0D4
:10C7900058E1BDF828100844401C00B20790BDF8CD
:10C7A0007810BDF82A00404201440998081A00B2E6
:10C7B00006900E9B2A9A0799FDF7EEFF08980090C5
:10C7C000BDF87E00BDF8281049420844401E00B262
:10C7D0000790BDF87C10BDF82A004042014409983A
:10C7E000081A00B206900D9B2A9A0799FDF7D4FF0C
:10C7F00008980090BDF87600BDF82810494208441A
:10C80000401E00B20790BDF87410BDF82A00014424
:10C810000998084400B206900D9B2A9A0799FDF7E3
:10C82000BBFF11992898411A09980844C0EB0021D0
:10C830002198B1FBF0F0C0B22290229ADDE92510D8
:10C84000FCF775F80C9008980090BDF87200BDF8E0
:10C850002A1001440998084400B20790BDF87010EE
:10C86000BDF828000844401C00B206900C9B2A9A90
:10C870000799FDF791FF08980090BDF87A00BDF880
:10C880002A1001440998084400B20790BDF87800C6
:10C89000BDF8281049420844401E00B206900C9B87
:10C8A0002A9A0799FDF778FF229ADDE92501FCF71E
:10C8B0003EF80C9008980090BDF87E10BDF82A0054
:10C8C000404201440998081A00B20790BDF87C0064
:10C8D000BDF8281049420844401E00B206900C9B47
:10C8E0002A9A0799FDF758FF08980090BDF876003E
:10C8F000BDF82A10494201440998081A00B207906D
:10C90000BDF87400BDF828100844401C00B2069021
:10C910000C9B2A9A0799FDF73FFF0998401C00B22B
:10C9200009900B9909988842FFF60CAFBDF92800D1
:10C93000BDF92A10401A002805DDBDF92800BDF90F
:10C940002A10401A04E0BDF92A00BDF92810401A47
:10C950000B99884275D10F98ADF828000F98ADF863
:10C960002A000F98C0EB00212198B1FBF0F0C0B273
:10C970002290229ADDE92501FBF7D9FF0E90229A39
:10C98000DDE92510FBF7D3FF0D90239840100890A8
:10C9900008980090BDF87200BDF82810084400B255
:10C9A0000790BDF87010BDF82A00084400B2069048
:10C9B0000D9B2A9A0799FDF7EFFE08980090BDF8A5
:10C9C0007A00BDF82A10084400B20790BDF878003C
:10C9D000BDF828104942084400B206900D9B2A9ADF
:10C9E0000799FDF7D9FE08980090BDF87E00BDF8C4
:10C9F00028104942084400B20790BDF87C00BDF8F9
:10CA00002A104942084400B206900E9B2A9A0799C0
:10CA1000FDF7C2FE08980090BDF87600BDF82A1018
:10CA20004942084400B20790BDF87410BDF82800D0
:10CA3000084400B206900E9B2A9A0799FDF7ACFEB7
:10CA400000BF00BF2DB000BD2DE9FF4F89B00446E7
:10CA500015469A46E88886B206F090FF0746FCF72E
:10CA6000AEFE089068880790A88806902046FAF7DE
:10CA70006DFF80462046FAF7ABFF0490BAF1FF0F36
:10CA800001D1287A03E0287A00FB0AF00012039013
:10CA9000424630460499FCF7D7FF064608EBD871AA
:10CAA000B6EB610F02DD0DB0BDE8F08F2088ADF868
:10CAB0000400A088ADF80800BDF81C00BDF81810EF
:10CAC00088422DD16088304400B2ADF80600E0887D
:10CAD000801B00B2ADF80A00E888D0B1089860B1B8
:10CAE000BDF80600801C00B2ADF80600BDF80A00D3
:10CAF000801E00B2ADF80A000BE0BDF80600401C35
:10CB000000B2ADF80600BDF80A00401E00B2ADF854
:10CB10000A0001A8039B079A0A99FCF7B7FF43E0B4
:10CB2000608830440FFA80F9E088801B0FFA80FBA0
:10CB3000E88890B1089840B109F102000FFA80F935
:10CB4000ABF102000FFA80FB07E009F101000FFAD8
:10CB500080F9ABF101000FFA80FBB9F1000F01DAA7
:10CB60004FF000094F461CE0ADF80670ADF80A70B2
:10CB7000B4F90600BDF90610401AC0EB0020B0FB66
:10CB8000F8F0C0B20590DDE905210798FBF7CFFE6C
:10CB9000009001A8039B009A0A99FCF777FF781C84
:10CBA00007B25F45E0DD00BF00BF7CE72DE9FC4731
:10CBB00006460F4615469846B5F906403046FAF740
:10CBC00007FF81463046FAF7C1FE8246A0B25246C0
:10CBD0004946FCF739FF04B231466846FAF7A0FE31
:10CBE000BDF80000204400B2ADF80000BDF804001C
:10CBF000001B00B2ADF8040069463846FAF73EFF64
:10CC000008B1BDE8FC8731466846FAF789FEBDF8F1
:10CC10000200204400B2ADF80200BDF80600001B7F
:10CC200000B2ADF8060069463846FAF727FF00B1B2
:10CC3000E7E7287D012806D143462A463946304693
:10CC400000F044F907E0287D28B943462A463946D2
:10CC5000304600F002F800BFD3E72DE9FF4F95B052
:10CC60008246164606F08AFE8146FCF7A8FD14901F
:10CC7000B6F90650B6F912705046FAF7A9FE1390AD
:10CC80005046FAF763FE1290A8B2DDE91221FCF7D4
:10CC9000DBFE05B2149800EB4000284405B214985E
:10CCA000384407B2281D20F003001190119840006D
:10CCB0001190F81C00F0FC00109010981090DDE925
:10CCC00010218818FCF744FF0F90DDF83C80DDF858
:10CCD0003C80119808EB000B2A460DA90EA8FBF723
:10CCE000F2FC0FE0BDF83800BDF93A1028F8110049
:10CCF000BDF83A00BDF9381028F811000DA90EA8AA
:10CD0000FBF7E9FC0EA8FBF7D3FC0028EAD1189842
:10CD1000FF2801D1307A03E0307A18994843001295
:10CD20000C90002409E0381B0C9948434008B0FBE4
:10CD3000F7F00BF80400601C04B2BC42F3DBBAF855
:10CD40000000284400B2ADF81C00BAF80600401BF1
:10CD5000401C1499401A00B2ADF81E00BAF8040045
:10CD6000401B00B2ADF81800BAF80600401B401C8A
:10CD70001499401A00B2ADF81A0000246BE0BDF817
:10CD80001C00001B00B2ADF82C00BDF81E0038F8E6
:10CD90001410084400B2ADF82E00BDF8180020446D
:10CDA00000B2ADF82800BDF81A0038F81410084495
:10CDB00000B2ADF82A000CB9002005E0601E38F979
:10CDC000100038F91410401A00B203904FF0000917
:10CDD0003DE0039818B91BF80900049009E01BF81E
:10CDE00009100398A9EB00001BF800000844400854
:10CDF000049004980090328A0292BDF92E10BDF979
:10CE00002C001346169AFDF7C7FCBDF82E00401CF7
:10CE100000B2ADF82E00BDF92800BDF91C10884203
:10CE20000BDD04980090328A0292BDF92A10BDF9F8
:10CE300028001346169AFDF7AFFCBDF82A00401CE7
:10CE400000B2ADF82A0009F101001FFA80F9B945D6
:10CE5000BFDB601C04B2AC4291DDBDF81C00401C7D
:10CE600000B2ADF82000BDF81E00284400B2ADF8B5
:10CE70002200BDF81800401E00B2ADF82400BDF835
:10CE80002200ADF826000020059019E005981BF857
:10CE90000030308A0246049008A81699FCF7F6FD87
:10CEA000BDF82200401C00B2ADF82200BDF82600FB
:10CEB000401C00B2ADF826000598401C80B20590D9
:10CEC0000598B842E2DB19B0BDE8F08F2DE9FF4FBD
:10CED00099B08046914606F051FD0390FCF76FFC37
:10CEE0008246B9F90650B9F912704046FAF770FD5A
:10CEF00018904046FAF72AFD1790A8B2DDE91721ED
:10CF0000FCF7A2FD05B205EB0A0005B27800401C53
:10CF100000B21690E819001D20F003001590159836
:10CF2000400015901698C01C20F00300149014982F
:10CF300080001490E819001D20F00300139013984E
:10CF40001390DDE914210A4413995018FCF700FEF0
:10CF50001290129E129E159830441190DDE9141023
:10CF60000844129E3044109030461599F7F793F913
:10CF70002A460EA90FA8FBF7A6FB0FE0BDF83C0060
:10CF8000BDF93E1026F81100BDF83E00BDF93C1079
:10CF900026F811000EA90FA8FBF79DFB0FA8FBF7C1
:10CFA00087FB0028EAD11C98FF2802D199F80800D5
:10CFB00004E099F808001C99484300120D900024E1
:10CFC0000EE01698001B0D9949004843010216987F
:10CFD0004043B1FBF0F1119840F82410601C04B2FA
:10CFE00016988442EDDBB8F80400401BA0EB0A0061
:10CFF00000B2ADF82000B8F80600401BA0EB0A0014
:10D0000000B2ADF82200B8F80400401BA0EB0A0003
:10D0100000B2ADF81C00B8F802002844504400B239
:10D02000ADF81E00B8F800002844504400B2ADF836
:10D030001800B8F80600401BA0EB0A0000B2ADF8DB
:10D040001A00B8F800002844504400B2ADF81400AB
:10D05000B8F802002844504400B2ADF8160000248D
:10D0600020E100200490834644E00022794208B287
:10D070002DE02318002B06DA36F81430EB1AA3EB58
:10D080000B0319B20DE02318AB4200DD21E0231899
:10D0900036F8133036F814C0A3EB0C03A3EB0B03E4
:10D0A00019B27B42994204DAF84201D10123049378
:10D0B0000FE0B94203DD119B1B681A4405E0A7EBA2
:10D0C000010C119B53F82C301A44411C08B2B84291
:10D0D000CFDD00BFC2F30723109901F80B3004998C
:10D0E00021B10BF101011FFA81FB06E00BF10100F8
:10D0F0001FFA80FBE8195845B7DA00BF36F814006C
:10D10000BDF81C100844401C00B2ADF83000BDF85A
:10D110001E00001B00B2ADF8320036F81400BDF856
:10D1200020100844401C00B2ADF82C00BDF82200CD
:10D13000204400B2ADF82E00BDF8140036F81410EB
:10D14000401A401E00B2ADF82800BDF81600001BC2
:10D1500000B2ADF82A00BDF8180036F81410401AD5
:10D16000401E00B2ADF82400BDF81A00204400B201
:10D17000ADF826000120039087E0BDF92800BDF935
:10D180001410884214DABDF92A00BDF9161088423D
:10D190000EDA03991098405C0090B9F810200292C2
:10D1A000BDF92A10BDF9280013461A9AFDF7F4FAC2
:10D1B000BDF92400BDF91810884214DABDF9260023
:10D1C000BDF91A1088420EDD03991098405C00905A
:10D1D000B9F810200292BDF92610BDF924001346BB
:10D1E0001A9AFDF7D9FABDF93000BDF91C10884232
:10D1F00014DDBDF93200BDF91E1088420EDA039924
:10D200001098405C0090B9F810200292BDF93210DD
:10D21000BDF9300013461A9AFDF7BEFABDF92C008D
:10D22000BDF92010884214DDBDF92E00BDF9221091
:10D2300088420EDD03991098405C0090B9F81020E8
:10D240000292BDF92E10BDF92C0013461A9AFDF773
:10D25000A3FABDF82C00401C00B2ADF82C00BDF8BC
:10D260002400401E00B2ADF82400BDF83000401C80
:10D2700000B2ADF83000BDF82800401E00B2ADF895
:10D2800028000398401C80B2039003985845FFF68D
:10D2900074AF2CB94A464046109B1A9900F009F821
:10D2A000601C04B2E819A042BFF6DBAE1DB0BDE8B9
:10D2B000F08F2DE9F04F8DB004468B461746994606
:10D2C00006F05CFB0190FCF77AFA0546B7F90660B8
:10D2D000B7F912000C902046FAF77AFB0B90204623
:10D2E000FAF734FB0A90B0B2DDE90A21FCF7ACFB97
:10D2F00006B2701906B2A088401C401B00B2ADF8FF
:10D30000200060883044284400B2ADF82200BDF807
:10D310002000ADF82400E088801B401B00B2ADF86F
:10D3200026002088401E284400B2ADF8180060880E
:10D330003044284400B2ADF81A00BDF81800ADF82A
:10D340001C00E088801B401B00B2ADF81E00208846
:10D350003044284400B2ADF810006088401E2844D4
:10D3600000B2ADF81200A088801B401B00B2ADF8DF
:10D370001400BDF81200ADF816002088304428448F
:10D3800000B2ADF80800E088401C401B00B2ADF8C8
:10D390000A00A088801B401B00B2ADF80C00BDF84D
:10D3A0000A00ADF80E004FF0010855E019F808A08A
:10D3B000388A534602465946019008A8FCF766FB96
:10D3C000BDF82000401C00B2ADF82000BDF82400DC
:10D3D000401C00B2ADF82400388A53460246594634
:10D3E000019006A8FCF752FBBDF81800401E00B2E1
:10D3F000ADF81800BDF81C00401E00B2ADF81C00CE
:10D40000388A534602465946019004A8FCF73EFB71
:10D41000BDF81200401E00B2ADF81200BDF81600B3
:10D42000401E00B2ADF81600388A534602465946EF
:10D43000019002A8FCF72AFBBDF80A00401C00B2CC
:10D44000ADF80A00BDF80E00401C00B2ADF80E00A9
:10D4500008F101000FFA80F80C988045A6DD0DB0A8
:10D46000BDE8F08F014800687047000054030020B9
:10D470002DE9F04104460D46164614B90120BDE8D9
:10D48000F08133462A462146A06900F003F807469A
:10D490003846F4E72DE9FE4F06460C4690461F46F7
:10D4A000009400208DF8040002901F48006810B11D
:10D4B0001D48006802901C49C1F800D01B48D0F8F4
:10D4C0000090076001F060FB05462DB1A86818B117
:10D4D00041462846AA68904716B141462046B047C3
:10D4E0001248C0F800901048006880680E49086033
:10D4F0009DF8040010B10020BDE8FE8F8CB194F8B7
:10D500003000C00968B1206858B13A4641462068E9
:10D51000FFF7AEFF8246BAF1010F01D00020EBE722
:10D5200000BF0120E8E70000500300205403002062
:10D530002DE9F04105468846EE6841462846F9F750
:10D540005DFB074617B90020BDE8F081706800EB6D
:10D55000C7042CB130682168C1F313010844F3E714
:10D560000020F1E770B504460D4629462046626862
:10D57000904770BD2DE9F04104460D4616461F4602
:10D580003B46324629462046D4F800C0E047BDE875
:10D59000F0812DE9FF5F80460C46D8F80C604046CC
:10D5A0000299F9F72BFB07461FB9002004B0BDE82C
:10D5B000F09F4FF00009F06870B140460399F9F709
:10D5C0001DFB8346BBF1000F05D05A463946404645
:10D5D000F9F7E2FB814600BF706800EBC7052868D9
:10D5E000010D308A00FB09F001EB201A0AF1080056
:10D5F0004FEA101AA4F800A06879E0702879A070AA
:10D60000A8792071E87940B26071708AC0F38220F5
:10D61000A0710120CAE72DE9FC4106460C461546DB
:10D620002B46224669463046FFF7A4FF07461FB146
:10D63000BDF80000BDE8FC810020FBE70146087A48
:10D64000704770B50446606808B90B2070BD60680B
:10D65000006908B90920F9E7D4E900100269904788
:10D660000546206803F09AFB00202060606020607F
:10D670002846EBE770B50546094803F03DFA044635
:10D6800009E02078A84201D1204670BD2146044817
:10D6900003F037FA0446002CF3D10020F5E7000030
:10D6A000E009002070B505462846F6F7FFFD84B274
:10D6B0000FE0285D2E2802D1601C284470BD285D33
:10D6C0002F2802D0285D5C2801D104A0F6E7601E57
:10D6D00084B2002CEDDC01A0F0E7000000000000A7
:10D6E000401C0BE001783A2905D001785C2902D072
:10D6F00001782F2901D1401C00E002E001780029C7
:10D70000F0D100BF7047000010B54421014803F07C
:10D7100012FA10BDE00900202DE9F04704460D463D
:10D72000174600206060206015B90B20BDE8F08727
:10D7300095F800804046FFF79DFF6060606818B96B
:10D74000002020600320F1E76068806840B16068D5
:10D750008168884720B90020606020600120E5E7EB
:10D760006168488803F0F4FA2060206808B900BFB7
:10D77000FEE7206818B9002060600A20D6E76068DC
:10D78000C06808B90920D1E72846FFF7A9FF8146FC
:10D79000D4E900103B464A46D0F80CC0E0470646A4
:10D7A0002EB1206803F0FAFA002020606060304655
:10D7B000BCE72DE9FC4104460E4617461D460DB157
:10D7C00000202860606810B90B20BDE8FC8160680B
:10D7D000806908B90920F8E70020019001A80090AD
:10D7E000D4E900103B463246D0F818C0E0478046E6
:10D7F0000DB1019828604046E7E770B504460D4634
:10D80000606808B90B2070BD6068006A08B909201B
:10D81000F9E7D4E900102A46036A984706463046DD
:10D82000F1E72DE9F04107460C460FB9BDE8F0815C
:10D83000384603F061F9064608E03068A04200D19E
:10D84000F4E73146384603F05CF90646002EF4D181
:10D85000E06A30B1204604F014FA10B1E06A00F03A
:10D8600068F8E762384603F0CAF905460DB900BF0B
:10D87000FEE705B9DAE72C60384603F03DF9A84227
:10D8800002D1384600F055F800BFCFE710B5044686
:10D89000024A03492046F9F735F910BD030B010888
:10D8A000F90A010810B50446024A03492046F9F76F
:10D8B00029F910BD190B01082D0B0108014609B902
:10D8C0000020704791F85800C0F34000F9E7014686
:10D8D00009B900207047C86808B90020FAE7C8688D
:10D8E0000068F7E710B55C21014803F024F910BD8A
:10D8F000040A002070B504460D46294604F11C00B8
:10D9000006F034FA94F85800C0F3400038B160696A
:10D9100060B104F11C0120466269904706E020696D
:10D9200020B104F11C0120462269904704F11C003B
:10D9300070BD70B5044614F8580FC0F30015207878
:10D9400020F010001030207014F85809C0F3C00007
:10D9500018B92046FFF79AFF07E094F85800C0F383
:10D96000C00010B12046FFF79DFF94F8580065F302
:10D97000041084F8580070BD70B506461648056856
:10D98000002423E004EB840005EBC0004068B042B3
:10D9900000D0CEB904EB840005EBC000406828B18C
:10D9A00004EB840105EBC10000F068FD04EB840189
:10D9B00005EBC1002421F6F76EFC04EB840105EBB6
:10D9C000C1002821F6F767FC601C84B20348008878
:10D9D0008442D7DB70BD0000F403002084030020E4
:10D9E0002DE9F047074689464648008810B90020CF
:10D9F000BDE8F08744480668002514E005EB850083
:10DA000006EBC000406A414988420ADD05EB85000B
:10DA100006EBC000406A401E05EB850106EBC10124
:10DA20004862681C85B2374800888542E6DB0024DE
:10DA3000002518E005EB850006EBC0004068B84201
:10DA40000FD105EB850006EBC004616AA0690844AC
:10DA50006062606AB0F57A7F02DD4FF47A706062CE
:10DA600005E0681C85B2274800888542E2DB00BFDC
:10DA7000002C44D1344601250DE005EB850006EB72
:10DA8000C000406A616A884203DA05EB850006EB54
:10DA9000C004681C85B21B4800888542EDDB6068C5
:10DAA00010B1204600F0EAFC06F0E8FD82460020B6
:10DAB000A0614A463946204600F052FD8046B8F142
:10DAC000000F0FD1204600F0D9FC24212046F6F7A4
:10DAD000E2FB28212046F6F7DEFB4FF000406062B3
:10DAE000002085E700206062A06918B9504606F062
:10DAF000B7FDA061A06908B90120A06100BF204660
:10DB000076E7000084030020F40300200100008079
:10DB100070B505461D48006830B10020FFF72CFFA6
:10DB20001A48006803F03AF905EB8501C80003F0D4
:10DB30000FF9164908600846006808B900BFFEE7FB
:10DB40001248006818B900201149088070BD1048BB
:10DB50000580002413E004EB84010C4A126802EBF8
:10DB6000C1002421F6F797FB04EB8401074A1268F1
:10DB700002EBC1002821F6F78EFB601C84B204483A
:10DB800000888442E7DB00BFE0E70000F4030020E8
:10DB900084030020014600200F291DD2DFE801F098
:10DBA00008091C1C0B0E0C101316191114171A005F
:10DBB00000BF002012E000BF10200FE018200DE091
:10DBC00000BF01200AE000BF022007E000BF0420E0
:10DBD00004E000BF082001E0002000BF00BF704744
:10DBE000014600200C290FD006DC02290AD00529A5
:10DBF00007D00B290CD106E00D2906D00E2907D13C
:10DC000004E000BF00BF00BF00BF00BF012001E073
:10DC1000002000BF00BF704701460020CA1E082A2E
:10DC20000CD2DFE802F0050B0B040607080900BF61
:10DC300000BF00BF00BF00BF012001E0002000BF07
:10DC400000BF70472DE9F04107460D4600262946E2
:10DC5000384603F09FFC06460EB900BFFEE716B932
:10DC60000020BDE8F0813348006820B9304603F059
:10DC700009FF304908601021304603F078FC044663
:10DC80000CB900BFFEE70CB90020EAE700202060D5
:10DC9000207B20F00300C01C2073207B20F0F800C4
:10DCA0002073304603F056FF2081304603F0B8FE63
:10DCB0006081207B20F00400001D20730020A080E4
:10DCC0000021E1801C49304604F034F91B493046FC
:10DCD00004F04FF8BDB90021304604F041F84FB1CF
:10DCE000207B20F00400001D20730021304604F04A
:10DCF00072F91CE0207B20F00400207310493046AC
:10DD000004F069F913E0284603F084FE804698F891
:10DD10000C008108207B61F3820020733046D8F824
:10DD2000001000F023FE304604F00CF800BF30462F
:10DD300097E7000050040020B9EA000829E600082F
:10DD4000A007002070B506460D462C6A8CB12068ED
:10DD500028B12068FFF775FC206803F01FF86068A1
:10DD600010B1606803F01AF8204603F017F800209D
:10DD7000286270BD2DE9FE4380460D4614462846B4
:10DD800000F0ECFE0646DEB9287800F01F010429F9
:10DD900001DB0E2902DD0020BDE8FE832868820A2F
:10DDA000206862F3942020602868420D206862F3A6
:10DDB0005F5020602878226860F30402226034E01B
:10DDC000012E1DD10222294601A8FFF7A5FC074616
:10DDD0004FB96B460422214601A8FFF7EAFC07462B
:10DDE00001A8FFF72EFC207800F01F00042804DBB8
:10DDF000207800F01F000E2801DD0020CCE714E0A1
:10DE0000022E10D10121206861F394202060206847
:10DE1000C0F3140000F500102060206820F01F00FF
:10DE20000B30206001E00020B6E70120B4E70000DD
:10DE30002DE9FF4FC9B004460E4691466EA000681A
:10DE400048906EA0006847906DA30FCB43AD0FC5FF
:10DE5000A068008E4290002710E0BDF80801C1B212
:10DE600007EB470256988154BDF80801020A07EBF8
:10DE70004700401C56990A54781C07B24C988742B8
:10DE8000EBDB00204190217C01F01F00FFF782FEB8
:10DE90008246012101FA0AF0401E80B2409000251E
:10DEA0004FF000084FF0000B207C00F01F000B2803
:10DEB00006D00C281AD00D282FD00E284DD143E0C3
:10DEC0002069C0F38A20C510208AC0F3822008B1DF
:10DED000681C05B205FB09F000EBE600804406F083
:10DEE0000700C0F1070B48A8419036E02069C0F355
:10DEF0008A208510208AC0F3812008B1681C05B2F1
:10DF000005FB09F000EBA600804406F003000621A3
:10DF1000A1EB400B47A841901FE02069C0F38A2085
:10DF20004510208AC0F3802008B1681C05B205FBAB
:10DF300009F000EB6600804406F001000421A1EB2B
:10DF4000800B43A8419008E02069C0F38A2505FBB7
:10DF5000096080444FF0000B00BF00BF206A3F9073
:10DF600000200290207B20B96068816841440291C2
:10DF70000EE03F99086808F10401FFF73EFC3F9965
:10DF800000232A46086803A9FFF713FC03A80290A0
:10DF900000200190002728E0DDE90110415C409855
:10DFA00000FA0BF0084040FA0BF00090207C00F0E3
:10DFB0001F000E2801D1009902E000994198415CB0
:10DFC00007EB4700801C569A1154ABEB0A004FFA3E
:10DFD00080FBBBF1000F06DACAF108004FFA80FBA4
:10DFE0000298401C0290781C07B24C988742D3DB01
:10DFF00001204DB0BDE8F08F00FF00000055AAFFE2
:10E0000000112233445566778899AABBCCDDEEFF18
:10E010002DE9FF4FC3B004460E469046217C01F027
:10E020001F00FFF7B7FD42900121429801FA00F06E
:10E03000401E80B2419000274FF000090025207C4F
:10E0400000F01F00072806D0082819D009282DD075
:10E050000A284CD140E02069C0F38A20C710208AEA
:10E06000C0F3822008B1781C07B207FB08F000EB70
:10E07000E6000544083506F00700C0F1070936E060
:10E080002069C0F38A208710208AC0F3812008B15C
:10E09000781C07B207FB08F000EBA600054410351A
:10E0A00006F003000621A1EB400920E02069C0F33F
:10E0B0008A204710208AC0F3802008B1781C07B25C
:10E0C00007FB08F000EB66000544403506F0010050
:10E0D0000421A1EB80090AE02069C0F38A2707FB2D
:10E0E0000860054405F580654FF0000900BF00BFDA
:10E0F000D4F820A000200490207B20B960688168BB
:10E10000294404910DE0291DDAF80000FFF775FBA2
:10E1100000233A4605A9DAF80000FFF74AFB05A8F4
:10E12000049000200390509801904FF0000B27E0DE
:10E13000DDE90310415C419800FA09F0084040FA1B
:10E1400009F00290DAF80410029801EB40010198FE
:10E1500000EB4B00098801804298A9EB00004FFAC0
:10E1600080F9B9F1000F07DA4298C0F108004FFAC0
:10E1700080F90498401C04900BF101000FFA80FB19
:10E1800046988345D4DB012047B0BDE8F08F2DE9E8
:10E19000FC5F04460E4617469846D4F82090217C32
:10E1A00001F01F00FFF7F6FC83462069C0F38A20C8
:10E1B00007FB006000FB0BF0C01001900198001DF0
:10E1C0000190D9F800000199FFF717FB8246BAF1D8
:10E1D000000F02D00020BDE8FC9F4FEAEB0000FBDF
:10E1E00008F5002000906B462A46D9F800000C99EB
:10E1F000FFF7DFFABAF1000F02D10098854201D093
:10E200000020E8E70120E6E72DE9FC5F80460C46A8
:10E21000207B012833D16068FFF744FA814664A16E
:10E22000F6F74BF810B10020BDE8FC9F02226846CB
:10E230006168FFF771FA07460FB10020F4E7206A22
:10E2400068B9082002F084FD2062206A18B9206AAB
:10E2500008B900BFFEE70021206A01604160266A1C
:10E26000082002F075FD3060306818B9306808B9D0
:10E2700000BFFEE73068DDE9001206C000BF207C69
:10E2800000F01F05042D03D0052D01D0062D0AD165
:10E29000207B20B96068806860610120C4E70020AD
:10E2A00060610120C0E7072D05D0082D03D0092D9E
:10E2B00001D00A2D6AD12846FFF76CFC8146012067
:10E2C00000FA09F7206A68B9082002F041FD2062CF
:10E2D000206A18B9206A08B900BFFEE70021206A49
:10E2E00001604160266A780002F032FD706070685B
:10E2F00018B9306808B900BFFEE7207B01280AD1B1
:10E3000004213068FFF779FA7A000023D6E900018A
:10E31000FFF74FFA36E062689168002210462EE05F
:10E3200001EB800A9AF8022001EB800A9AF801308A
:10E3300011F820C04FEADC0BBDF800A06BF3040A13
:10E34000CDF800A04FEA930BBDF800A06BF34A1A7A
:10E35000CDF800A04FEAD20BBDF800A06BF3CF2A96
:10E36000CDF800A0BDF800B0DA46CDF804A0726880
:10E3700002EB4002BDF804301380421C1046B84244
:10E38000CED300BF0020606101204DE70B2D05D0EA
:10E390000C2D03D00D2D01D00E2D03D10020606176
:10E3A000012041E721464046FFF7CCFC00203BE737
:10E3B00062696E002DE9F84F82460C4616461F46EC
:10E3C000DDE90A854FF00009207C00F01F000428D9
:10E3D00009D0207C00F01F00052804D0207C00F02C
:10E3E0001F0006280BD1207B012845D143463A4621
:10E3F000314620460095FFF7CAFE81463CE0207C6E
:10E4000000F01F000B280ED0207C00F01F000C280D
:10E4100009D0207C00F01F000D2804D0207C00F0E3
:10E420001F000E2808D143463A4631462046009543
:10E43000FFF7FEFC81461FE0207C00F01F0007284C
:10E440000ED0207C00F01F00082809D0207C00F0AE
:10E450001F00092804D0207C00F01F000A2808D1E2
:10E4600043463A46314620460095FFF7D1FD8146A6
:10E4700002E00020BDE8F88F4846FBE710B50446EF
:10E48000206830B12068C06818B120682146C26891
:10E49000904710BD10B5084802F058FB04460CB96F
:10E4A00000BFFEE70CB9002010BD002020606060B6
:10E4B000A060E0602046F7E7100A00202DE9F04157
:10E4C00006460D46286820F0E000286000270E4828
:10E4D00002F012FB044610E00027206840B12A46F3
:10E4E00031462046236898470746012F00D106E0B1
:10E4F0002146054802F005FB0446002CECD100BF84
:10E500003846BDE8F0810000100A002010B5102147
:10E510000E4802F010FBFFF7BDFF04461CB90CB912
:10E5200000BFFEE710BD0A49204600F077F8094910
:10E53000204600F075F80849204600F073F80749B6
:10E54000204600F069F800BFECE70000100A002048
:10E5500075DD000809E20008B5E3000845DD0008A4
:10E560002DE9F04104460F469046C4F808806760E4
:10E57000384600F0F3FA2073002020620026184885
:10E5800002F0BAFA054620E0286808B1686800B9C8
:10E5900016E004F11002394628462B6898470646D3
:10E5A000012E00D00CE00020E06160612560214672
:10E5B00028466A6890470646012E00D107E000BF52
:10E5C0002946074802F09DFA0546002DDCD100BF20
:10E5D0001EB924212046F5F75EFE3046BDE8F081E5
:10E5E000100A00202DE9FC4704460D4616461F463A
:10E5F000DDF828804FF000092068806848B1CDE937
:10E600000078206833462A462146D0F808C0E04703
:10E6100081464846BDE8FC87C1607047016070478D
:10E6200041607047816070472DE9F04397B006461E
:10E6300089461746304603F029FA8046304603F0F3
:10E64000E9F90446022F20D10025207B00F00300C9
:10E65000032804D0207B00F00300022803D100200F
:10E6600017B0BDE8F083207B0421B1EBD00F04D0BC
:10E67000207B0121B1EBD00F05D106F110014846F6
:10E68000F9F7FCF905462846EAE7002F6FD16089C3
:10E6900008B1208908B90120E2E7304603F0CEF93D
:10E6A000054615A9304603F07AF9207B00F00300F7
:10E6B000012804D0207B00F00300002858D1BDF8C9
:10E6C0005400A188401A00B2ADF85400BDF85610AD
:10E6D000E088081A00B2ADF85600BDF85600ADF853
:10E6E0004E00BDF8560061890844401E00B2ADF8E6
:10E6F000520035E0BDF85400ADF84C00BDF85400B0
:10E7000021890844401E00B2ADF8500014E0009585
:10E710004346494613A82268FBF748FABDF84C0067
:10E720002189084400B2ADF84C00BDF850002189A1
:10E73000084400B2ADF85000BDF94C00BDF95810C6
:10E740008842E4DBBDF84E006189084400B2ADF8B0
:10E750004E00BDF852006189084400B2ADF8520085
:10E76000BDF94E00BDF95A108842C3DB27E027E00F
:10E77000207B00F00300022819D1414606A805F0CD
:10E78000F5FAB8F83000ADF8380000204FF6FF7108
:10E79000CDE90201CDE90410014620682B4606AA06
:10E7A000CDE90001494615A8FBF74CFA07E04346BE
:10E7B0000022494606F110000095FBF7F7F900BF6B
:10E7C00001204DE72DE9FF4F8FB0064692461D46CA
:10E7D000DDF870B032460DA81099F9F70EF90C90DB
:10E7E0000C9818B9012013B0BDE8F08FBBF1FF0FF2
:10E7F00002D13320405D04E03320405D00FB0BF08C
:10E8000000120B9029465046FFF7EAF804460CB96F
:10E810000020E8E7217C01F01F00FFF7FDF98046AA
:10E82000217C01F01F00FFF7DBF90746E069B8B172
:10E83000FF23444A30461099FCF719F800204FF6A0
:10E84000FF71CDE90201CDE904100146E069FF2323
:10E850003C4ACDE9000130461099FBF7F3F96FE02F
:10E86000606970B13220405D0390288EADF80800D9
:10E87000CDE90087626930460B9B1099FBF70AFED1
:10E880005EE00DA8F9F796F80A900DA8F9F792F84E
:10E8900000EB40000390FBF75BF9099007A80D9986
:10E8A00001600E99416000BF0121F9F75AF9BDF8E6
:10E8B00034003188401A00B20690BDF836007188E5
:10E8C000401A00B20590BDF93600049032E0099874
:10E8D000009020460A9BDDE90521FFF783FE814673
:10E8E000B9F1010F04D02046FFF7C8FD00207AE7F8
:10E8F0003220405D0390288EADF80800CDE90087F6
:10E9000007A80B9B099A1099FBF7C4FDBDF81E00E0
:10E91000401C00B2ADF81E00BDF82200401C00B241
:10E92000ADF822000598401C00B205900498401CE8
:10E9300000B20490BDF93A1004988142C7DA00BFD2
:10E94000012050E7A007002070B50446204603F0E0
:10E9500061F80546287BC0F3800070BD70B50446A1
:10E96000204603F057F80546286870BD2DE9F043AE
:10E9700085B080460F46384600F0F0F80546404620
:10E9800003F048F80446032D16D1207B00F0030065
:10E99000022804D0207B00F00300012802D1206867
:10E9A00002F0FCF900202060207B20F00300C01C56
:10E9B000207305B0BDE8F08304A93846FFF77EFD5B
:10E9C00075B9207B00F00300012804D0207B00F003
:10E9D0000300022802D1206802F0E0F9276027E056
:10E9E000012D01D0022D23D12068B84220D0207BF8
:10E9F00000F00300012804D0207B00F0030002286F
:10EA000002D1206802F0CAF93846F5F74FFC00F150
:10EA10000109484602F09CF906460EB900BFFEE720
:10EA200006B9C6E739463046F5F755FC266000BF03
:10EA3000022D20D100BF404603F028F806460021F1
:10EA400047F61842B6F92A00CDE901210090B6F93F
:10EA50002830394603A8726A05F0BEFEBDF80C10D6
:10EA6000049861F394200490BDF80E10049861F3AB
:10EA70005F50049000BF207B65F301002073049871
:10EA8000C0F38A2020810498400D6081217B049886
:10EA900060F3C70121734046FFF756FF30B1B4F968
:10EAA0000A20B4F90810404603F046FA404603F045
:10EAB00081F800BF7DE700002DE9F04180460D465A
:10EAC0001646324629464046214B1B689847074662
:10EAD000012F02D03846BDE8F081404602F09AFF8F
:10EAE0000446A5B9207B00F00300012804D0207B58
:10EAF00000F00300022828D1206802F04FF900201E
:10EB00002060207B20F00300C01C20731DE0042D3A
:10EB100009D1207B00F00300022816D1404621686D
:10EB2000FFF724FF11E0062D0FD13146002005E04C
:10EB300051F8202002B903E0421CD0B20728F7DBCD
:10EB400000BF04A241F8202000BF3846C3E7000000
:10EB5000500400206C765F696D6700000146032059
:10EB600001B970470A461378202B04DB13787F2BFA
:10EB700001DC012005E01378802B01DB022000E09E
:10EB8000002000BFEDE7000001480068704700006A
:10EB90004403002010B504461CB9044801F0ACFF42
:10EBA00010BD2146014801F0ACFFF9E7D40900206F
:10EBB000014609B9002070470878FCE718B900221F
:10EBC0000A804A8070470278012A06D00278032A18
:10EBD00003D000220A804A8003E0028D0A80428D21
:10EBE0004A8000BFEEE710B5002000F012F810BD1B
:10EBF000014609B9002070470878012804D0087838
:10EC0000032801D00020F6E791F84000C0F340004F
:10EC1000F1E770B504463CB194F84C0020F00200D6
:10EC2000801C84F84C0012E00020FFF7B3FF05467B
:10EC30000AE095F84C0020F00200801C85F84C009A
:10EC40002846FFF7A7FF0546002DF2D100BF70BD93
:10EC500010B51348007800B110BD02F0E9F805F0D6
:10EC60003BFBFEF751FDF8F7B1FDFEF73BFE05F06B
:10EC700087F804F0C8FE4FF4B2710A4801F05BFF58
:10EC80005C21094801F057FFFFF7ADFFFFF73EFC9D
:10EC90000120FEF73DFF01200149087000BFDBE7BE
:10ECA0004C030020C8090020D40900202DE9FF41B1
:10ECB00004460F4614B9FAF793FD04460CB9BDE8B3
:10ECC000FF811FB90020C4F85C01F8E70020ADF80F
:10ECD0000800ADF80A002046FAF788FD401E00B291
:10ECE000ADF80C002046FAF7B5FD401E00B2ADF8B5
:10ECF0000E0002AA39466846F8F77FFE0646EEB3D4
:10ED0000206918B1694620462269904700250AE02B
:10ED100004F13C0000EBC5016846F8F7AFFE00B116
:10ED2000CDE7681C85B2B4F85C01C0F30900A842C5
:10ED3000EEDCB4F85C01C0F3090020280BDAB4F86B
:10ED40005C11C1F3090204F13C0101EBC200694608
:10ED5000F8F7E1FD0DE00020C4F85C01B4F85C11A7
:10ED6000C1F3090204F13C0101EBC20002A9F8F76A
:10ED7000D2FDB4F85C01C0F3090000E003E0401CE0
:10ED8000C4F85C0100BF00BF99E700002DE9F0471F
:10ED900080460F463946404602F0FCFB06460EB957
:10EDA00000BFFEE716B90020BDE8F087674800689D
:10EDB00020B9304602F066FE6449086014213046EE
:10EDC00002F0D5FB304602F025FE04460CB900BF28
:10EDD000FEE70CB90020E7E700202060207C20F04F
:10EDE00008002074207C20F040002074607C20F01B
:10EDF00001006074207C20F0300020744FF6FF701A
:10EE00002081207C20F0070020741920E081002060
:10EE100060810021A1816060607C20F0020060744C
:10EE20004B49304602F0A5FF4A49304603F082F8CC
:10EE300097B90021304602F093FF0021304600F0E0
:10EE4000B1FD45A1304600F049FE00252946304677
:10EE500003F0C1F800BF76E0384602F0DBFD05465E
:10EE6000384600F0ABFA81464946304600F09AFD3C
:10EE7000384600F0ADFA81464946304600F0F2FDD2
:10EE8000384600F0BDF981464946304600F040FD65
:10EE9000384600F0ABF981464946304600F0E6FCC2
:10EEA000287CC0F3C00040B9384600F09BFA814688
:10EEB0004946304600F012FE07E0384600F092FA6C
:10EEC00081464946304600F0E3FD287C00F007000B
:10EED000022819D1286801F09BFF81464946206825
:10EEE00001F0BAFF2060206808B900BFFEE7206883
:10EEF00008B9002058E7286801F08AFF8146296890
:10EF00004A462068F5F7AEF9687CC0F3400060B16E
:10EF1000686850B16868F5F7C9F981461FFA89F247
:10EF20003046616800F00DFD01E068686060687C53
:10EF30004108607C61F3410060742889208130467B
:10EF400002F000FF00BF30462EE70000540400200E
:10EF500061EF000875FB000854657874000000003C
:10EF60002DE9F74F8CB080461746022F03D10020C1
:10EF70000FB0BDE8F08F002F7ED1404602F086FD35
:10EF80000546404602F05AFD09900AA9404602F0A3
:10EF900006FD404602F041FD08900898FEF797FCF8
:10EFA000404505D12A460AA8099B0D99FBF75FFC4D
:10EFB000404602F02FFD0446607C00F0010050B393
:10EFC00006A9404602F0EBFCBDF81810688B081A41
:10EFD00000B2ADF81800BDF81C10A88B084400B2B0
:10EFE000ADF81C00BDF81A10E88A081A00B2ADF896
:10EFF0001A00BDF81E10288B084400B2ADF81E00A0
:10F00000404602F01BFD824653462A4606A80D994B
:10F01000FBF72DFC00BF0026207CC0F3801008B158
:10F0200046F00106207CC00908B146F00206207CAB
:10F03000C0F30110012801D146F00406207CC0F382
:10F040000110022801D146F00806207C00F00700DC
:10F05000032804D0207C00F00700042824D1207C61
:10F06000C0F30110012804D0207CC0F30110022855
:10F070001AD147F6184100E0A0E0B5F92A008DE862
:10F080004300B5F928306A6A07A8216805F0A4FB97
:10F09000404602F05FFDBDF91C10884203DA26F0FD
:10F0A000080626F0040600BF4FF00009404600F0B5
:10F0B000A1F98246404600F0A1F9834604F10A0016
:10F0C000CDE903BACDF8149002902068CDE900068E
:10F0D0002A460AA8099B0D99FAF7B4FD207C00F096
:10F0E0000700042869D147F61841B5F92A008DE8D0
:10F0F0004300B5F928306A6A07A8216805F06CFB5F
:10F10000404602F027FDBDF91C10884228DA202273
:10F110001146686AFEF77FFA00EB40006189BDF88E
:10F120001C201144084400B2ADF81800A089ADF8C5
:10F130001A00404600F05EF98246404600F05EF953
:10F140008346002006A9CDE903BA02910590206804
:10F15000CDE900062A460AA8099B0D99FAF772FD27
:10F16000404602F05DFCBDF91E10884224DA608939
:10F17000ADF81800686AFEF761FAA189BDF81E2093
:10F180001144084400B2ADF81A00404600F032F9CC
:10F190008246404600F032F98346002006A9CDE9B8
:10F1A00003BA029105902068CDE900062A460AA814
:10F1B000099B0D99FAF746FD00BF00BF0120D7E675
:10F1C00070B50546284602F025FC0446607CC0F375
:10F1D000400020B1606810B1606801F0DFFD607C24
:10F1E00020F0020060740020606070BD70B50446BD
:10F1F000204602F00FFC0546287CC0F3011070BDCC
:10F2000070B50446204602F005FC0546687C00F017
:10F21000010070BD70B50546284602F0FBFB0446B0
:10F22000607CC0F3400008B1606870BD201DFCE741
:10F230002DE9F34F8DB08B460D9800F0D3F80446BE
:10F240000D9802F0E7FB06460027B8460D9802F03D
:10F2500081FC0C900D9802F019FC8146D9F824002D
:10F260000B900B98FEF7EAF90A9000200990002510
:10F27000307CC0F3801008B145F00105307CC00936
:10F2800008B145F00205307CC0F30110012801D11E
:10F2900045F00405307C00F0070010B947F618402F
:10F2A0000C9019E00095B9F92820E019DDE90B135D
:10F2B00005F002FA8044BBF90220DDE909010844A7
:10F2C000824200DC0BE0B9F82A100A980144099840
:10F2D000084400B209904746E05D0028E2D100BF33
:10F2E0004FF0000A307CC0F3011001281BD10095BB
:10F2F000B9F92830A8EB070291B2E0190B9A05F092
:10F30000D1FA03900D9802F025FC019000EBD0702B
:10F3100041100398029000EBD070A1EB60005044C4
:10F320000FFA80FA00BF0020089007970798069010
:10F33000B8F1000F34D02DE007A920461D4A12680D
:10F34000904705900799601800211A4A1268904763
:10F35000049005F0010030B10798215C08A805F081
:10F36000E9FA00B116E0DDE904210B98FEF753F944
:10F3700050440FFA80FABBF90000504502DA0698B3
:10F3800007900CE0B9F8280050440FFA80FA07986B
:10F39000069000BFA8F1010007998842CCD200BFB7
:10F3A0002046054A07991268904780B20FB0BDE821
:10F3B000F08F0000280400203404002070B50446BB
:10F3C000204602F027FB0546287C00F0070070BDB0
:10F3D00070B50446204602F01DFB0546287CC0F3AC
:10F3E000801070BD70B50446204602F013FB054640
:10F3F000286870BD01464FF6FF70704701464FF612
:10F40000FF7070472DE9F04F8BB08046404602F008
:10F4100001FB0446206810B90BB0BDE8F08F4046F0
:10F4200002F098FB0A90404602F030FB0546D5F802
:10F430002490207C00F0070010B947F618400A908D
:10F440000027207CC0F3801008B147F00107207C22
:10F45000C00908B147F00207B5F92A100A98CDE9AA
:10F4600001070091B5F928304A4609A8216805F03E
:10F47000B3F9207C00F0070038B9BDF92620BDF9AA
:10F480002410404602F058FDA0E1207C00F0070067
:10F4900003287AD1CDF800809DF8200020F00200EA
:10F4A000801C8DF820009DF8200020F00100401CF9
:10F4B0008DF82000002004900390C748029020227D
:10F4C0001146686AFEF7A7F8B5F9281008444FF40A
:10F4D0007A714843E18990FBF1F000EB400080B283
:10F4E000ADF81C00BDF81C00ADF81E00BDF81C00F6
:10F4F000404200B2ADF81A000026404602F02AFB56
:10F50000BDF92410884216DA404602F023FBBDF90B
:10F510002410401A0590B1480190059B1AB2049B33
:10F5200019B2E089F8F7DAF9ADF818006846F8F78B
:10F5300063F9012605E0A9494046F8F789F900205A
:10F540006081404602F06CFABDF9261088421DDA4F
:10F55000E6B9404602F064FABDF92610A0EB010AB4
:10F560004846FEF76BF8AAEB000005909C48019016
:10F57000059B1AB2049B19B2E089F8F7AFF9ADF810
:10F5800018006846F8F738F906E006E09449404666
:10F59000F8F75EF90021A18118E1207C00F0070056
:10F5A00004287ED1CDF800809DF8200020F00200D4
:10F5B000801C8DF820009DF8200020F001008DF8BF
:10F5C00020000020049020221146686AFEF723F8EC
:10F5D000B5F9281008444FF47A714843E18990FB4B
:10F5E000F1F0404200EB400000B2ADF81A000020FC
:10F5F0000390794802900020ADF81C00ADF81E0081
:10F600000026404602F0A6FABDF9241088421BDA13
:10F61000202211464846FDF7FEFF00EB4000BDF9F1
:10F6200024104942081A05906C480190059B1AB2B3
:10F63000049B19B2E089F8F751F9ADF81800684653
:10F64000F8F7DAF8012605E064494046F8F700F9D2
:10F6500000206081404602F0E3F9BDF9261088429F
:10F6600018DABEB94846FDF7E9FFBDF92610494250
:10F67000081A05905A480190059B1AB2049B19B2CA
:10F68000E089F8F72BF9ADF818006846F8F7B4F8F8
:10F6900006E006E052494046F8F7DAF80021A18179
:10F6A00094E0207C00F00700022871D1404602F06F
:10F6B000B7F9BDF92610884203DB4FF6FF702081B1
:10F6C00084E04849206809688847032803D84FF632
:10F6D000FF7020817AE0404602F03CFA83462E22F9
:10F6E0001146686AFDF797FF298D084400EB40003A
:10F6F000ABEB000000B2ADF82000404602F090F9FC
:10F70000ADF82200686AFDF799FFB5F92A100144A7
:10F71000BDF9220090FBF1F201FB1200BDF82210AE
:10F72000081A00B2ADF82200BDF82210688D081A40
:10F7300000B2ADF8220008A94046FFF779FD079016
:10F740002068294A0799126890470690DDF818A0AA
:10F750000020059000260FE02168069A88182349AA
:10F760000968884705990844C0B2059006A9204A4F
:10F77000206812689047761C032EEDD9206800EBB4
:10F780000A014046059A00F0DCF890B1002606E038
:10F7900010E02E200AEB060221688854761C032E06
:10F7A000F7D300210AF10300226811540798C01C06
:10F7B00020810BE0207C00F00700012805D1BDF975
:10F7C0002610404602F0FCFA00E000BF404602F07E
:10F7D000F1F900BF20E60000A978000835FA00081A
:10F7E0004DFA000838040020300400201C040020DA
:10F7F000280400202DE9F0478146484602F00AF926
:10F800000446207C00F00700022801D0BDE8F08704
:10F8100020894FF6FF71884200D1F7E72089A0F1D7
:10F8200003084146104A20681268904706460025A2
:10F830004846FFF7EFFC074605E0785D721921683E
:10F840008854681CC5B271192068405C0028F4D146
:10F85000785D7219216888544846FFF7B1FC4FF66D
:10F86000FF70208100BFD1E73004002070B506464C
:10F870000C46304602F0CEF80546287CC0F3011055
:10F88000A04200D170BD287C64F305102874304676
:10F8900002F090F900BFF5E72DE9F04107460D466B
:10F8A0001646384602F086F9384602F0B3F80446A8
:10F8B0002068A84200D025B93846FFF7A3FDBDE86F
:10F8C000F081206840B1207CC0F3C00020B92068DE
:10F8D00001F064FA00202060701C01F039FA206009
:10F8E000206808B900BFFEE7206800B9E7E73246A4
:10F8F00029462068F4F7B6FC002021688855207C52
:10F9000020F0080020743846FFF77CFD00BFD6E7E2
:10F9100070B506460C46304602F07CF80546687C19
:10F9200000F00100A04200D170BD687C64F30000CB
:10F930006874304602F0F9F9304602F03BF900BF36
:10F94000F2E72DE9F04106460F461546304602F033
:10F9500061F804463046FFF733FC042D16D9681CC5
:10F9600001F0F6F96060606810B90020BDE8F08130
:10F970002A4639466068F4F775FC002061684855EE
:10F98000607C20F00200801C607408E0607C20F045
:10F99000020060742A463946201DF4F763FC0120FA
:10F9A000E4E7000070B506460D46304602F032F836
:10F9B00004461C493046F7F74BFF1B493046F7F722
:10F9C00047FF1A493046F7F743FF19493046F7F722
:10F9D0003FFF002060810021A181032D03D0042D71
:10F9E00001D0052D05D1207C20F0800080302074CE
:10F9F00003E0207C20F080002074207C00F00700D1
:10FA0000022807D120894FF6FF71884202D0304684
:10FA1000FFF7F0FE207C65F3020020743046FFF70C
:10FA2000F1FC70BD072001082120010835FA00080B
:10FA30004DFA000870B505460C46284601F0EAFF6D
:10FA400006467481284602F0B5F870BD70B50546CB
:10FA50000C46284601F0DEFF0646B481284602F037
:10FA6000A9F870BD70B506460C46304601F0D2FFCD
:10FA70000546287CC0F38010A04200D170BD287CD0
:10FA800064F3861028743046FFF7BCFC00BFF5E72E
:10FA900070B506460D46304601F0BCFF0446207C9A
:10FAA000C0F3C00030B9206820B1206801F076F9B9
:10FAB000002020602DB1207C20F008000830207448
:10FAC00025603046FFF79EFC70BD70B505460E46BA
:10FAD00014462146284602F07EFA70BD2DE9F04119
:10FAE00006460D46304602F065F8304601F092FFBA
:10FAF000044625B93046FFF785FCBDE8F081206853
:10FB0000A8420FD12068F4F7D1FB471C3946206882
:10FB100001F0A2F92060206808B900BFFEE7206864
:10FB200018BBEAE72846F4F7C1FB471C206840B140
:10FB3000207CC0F3C00020B9206801F02FF900201C
:10FB40002060384601F004F92060206808B900BF41
:10FB5000FEE7206800B9D0E729462068F4F7BBFB30
:10FB6000207C20F00800207400BF3046FFF74AFCDC
:10FB700000BFC2E72DE9F04704460E4690464246D4
:10FB800031462046494B1B6898478146B9F1010F21
:10FB900002D04846BDE8F087204601F03BFF07460B
:10FBA00066B9387CC0F3C00020B9386801F0F6F8B7
:10FBB000002038602046FFF703FB74E0042E06D1D6
:10FBC0002046FFF717FE2046FFF71CFC6BE0022ED5
:10FBD0001AD104F11000F7F702FF05464046F7F787
:10FBE000FEFE854209D104F11000F7F7B6FE054686
:10FBF0004046F7F7B2FE854255D02046FFF7FAFDA2
:10FC00002046FFF7FFFB4EE0052E3AD1787C00F04E
:10FC10000100002847D000BF204601F037FF05460D
:10FC2000B4F93410B5F91A00814202DDB4F9340098
:10FC300001E0B5F91A00A086B4F93410B5F91C003A
:10FC4000814202DDB4F9340001E0B5F91C00A08660
:10FC5000B4F93410B5F91600814202DDB4F934006C
:10FC600001E0B5F91600A086B4F93410B5F9180012
:10FC7000814202DDB4F9340001E0B5F91800A08634
:10FC800011E0062E0FD14146002005E051F820205A
:10FC900002B903E0421CD0B20728F7DB00BF04A280
:10FCA00041F8202000BF484674E7000054040020BB
:10FCB0006C765F6C6162656C000000002DE9F041BC
:10FCC00080460D462946404601F064FC06460EB9C2
:10FCD00000BFFEE716B90020BDE8F08123480068A8
:10FCE00020B9304601F0CEFE204908602048006867
:10FCF00020B9304601F05CFE1D4908600121304604
:10FD000001F035FC04460CB900BFFEE70CB9002039
:10FD1000E2E7FF2020701749304602F00BF9164940
:10FD2000304602F026F8A5B921221146304602F0ED
:10FD300003F904F08FFC07462FB1002130463A6DDD
:10FD400000F0AFF804E00D4A0021304600F0A9F8B9
:10FD500009E0284601F05EFE0746387820703046FC
:10FD600001F0F0FF00BF3046B6E700005C04002061
:10FD700058040020B5FE000881FD0008540800204A
:10FD80002DE9F04794B0044688461646022E08D165
:10FD90003246414620462E4B1B68984714B0BDE8BA
:10FDA000F087002E52D1204601F034FE0546204651
:10FDB00001F06CFE0746D4F828903C22394602A890
:10FDC000F4F750FA002013902A78BDF80A0000904A
:10FDD0001399F8F7EAFD0190BDF80400ADF80A00A8
:10FDE000002012902A78BDF80C0000901299F8F7C4
:10FDF000DCFD019002A8BDF80410ADF80C10002045
:10FE000011902A78BDF8120000901199F8F7CDFDF5
:10FE1000019002A8BDF80410ADF8121095F800A0EA
:10FE2000AAF16401788A11FB00F09B2190FBF1F0AC
:10FE300001B2ADF81A1002A8A0623246414620462F
:10FE4000034B1B689847C4F8289000BF0120A5E722
:10FE50005804002070B50446204601F0DBFD05463D
:10FE6000287870BD10B504466421204600F008F8DB
:10FE700010BD10B50446FF21204600F001F810BD6A
:10FE800070B506460C46304601F0C4FD054628789C
:10FE9000A04200D170BD2C70304601F08BFE00BF37
:10FEA000F8E770B505460E4614462146284602F08E
:10FEB00092F870BD2DE9F04107460C4615462A46DA
:10FEC000214638460E4B1B6898470646012E02D045
:10FED0003046BDE8F081062C0FD12946002005E010
:10FEE00051F8202002B903E0421CD0B20728F7DB0A
:10FEF00000BF04A241F8202000BF3046E9E700001F
:10FF00005C0400206C765F6C6564000070B504468C
:10FF10002046FFF79FFF0546B12D03DD2046FFF782
:10FF2000A1FF02E02046FFF7A4FF70BD2DE9F05FBE
:10FF3000074688461646384601F06CFD0446B4F87C
:10FF40004800401CA4F8480000213846F8F780F922
:10FF500005464D48006820B9284601F093FD4A49FE
:10FF6000086000212846226BF8F767FA012128462D
:10FF7000626BF8F762FA02212846A26BF8F75DFA85
:10FF800003212846E26BF8F758FA04212846226C30
:10FF9000F8F753FA0121284602F064FC4FF0060AF4
:10FFA00051462846F9F7EAFA00BF4FF0020A4FF02F
:10FFB000010B5A4651462846F9F798FA00BF10211E
:10FFC000284601F0B1FF3149284601F0B3FF4FF058
:10FFD0000009B8F1000F18D000212846FDF732FEC5
:10FFE000814641464846FEF7C1FC4846616C01F037
:10FFF000F2FF0021484601F0B3FE2548006820B911
:020000040801F1
:10000000484601F03FFD224908604EB3206B418B0A
:10001000808B081A0FFA80FB00212846FEF7B6FEF7
:10002000824631465046FFF759FD0021504601F007
:1000300097FE04215046FFF7B5FCA88ABAF81020B5
:10004000801AA0EB0B0001B2504601F0CFFF11481F
:10005000006820B9504601F015FD0E49086000BF48
:10006000384601F0DAFC8246B4F84800012808D18D
:100070005046FDF72CFCB84203D12946384600F023
:10008000F3FA2846BDE8F09F6C04002099000108AF
:1000900060040020640400202DE9F84F04460D465A
:1000A00093465A4629462046484B1B689847804647
:1000B000B8F1010F02D04046BDE8F88F0A2D56D1A5
:1000C000204601F0CFFC074601F0CCFC81464846B3
:1000D00001F0A0FC064696F82E0020F0020086F8FB
:1000E0002E00484601F099FC00900098FDF7EFFBC8
:1000F00048452BD1FEF748FD0746FEF779FD28BBA2
:100100000021484600F021FA074618E03846F8F783
:1001100061F98246BAF1010F04D100213846F8F79F
:1001200075F906E0BAF1030F03D102213846F8F75A
:100130006DF93946484600F008FA074600BF002F1F
:10014000E4D12146484600F08FFA00BF2048046001
:10015000FEF71AFD0746FEF74BFD38B996F84A0040
:1001600000F0010010B1204600F034F82BE0092D1A
:1001700011D1204601F076FC814601F073FC074660
:10018000384601F047FC064696F82E0020F00200A3
:1001900086F82E0017E0B5B9204601F063FC8146D1
:1001A00001F060FC0646304600F096F90746A7428B
:1001B00008D12146304600F0A7F98146494630462D
:1001C00000F052FA00BF404676E700006C040020C1
:1001D000700400202DE9F0410546284601F042FC5C
:1001E000074601F03FFC06460021304600F08CF93E
:1001F000044600BFAC4204D102212046F8F706F9BC
:1002000003E000212046F8F701F92146304600F0CE
:100210007BF90446002CEDD1BDE8F0812DE9F84FC3
:1002200082460F463946504601F03CFF05460DB95F
:1002300000BFFEE715B90020BDE8F88F6F480068E1
:1002400020B9284601F01EFC6C490860542128465C
:1002500001F08DF904460CB900BFFEE70CB900208F
:10026000EAE7002060646648206366496163664986
:10027000A1636649E16366492164002084F84A006D
:10028000A4F84800E06420656249284601F052FE67
:10029000002F6BD16421284602F0E7FF4FF00208DF
:1002A0004FF00109284602F0A7FA83464A46414624
:1002B000F9F71CF900BF4FF49672C821284601F0E7
:1002C0003BFE4FF00308284602F096FA814641466D
:1002D000F9F754F900BF4FF002084146284602F0F2
:1002E000DBFF00BF04F0B6F906469EB300212846A6
:1002F000D6F82C2100F000FA4FF4987082590121B1
:10030000284600F0F9F94FF49A70825902212846E4
:1003100000F0F2F94FF49C7082590421284600F055
:10032000EBF905212846D6F83C2100F0E5F9062135
:100330002846D6F8402100F0DFF907212846D6F8F4
:10034000442100F0D9F908212846D6F8482100F0C8
:10035000D3F90AE0FFE7304A0021284600F0CCF943
:100360002E4A0121284600F0C7F945E0384601F041
:1003700051FB06460021384600F0C6F880461BE0D7
:100380004FF0000B404600F051F88146B9F1000FE4
:1003900003D04846FEF7E2FA8346404600F0A4F850
:1003A0000246594600902846FFF7C0FD41463846B0
:1003B00000F0AAF8804600BFB8F1000FE0D1042198
:1003C0002846326B00F098F905212846726B00F040
:1003D00093F906212846B26B00F08EF907212846D2
:1003E000B26B00F089F908212846326C00F084F9DC
:1003F000284601F0A7FC00BF28461DE7680400203E
:1004000090080020CC0800200809002044090020A2
:1004100080090020BD0701082807002018080020D7
:1004200010B50446204602F0DFF910BD70B5054650
:100430000021284601F091FA04460CB9002070BD55
:1004400006E02146284601F088FA044604B904E093
:10045000204600F0BFF80028F3D000BF2046EEE7AA
:100460002DE9F04106460D46002736B9284601F031
:10047000F9FA804601F0F6FA06460021304600F00F
:1004800043F804460AE0AC4202D13846BDE8F081A8
:100490007F1C2146304600F037F80446002CF2D18C
:1004A000601EF3E770B505460021284601F055FAB5
:1004B00004460CB9002070BD06E02146284601F034
:1004C0004CFA044604B904E0204600F0A7F80028DE
:1004D000F3D000BF2046EEE770B50446204601F099
:1004E00099FA0546286D70BD70B505462846FFF798
:1004F000D9FF04460CB903A070BD2046FEF772FF79
:10050000FAE70000000000002DE9F04105460E4624
:10051000284602F071F907463146384601F02EFAB6
:10052000044614B90020BDE8F08106E021463846B3
:1005300001F024FA044604B904E0204600F026F84D
:100540000028F3D000BF2046EDE72DE9F041054635
:100550000E46284602F050F907463146384601F06B
:10056000FCF9044614B90020BDE8F08106E02146FC
:10057000384601F0F2F9044604B904E0204600F0E0
:1005800005F80028F3D000BF2046EDE730B589B06C
:10059000054601A9284601F0B1FA002410E001A89F
:1005A00050F8240000B90DE001A951F8240007A17A
:1005B000F3F783FE10B9012009B030BD601CC4B24E
:1005C000082CECDB00BF0020F6E700006C765F62D1
:1005D000746E000030B589B0054601A9284601F0C7
:1005E0008DFA002410E001A850F8240000B90DE0B5
:1005F00001A951F8240007A1F3F75FFE10B901200B
:1006000009B030BD601CC4B2082CECDB00BF002078
:10061000F6E700006C765F696D67000030B589B061
:10062000054601A9284601F069FA002410E001A856
:1006300050F8240000B90DE001A951F8240007A1E9
:10064000F3F73BFE10B9012009B030BD601CC4B205
:10065000082CECDB00BF0020F6E700006C765F6C36
:100660006162656C000000002DE9F04107460D460F
:10067000384601F0CFF90446206D88B1206DF7F7B8
:10068000A9FE0646012E04D10021206DF7F7BEFE1B
:1006900005E0032E03D10221206DF7F7B7FE00BF5E
:1006A000256505B1E564206DD0B1206DF7F792FEA8
:1006B000064626B90121206DF7F7A8FE05E0022EB7
:1006C00003D10321206DF7F7A1FE3846FFF7A8FEFE
:1006D00000F0FF0842463846216D01F077FF00BF69
:1006E000BDE8F08170B505460C46284601F092F948
:1006F000064686F84A4070BD2DE9F04781460C4613
:100700001546484601F086F906464FF00008092CC8
:1007100032D2DFE804F0050B11171D2125292D0029
:100720002A460021484602F0F5FD25E02A4601212F
:10073000484602F0EFFD1FE02A460221484602F03B
:10074000E9FD19E02A460321484602F0E3FD13E0E3
:1007500035634FF000080FE075634FF001080BE0C0
:10076000B5634FF0020807E0F5634FF0030803E0BC
:1007700035644FF0040800BF00BF052C07D0042CDF
:1007800005D0062C03D0072C01D0082C14D1002151
:100790004846FFF7DAFE07460CE006F1300050F855
:1007A000282041463846F7F748FE39464846FFF7C5
:1007B000CCFE0746002FF0D1BDE8F0872DE9F05FB1
:1007C00081460C4615462A4621464846AA4B1B68D8
:1007D00098470746012F02D03846BDE8F09F0A2C03
:1007E00007D0072C05D0082C03D00B2C01D00C2CE3
:1007F00079D1FEF7C9F982465046FEF7D9F983460A
:10080000BBF1020F0AD0BBF1040F6AD1484601F0D8
:1008100004F90646FDF752F8002862D0002631465A
:100820004846FFF792FE06460AE03046F7F7D2FD4B
:10083000012800D106E031464846FFF786FE06460D
:10084000002EF2D100BF484601F0E4F88046002EA9
:1008500046D0072C06D1002211463046FCF708FE90
:1008600007463DE0082C06D1002201213046FCF766
:10087000FFFD074634E00B2C06D100220421304650
:10088000FCF7F6FD07462BE00C2C06D100220521D3
:100890003046FCF7EDFD074622E00A2C20D1C8F8CF
:1008A0004C609AF84C0000F0010028B900220321A6
:1008B0003046FCF7DDFD07465046FEF799F938B99A
:1008C000012F05D1002206213046FCF7D1FD074655
:1008D000012F05D1002207213046FCF7C9FD07464C
:1008E00000BFC6E0FFE70F2C49D1FEF74DF90646E1
:1008F000FEF75EF98046B8F1040F21D1484601F0B9
:100900008CF882465046FCF7D9FFA0B1484601F06A
:1009100081F80646F06C20B14846F16CFFF7A4FE62
:1009200008E000214846FFF7EFFD83465946484658
:10093000FFF79AFE03E000214846FFF795FE1DE011
:100940004E48006828B14D4801684846FFF78CFEC4
:1009500014E0484601F05EF80646F06C20B14846C7
:10096000F16CFFF781FE08E000214846FFF7CCFD5F
:10097000824651464846FFF777FE00BF79E0102CCB
:100980000DD100214846FFF76FFE00203B4908606B
:10099000484601F03FF806460020306569E0122C19
:1009A00003D128460121017063E0112C4FD12E782C
:1009B000132E01D0122E22D1484601F02BF880468A
:1009C000D8F8500068B14846D8F85010FFF79CFDA1
:1009D0008246BAF1000F03D051464846FFF744FE65
:1009E0000CE000214846FFF78FFD8246BAF1000F68
:1009F00003D051464846FFF737FE00BF26E0142ECD
:100A000001D0112E22D1484601F004F88046D8F8D2
:100A1000500068B14846D8F85010FFF796FD82465E
:100A2000BAF1000F03D051464846FFF71DFE0CE017
:100A300000214846FFF768FD8246BAF1000F03D057
:100A400051464846FFF710FE00BF00BF11E0062CDC
:100A50000FD12946002005E051F8202002B903E01B
:100A6000421CD0B20728F7DB00BF05A241F82020C6
:100A700000BF3846B1E60000680400207004002082
:100A80006C765F6C697374002DE9F04107460C4683
:100A900015461E462946384600F015F9AEB100222B
:100AA0002946204605F06CF929462046626805F083
:100AB0004FF9606820B12A462046616805F060F968
:100AC0006560A068B0B9A56014E029462046A26818
:100AD00005F056F900222946204605F039F9A068AC
:100AE00020B12A462046A16805F032F9A560606869
:100AF00000B96560BDE8F0810146002001B1486899
:100B0000704710B5024600202AB10B461468241D18
:100B10001C44206800BF10BD10B50246002022B161
:100B20000B4614681C44206800BF10BD014600201D
:100B300001B18868704700224260826001F00302C0
:100B400012B121F00301091D0160704770B5044620
:100B5000216801F1080000F0FBF80546A5B100226C
:100B60002946204605F00CF929462046626805F022
:100B7000EFF8606820B12A462046616805F000F968
:100B80006560A06800B9A560284670BD2DE9F041F8
:100B900006460D4606B115B90020BDE8F081304685
:100BA000FFF7AAFFA84206D13046FFF7CFFF044661
:100BB0001CBB0020F1E7316801F1080000F0C8F823
:100BC00004460CB90020E8E729463046FFF7A4FFA9
:100BD000074622463946304605F0BAF83A462146DD
:100BE000304605F0CDF822462946304605F0C8F8D3
:100BF0002A462146304605F0ABF82046CDE770B5D1
:100C00000446216801F1080000F0A2F805460DB97C
:100C1000002070BDA5B100222946204605F098F8B5
:100C200029462046A26805F0ABF8A06820B12A4604
:100C30002046A16805F08CF8A560606800B9656081
:100C40002846E6E7014609B901207047486818B907
:100C5000886808B90120F8E70020F6E72DE9F0419F
:100C600007460D461646B54201D1BDE8F0812EB1CA
:100C700031463846FFF750FF044603E03846FFF799
:100C800055FF0446A54200D1EFE72946384600F05B
:100C90001AF82A462146384605F05AF822462946CF
:100CA000384605F06DF82A463146384605F068F8B2
:100CB00032462946384605F04BF806B9BD6004B9FE
:100CC0007D6000BFD1E72DE9F04104460D46204686
:100CD000FFF712FFA8420FD129462046FFF711FF68
:100CE0006060606810B90020A0602FE000222046FC
:100CF000616805F045F829E02046FFF717FFA84294
:100D00000FD129462046FFF707FFA060A06810B961
:100D1000002060601AE000222046A16805F018F863
:100D200014E029462046FFF7F7FE064629462046EE
:100D3000FFF7E7FE07463A463146204605F008F839
:100D400032463946204605F01BF800BFBDE8F08169
:100D500070B504460CB9104870BD04F0030010B122
:100D600024F00304241D0025002600BF3046F5F7BB
:100D70008BFE064626B121463046F5F76DFE054648
:100D80000EB1002DF2D025B1AA2221462846F3F754
:100D90007BFA2846E0E70000040400202DE9F0413A
:100DA00006461A48864201D1BDE8F08106B9FBE744
:100DB000304600F02DF80746BB2239463046F3F79F
:100DC00063FA341F206820F0010020602046F5F708
:100DD0005BFE054614E0287800F0010058B90421B4
:100DE000286801EB5000216800EB5101206861F395
:100DF0005F00206000E005E02846F5F745FE054667
:100E0000002DE8D100BF00BFCEE7000004040020A1
:100E1000014609B9002070470448814201D10020F1
:100E2000F9E70A1F10684008F5E7000004040020F5
:100E30000749084A116011460868016821F001015C
:100E4000016043F6FC72016862F35F010160704764
:100E50001C0A0020000400202DE9F04104460E4643
:100E600034B1201F017801F0010101B9002400BF55
:100E70002046FFF7CDFF0546B54202D12046BDE82A
:100E8000F081AE4208D2A4F1040831464046F5F79D
:100E900013FE08F10400F2E73046FFF759FF07465A
:100EA00077B16CB165B1AE4201D2304600E0284660
:100EB000024621463846F3F7D5F92046FFF76EFF84
:100EC0003846DCE72DE9F04F87B004460D4616465C
:100ED0001F46DDF840B0204600F054FE8046204614
:100EE00000F05CFE81461DB9204600F0BBFD0546C2
:100EF000152E2ED2DFE806F00B2E324653607C9181
:100F0000A5C1CAE2FCFAF9F8F7F6F5F4F3002846B1
:100F100000F020FE019000EBD0704310204600F05E
:100F200019FE029000EBD070A3EB60000FFA80F87E
:100F3000284600F075FD019000EBD070431020466C
:100F400000F06EFD029000EBD070A3EB60000FFA92
:100F500080F957E14FF00008C14653E1284600F000
:100F6000F9FD019000EBD0704310204600F0F2FD37
:100F7000029000EBD070A3EB60000FFA80F84FF006
:100F800000093FE1284600F0E5FD0346204600F059
:100F9000E1FD181A0FFA80F84FF0000932E14FF026
:100FA0000008284600F03CFD0346204600F038FDCE
:100FB000181A0FFA80F925E1284600F0CBFD0190C0
:100FC00000EBD0704310204600F0C4FD029000EB0F
:100FD000D070A3EB60000FFA80F8284600F020FDE7
:100FE0000346204600F01CFD181A0FFA80F909E1AB
:100FF000284600F0AFFD0346204600F0ABFD181A6E
:101000000FFA80F8284600F00BFD0346204600F05A
:1010100007FD181A0FFA80F9F4E04FF0000828468F
:1010200000F0FEFC019000EBD0704310204600F071
:10103000F7FC029000EBD070A3EB60000FFA80F990
:10104000E0E0284600F086FD0346204600F082FDE1
:10105000181A0FFA80F8284600F0E2FC019000EB25
:10106000D0704310204600F0DBFC029000EBD07003
:10107000A3EB60000FFA80F9C4E04FF000082046AF
:1010800000F0CEFC40420FFA80F9BBE0284600F0A9
:1010900061FD019000EBD0704310204600F05AFD36
:1010A000029000EBD070A3EB60000FFA80F82046AE
:1010B00000F0B6FC40420FFA80F9A3E0284600F0A9
:1010C00049FD0346204600F045FD181A0FFA80F846
:1010D000204600F0A5FC40420FFA80F992E082E041
:1010E0006BE063E051E038E02EE01EE007E0FFE750
:1010F0004FF00008284600F093FC814682E0284625
:1011000000F028FD019000EBD0704310204600F065
:1011100021FD029000EBD070A3EB60000FFA80F885
:10112000284600F07DFC81466CE0284600F012FD68
:101130000346204600F00EFD181A0FFA80F82846E4
:1011400000F06EFC81465DE0204600F003FD404269
:101150000FFA80F84FF0000954E0204600F0FAFC46
:1011600040420FFA80F8284600F05AFC019000EB4C
:10117000D0704310204600F053FC029000EBD0707A
:10118000A3EB60000FFA80F93CE0204600F0E2FC9F
:1011900040420FFA80F8284600F042FC0346204601
:1011A00000F03EFC181A0FFA80F92BE0284600F0F8
:1011B000D1FC80464FF0000924E0284600F0CAFC2C
:1011C0008046284600F02CFC019000EBD0704310C4
:1011D000204600F025FC029000EBD070A3EB6000ED
:1011E0000FFA80F90EE0284600F0B4FC804628464D
:1011F00000F016FC0346204600F012FC181A0FFA05
:1012000080F900BF00BF204600F02CFC8246B5F9F3
:1012100010000690B5F912000590BAF9100004907C
:10122000BAF9120003900698384440440FFA80F847
:101230000598584448440FFA80F90498A8EB000038
:101240000FFA80F80398A9EB00000FFA80F94A46DC
:101250004146204600F017FE40200655A787A4F817
:101260003EB0A5634120005D20F002014120015500
:1012700007B0BDE8F08F2DE9F04F85B006460F4668
:1012800090469946304600F07DFC8246304600F09C
:1012900085FC8346304600F05DFC034600EBD370CE
:1012A0004410304600F0BCFB034600EBD370451001
:1012B0001FB9304600F0D6FB0746B8F1150F20D213
:1012C000DFE808F00B2027353F495A6775868D9B6C
:1012D000A5AFC0CDD4E2EFF9EC00384600F03AFCFF
:1012E000034600EBD370C4EB60000FFA80FA384677
:1012F00000F096FB034600EBD370C5EB60000FFADD
:1013000080FBF6E060420FFA80FA68420FFA80FB39
:10131000EFE0384600F01EFC034600EBD370C4EB50
:1013200060000FFA80FA68420FFA80FBE1E038466D
:1013300000F010FC001B0FFA80FA68420FFA80FBE5
:10134000D7E060420FFA80FA384600F069FB401B94
:101350000FFA80FBCDE0384600F0FCFB034600EBC3
:10136000D370C4EB60000FFA80FA384600F058FBE7
:10137000401B0FFA80FBBCE0384600F0EBFB001B83
:101380000FFA80FA384600F04BFB401B0FFA80FB47
:10139000AFE060420FFA80FA384600F041FB0346A6
:1013A00000EBD370C5EB60000FFA80FBA1E038467C
:1013B00000F0D0FB001B0FFA80FA384600F030FB3B
:1013C000034600EBD370C5EB60000FFA80FB90E0A2
:1013D00060420FFA80FA68420FFA80FB89E03846D3
:1013E00000F0B8FB034600EBD370C4EB60000FFACB
:1013F00080FA68420FFA80FB7BE0384600F0AAFBD7
:10140000001B0FFA80FA68420FFA80FB71E060421D
:101410000FFA80FA384600F003FB401B0FFA80FBFE
:1014200067E0384600F096FB034600EBD370C4EB50
:1014300060000FFA80FA384600F0F2FA401B0FFA0B
:1014400080FB56E0384600F085FB001B0FFA80FA5F
:10145000384600F0E5FA401B0FFA80FB49E0604295
:101460000FFA80FA68420FFA80FB42E060420FFAFE
:1014700080FA384600F0D4FA034600EBD370C5EB8F
:1014800060000FFA80FB34E060420FFA80FA3846C1
:1014900000F0C6FA401B0FFA80FB2AE01CE00AE0CD
:1014A000FFE7384600F056FB001B0FFA80FA68424F
:1014B0000FFA80FB1DE0384600F04CFB001B0FFAD2
:1014C00080FA384600F0ACFA034600EBD370C5EB67
:1014D00060000FFA80FB0CE0384600F03BFB001B7D
:1014E0000FFA80FA384600F09BFA401B0FFA80FB97
:1014F00000BF00BF304600F0B5FA0490B7F9100005
:101500000390B7F9120002900498B0F9100001900E
:101510000498B0F9120000900398484450440FFA20
:1015200080FA0E990298084458440FFA80FB0198FB
:10153000AAEB00000FFA80FA0098ABEB00000FFA5C
:1015400080FB5A465146304600F09DFC86F84080AC
:10155000A6F83C900E98F087B7634120805D20F09C
:101560000200801C4121885505B0BDE8F08F70B5A0
:1015700004460D462946606AFFF76EFC6062606AA9
:1015800070BDCA43D1B290F832200A4080F83220B0
:10159000704700002DE9F04106460D460024002E5C
:1015A00079D1F8F71DF98046B8F1000F02D100207B
:1015B000BDE8F08108F12400FFF7C8FA04460CB931
:1015C00000BFFEE70CB90020F2E7002020604421B4
:1015D000201DFFF7B0FA0020208200216182F8F779
:1015E00005F9401E01B2A1820020F8F733F9401E30
:1015F00001B2E1820020A086002140200155A18790
:10160000E1870020A0634120005D20F0010141201E
:10161000015503F01FF8074617B13868A06201E0D2
:101620009548A0629549204600F084FC94492046E4
:1016300000F09FFB002044F8180F6061207E20F02E
:1016400001002076207E20F002002076207E20F00F
:1016500004002076207E20F008002076207E20F0F6
:1016600010002076207E20F0200020760020A0763A
:10167000207E20F040002076FF20E076207E20F0C3
:1016800080002076607E20F0FC0060760020E06024
:10169000183C6DE0FFE7301DFFF758FA04460CB91F
:1016A00000BFFEE70CB9002082E726604421201D20
:1016B000FFF741FA308A2082718A6182308A643071
:1016C00001B2A182708A423001B2E1820020A0867C
:1016D000002140200155A187E1870020A06341201F
:1016E000005D20F001014120015502F0B3FF0746E3
:1016F00017B1B868A06201E06248A0625F49204665
:1017000000F018FC5E49204600F033FB002044F84E
:10171000180F6061207E20F00100401C2076207EA2
:1017200020F002002076607E20F00300C01C60766E
:10173000207E20F004002076207E20F00800207615
:10174000207E20F010002076207E20F020002076E1
:101750000020A076FF20E076207E20F0400020765A
:10176000207E20F0800020760020E060183C00BF42
:10177000002D76D005F1100104F11000F6F7C6F83F
:10178000A88EA0864020415D0155A98FA187E98FD1
:10179000E187A86BA0634120405D4121095D60F3B2
:1017A00000014120015555F8180F44F8180F287E04
:1017B000217E60F300012176287E4108207E61F3BE
:1017C00041002076687E617E60F301016176287EAB
:1017D0008108207E61F382002076287EC108207E69
:1017E00061F3C3002076287E0109207E61F3041096
:1017F0002076287E4109207E61F345102076287EE0
:10180000C109207E61F3C7102076287E8109207EE1
:1018100061F386102076A87EA076E87EE0762869BF
:101820002061183C6869183D18B12146E86AFBF749
:10183000F8FF284600F016F970B16EB1284600F0A6
:10184000ADF90746284600F09DF980463A464146E4
:10185000204600F018FB04E000221146204600F06C
:1018600012FB3EB1224601213046F36998472046DB
:1018700000F0A0F920469BE6B00600203D200108BC
:1018800089180108DC0700202DE9FC41064688463E
:101890001746022F48D106F110014046F6F7EEF840
:1018A00010B90020BDE8FC81304600F0EFF8054695
:1018B000287AFB2801DA0020F4E7B5F9064047F65C
:1018C0001840844201D10020ECE76946304600F020
:1018D00066F8BDF80000204400B2ADF80000BDF885
:1018E0000400001B00B2ADF8040069464046F6F75C
:1018F000C5F808B90020D5E76946304600F04FF832
:10190000BDF80200204400B2ADF80200BDF80600A8
:10191000001B00B2ADF8060069464046F6F7AEF887
:1019200008B90020BEE710E07FB9304600F0AEF8FD
:101930000446304600F082F805462B4622464146D2
:1019400006F11000F8F793FF00BF0120AAE7014657
:101950004120405C00F00100704770B504460D4620
:10196000002625B9201DFFF7C7F8064604E02946E2
:10197000201DFFF7C6F80646304670BD70B5044618
:101980000D46002625B9201DFFF7D0F8064604E0D5
:101990002946201DFFF7C0F80646304670BD70B5D9
:1019A00005460C4605F110012046F5F7AFFF70BD66
:1019B0000146086A704700002DE9F041064630688C
:1019C00008B9354603E0304600F04FF805461048A8
:1019D000FFF792F8044617E004F12400FFF78CF8B3
:1019E00007460AE0AF4202D12046BDE8F081394601
:1019F00004F12400FFF785F80746002FF2D12146B5
:101A00000348FFF77EF80446002CE5D10020ECE700
:101A1000C80900200146486A70470146C86A7047F5
:101A2000014600BFC88A4A8A801A401C00B270472B
:101A3000014691F83000C0F30010704700B503462E
:101A40001A460BE092F83000C0F3801010B192F803
:101A5000330000BD104600F005F80246002AF1D11F
:101A6000FF20F6E701460868704710B502461346A6
:101A700000BF1C462046FFF7F5FF0346002BF8D1B8
:101A8000204610BD0146C869704700002DE9F041AD
:101A90000546AE6AFEB92C6819E0A06AB0B1A06A2A
:101AA000007800F0010080B92046FFF7B6FF074636
:101AB0003846FBF70CFFA04205D13846A16AFBF778
:101AC00019FF064600E0A66A03E000BF2468002C68
:101AD000E3D100BF00BFE86A48B1E86AFBF7F7FE50
:101AE000A84204D13146E86AFBF704FF064606B96E
:101AF000014E3046BDE8F081A0070020F0B589B066
:101B000007460E4620213046F2F7C5FB202101A8EA
:101B1000F2F7C1FB01AA06213846FB699847002469
:101B200006E001A850F8240000B903E0601CC4B22C
:101B3000082CF6DB00BF002508E0601E401B01A951
:101B400051F8200046F82500681CC5B2A542F4DB18
:101B500009B0F0BD014600BF888A0A8A801A401C7D
:101B600000B2704770B505462846FFF78FFF044660
:101B70002846FFF7EFFF0146608B091AA08B081A71
:101B800000B270BD10B502461046FFF76BFF044669
:101B9000108A218A401A03B2184610BD10B50246B9
:101BA0001046FFF75FFF0446518A608A081A03B2A5
:101BB000184610BD2DE9FC4706463046FFF738FFB2
:101BC00008B1BDE8FC873046FFF74FFF04462046CA
:101BD000FFF7F2FE81464846F7F731FEA04209D0F2
:101BE0004846F7F721FEA04204D04846F7F711FE19
:101BF000A04244D13046FFF735FF07464FF00108B9
:101C0000B6F9345006F110016846F5F77FFEBDF8CD
:101C10000000401B00B2ADF80000BDF80200401B00
:101C200000B2ADF80200BDF80400284400B2ADF8DF
:101C30000400BDF80600284400B2ADF8060013E029
:101C400007F1100269466846F5F7D7FE8046B8F1FD
:101C5000000F00D10AE03846FFF7EAFE00B1B0E716
:101C60003846FFF7FFFE0746002FE9D100BFB8F165
:101C7000000F03D069464846FDF718F800BF00BFC3
:101C80009FE710B50446E06A30B1E06AFBF71FFE3B
:101C9000A04201D1012010BD0020FCE7024692F8CD
:101CA0003200084008B1012070470020FCE770B501
:101CB00005462846FFF7D6FE0446201DFEF71CFF0A
:101CC000A84200D170BD2046FFF774FF01232A46C9
:101CD000211D201DFEF7D8FE2A4601212046E3697A
:101CE00098472046FFF766FF00BFEBE738B504468C
:101CF0004120005DC0F3400058B1B4F93E000090AF
:101D0000B4F93C304020025D2046A16BFFF7B3FAE6
:101D10000AE0B4F93E000090B4F93C304020025D86
:101D20002046A16BFFF7CEF838BD10B50446002061
:101D3000A086002205212046E36998472046FFF748
:101D400039FF10BD10B504462046FFF733FF0022CF
:101D500004212046E36998472046FFF72BFF10BD7A
:101D6000CA43D24390F8303062F3000380F8303039
:101D700070470162704730B504460D46012D02D10F
:101D80002046FFF7EDFFE843C04394F8301060F3BE
:101D9000410184F8301030BDCA43D24390F830304E
:101DA00062F3C30380F830307047CA43D24390F8DF
:101DB000303062F3820380F83030704781617047C1
:101DC00070B505460C462846FFF7C4FE0646224677
:101DD0003146284600F0B0F870BD70B504460D4697
:101DE00094F83000C0F3001010B92046FFF7E2FE6F
:101DF00014F8300F65F30410207014F83009C0F3A4
:101E0000001010B92046FFF7D5FE2046FFF72AFE46
:101E10000646224601213046F369984770BDF8B561
:101E200004460D46206800B9F8BD05B9FCE7204618
:101E3000FFF7C0FE2046FFF7A5FEADF800002046E4
:101E4000FFF7ACFEADF8020026682168081D0123EB
:101E50002246291DFEF718FE2560BDF90220BDF9B6
:101E60000010204600F00FF8002201213046F369EF
:101E70009847224601212846EB6998472046FFF7FC
:101E800099FE00BFD0E7FEB504460E46174625680A
:101E9000288A304406B2688A384407B2208A301A49
:101EA00000B2ADF80800608A381A00B2ADF80A0036
:101EB000BDF8080018B9BDF80A0000B9FEBD2046FB
:101EC000FFF778FE69462046FFF769FD208ABDF8D6
:101ED0000810084400B22082608ABDF80A10084445
:101EE00001B26182A08ABDF80810084401B2A18243
:101EF000E08ABDF80A10084401B2E182BDF90A2067
:101F0000BDF90810204604F011FD6A460221204662
:101F1000E3699847224601212846EB699847204605
:101F2000FFF748FE00BFC9E790F832200A4380F867
:101F300032207047C16170472DE9FC4104460F46CD
:101F400090462046FFF706FEB84206D12046FFF72E
:101F500067FD404501D1BDE8FC812046FFF72AFE20
:101F600069462046FFF71BFD208A3844401E01B217
:101F7000A182608A4044401E01B2E1826A46022189
:101F80002046E36998472046FFF76CFD064626B1D8
:101F9000224601213046F3699847201DFEF7ACFD2B
:101FA000054609E0002203212846EB6998472946A7
:101FB000201DFEF7A6FD0546002DF3D12046FFF7B4
:101FC000F9FD4120005D00F0010010B12046FFF74F
:101FD0008DFE00BFBFE770B504460D46A5622046E2
:101FE00004F0CCFC2046FFF7ADFE70BD70B5044692
:101FF0000D462046FFF714FD064632462946204688
:10200000FFF79AFF70BD70B504460D462046FFF7F6
:10201000C5FD0646324629462046FFF734FF70BD0F
:1020200070B505460C462846FFF7ACFD064622462D
:1020300031462846FFF727FF70BD00002DE9F0412B
:1020400005460C4616464FF001082846FFF71EFDD0
:102050000746012C07D101212846FFF71FFEC8B112
:102060004FF0000816E0052C08D1B7F91200B5F9B9
:10207000341088420EDD788AA8860BE0042C03D148
:102080002846FFF752FE05E0062C03D1304603A197
:10209000016000BF4046BDE8F08100006C765F6FD4
:1020A000626A00002DE9F84380460E4631464046FC
:1020B000F6F7BAFC07460FB900BFFEE717B90020D4
:1020C000BDE8F8838248006820B93846FFF7DAFC9B
:1020D0007F4908607F48006820B93846FFF768FCF0
:1020E0007C49086030213846FFF741FA04460CB9B4
:1020F00000BFFEE70CB90020E2E700206060207F0F
:1021000020F001012177207F20F002012177724821
:10211000A060207F20F01C000C3020772820005D7C
:1021200020F0010128200155005D20F00401282045
:102130000155005D20F0020128200155005D20F0CE
:10214000100128200155005D20F0080128200155CC
:1021500000202084614961624FF4C87024F82C0F7C
:10216000A07820F00100A070A07820F00200A070FC
:102170002C3C002E69D100213846F6F755FC6060F2
:1021800057496068FFF7D6FE56496068FFF7F1FDD2
:1021900001216068FFF7EFFD01216068FFF705FE90
:1021A00012216068FFF7C0FE0320009003231A4647
:1021B00019466068F7F7A6F94B496068FFF7FEFD1E
:1021C0004A493846FFF7B6FE49493846FFF7D1FD80
:1021D000207FC0F38201384601F05EF802F03AFA3F
:1021E000054615B3B8F1000F0AD1002138466A68D8
:1021F00001F090F83F4A0121384601F08BF80CE0DD
:1022000000213846D5F8042101F084F84FF4847099
:1022100042590121384601F07DF84FF48670425949
:102220000221384601F076F80EE0334A00213846A4
:1022300001F070F8284A0121384601F06BF82E4A67
:102240000221384601F066F83CE03046FFF7E2FB39
:10225000054638466968F6F7E7FB60602049606824
:10226000FFF768FE287FC0F38201384601F014F8BA
:102270000021304600F0D1FA81464A460021384616
:1022800001F048F80121304600F0C7FA81464A467D
:102290000121384601F03EF80221304600F0BDFA37
:1022A00081464A460221384601F034F80F49384643
:1022B000FFF740FE0E493846FFF75BFD3846FFF753
:1022C00041FD00BF384600F0D9FA3846F8E6000074
:1022D000780400207404002018080020DC07002087
:1022E000652D0108C53C0108F16901088933010821
:1022F000FD220108EC060020540800202DE9F04FD3
:10230000A3B0044689469046B8F1020F08D1424670
:1023100049462046AC4B1B68984723B0BDE8F08F78
:102320000021204600F079FA8346594614A801F0AE
:102330001DFDB8F1000F0ED1002114A881812046A7
:10234000FFF77CFB05462B4614AA494604F1100012
:10235000F8F78DFA36E1B8F1010FFBD1002114A88E
:10236000418201722046FFF769FB0646334614AAF4
:10237000494604F11000F8F77AFA2046FFF74AFBC5
:102380000546287F00F0010078B3287F800800F020
:10239000040050BB05F10C0112A8F5F7CBFABDF80B
:1023A0004800218A084400B2ADF84800BDF84A1040
:1023B000608A084400B2ADF84A00BDF84C00218A9A
:1023C000084400B2ADF84C00BDF84E10608A0844D5
:1023D00000B2ADF84E002046FFF730FB064633460C
:1023E000494612A8AA68F8F742FA287FC0F34000CD
:1023F00078B3287F800800F0040050BB05F1140179
:1024000012A8F5F797FABDF84800218A084400B2EF
:10241000ADF84800BDF84A10608A084400B2ADF833
:102420004A00BDF84C00218A084400B2ADF84C00C7
:10243000BDF84E10608A084400B2ADF84E00204648
:10244000FFF7FCFA06463346494612A8AA68F8F791
:102450000EFA2046FFF77EFB06462046FFF7E0FA1D
:1024600007462820405DC0F34000D0B1208A801B81
:1024700000B2ADF84000A08A304400B2ADF844008C
:10248000B4F91200032101FB1600298C084400B2A4
:10249000ADF84200608A298C084400B2ADF84600CD
:1024A0005EE02820405DC0F38000D0B1208A801B10
:1024B00000B2ADF84000A08A304400B2ADF844004C
:1024C000E08A298C401A00B2ADF84200B4F9160037
:1024D000032101FB0600298C401A00B2ADF846002A
:1024E0003EE02820405DC0F3C000D0B1A08A298C16
:1024F000401A00B2ADF84000B4F91400032101FB0A
:102500000700298C401A00B2ADF84400608AC01B55
:1025100000B2ADF84200E08A384400B2ADF846009F
:102520001EE02820405DC0F30010C8B1B4F91000CF
:10253000032101FB1700298C084400B2ADF84000CC
:10254000208A298C084400B2ADF84400608AC01B80
:1025500000B2ADF84200E08A384400B2ADF846005F
:102560002820405DC0F3001070B92820405DC0F302
:10257000C00048B92820405DC0F3400020B92820A1
:10258000405DC0F38000E0B101A8696A01F0EEFB94
:1025900047F61841ADF80A109DF80C00298C10FB85
:1025A00001F0192190FBF1FA8DF80CA02046FFF7FD
:1025B00045FA034601AA4946009010A8F8F757F9D2
:1025C00000BF00BF0120A8E6740400202DE9F74FEA
:1025D00090B01098FFF71EFA044680491098F5F75E
:1025E00037F97F491098F5F733F97C496068F5F7BA
:1025F0002FF97B496068F5F72BF90021109800F05E
:102600000CF90F900121109800F007F90546119878
:10261000418A6068408A081A00B20E901198FFF74C
:10262000FFF982466068FFF7B9FA80461098FFF715
:10263000F7F983460E984044404200B20D900E9840
:1026400040445044A0EB0B0000B20C90DA4502DC91
:102650000D98002805DCDA4510DDDDE90C10884214
:102660000CDA0F98C18AEA8A0E98801A081A0FFAB3
:1026700080F8E88A40440FFA80F81DE0DA4502DC71
:102680000C98002805DCDA4516DDDDE90C108842DF
:1026900012DB298B0E9801440F98008B08444042AE
:1026A0000FFA80F8288BA8EB00000FFA80F8ABEB4C
:1026B0000A0040440FFA80F81198008A6168098A7C
:1026C000401A00B20B901198FFF744FA81466068F7
:1026D000FFF758FA06461098FFF73CFA07460B98A2
:1026E0003044404200B20A900B98304400EB09019C
:1026F000C81B00B20990B94502DC0A98002805DC25
:10270000B9450EDDDDE9091088420ADA0F98418BE0
:102710006A8B0B98801A081A06B2688B304406B28E
:1027200019E0B94502DC0998002805DCB94512DD3D
:10273000DDE9091088420EDBA98B0B9801440F9844
:10274000808B0844404206B2A88B301A06B2A7EB31
:102750000900304406B2129818B1109800F044F8FD
:1027600040B941466068FFF75BFC31466068FFF79F
:102770004AFC2FE00020ADF81A006068FFF70EFA5F
:102780000490CDF81480109800F02EF8ADF81800E1
:10279000002003909DF8200020F001008DF820001B
:1027A0009DF8200020F002008DF820006068009065
:1027B0000C4802900A4801906846F5F71DF86068D9
:1027C000FFF7E0F904900596044801906846F5F794
:1027D00013F800BF13B0BDE8F08F00000720010818
:1027E00021200108A978000870B504462046FFF7AB
:1027F00011F90546A88D70BD70B504462046FFF757
:1028000009F90546686870BD70B504462046FFF7B3
:10281000F3FF0546FFF79EF970BD2DE9F04106462E
:102820000D4600273046FFF7F5F8044635B1012D77
:1028300009D0022D0CD0032D0ED10BE03046FFF74E
:1028400025F907460AE06068FFF720F9074605E02A
:10285000A76803E0676A01E0002700BF00BF3846B1
:10286000BDE8F08170B504460D4629462046FFF7C5
:1028700093FA29462046FFF77EFA70BD2DE9F04F06
:1028800087B005462846FFF7C5F804462846FFF7F7
:10289000FDF80646606806900698FFF75BF905901C
:1028A0000698FFF7BDF804902846FFF753F907464E
:1028B0002846FFF7B5F88046A068B0F91E10B6F9B3
:1028C0001C00814203DDA068B0F91E0001E0B6F9EA
:1028D0001C008246A068B0F91E10B6F918008142AB
:1028E00003DDA068B0F91E0001E0B6F918008346C8
:1028F000207FC0F3820010B907B0BDE8F08F207FC1
:10290000C0F38200012809D1207F20F00100401C83
:102910002077207F20F00200801C20772846FFF7D8
:102920004BF80390207F00F0010020B304F10C016C
:1029300001A8F4F7FFFFBDF80400298A084400B29B
:10294000ADF80400BDF80610688A084400B2ADF87E
:102950000600BDF80800298A084400B2ADF8080056
:10296000BDF80A10688A084400B2ADF80A0001A94F
:102970000398FCF79BF9207FC0F3400020B304F1DB
:10298000140101A8F4F7D6FFBDF80400298A084411
:1029900000B2ADF80400BDF80610688A084400B221
:1029A000ADF80600BDF80800298A084400B2ADF869
:1029B0000800BDF80A10688A084400B2ADF80A00A1
:1029C00001A90398FCF772F9207FC0F38200022866
:1029D0000ED1FCF7D9F80090FCF70AF940B9207F36
:1029E00020F001012177207F20F00201217783E789
:1029F000B6F91A00391AB6F91C00091A059881426D
:102A000023DB022000FB1A7001B204F10C00F5F781
:102A1000CBF8A068C08BA8EB0001A068008B081A57
:102A200002B2514604F10C00F5F7A1F8207FC0F383
:102A30008200032804D0207FC0F38200022853D1F3
:102A4000207F20F0010121774EE0B6F91A10059899
:102A50000144B6F91C000144022000FB1A707843BF
:102A600090FBF1F00FFA80F9B9F10C0F01DA4FF099
:102A70000C09494604F10C00F5F796F80698FFF7A3
:102A800081F80146B6F91A00411AA7EB09000222A3
:102A900002FB1A004143B6F91A2005980244B6F920
:102AA0001C001044C01B91FBF0F0504400B2009099
:102AB000A068C08BA8EB0001A068008B081A02B2C6
:102AC00004F10C000099F5F752F8207FC0F3820062
:102AD000032804D0207FC0F38200022804D1207F85
:102AE00020F00100401C2077B6F91600A8EB000189
:102AF000B6F91800091A0498814222DB022000FB73
:102B00001B8001B204F11400F5F72BF8A068C08B0C
:102B10003A1AA068808B101A01B25A4604F11400C8
:102B2000F5F725F8207FC0F38200032804D0207F2A
:102B3000C0F38200022855D1207F20F002012177C6
:102B400050E0B6F9161004980144B6F91800014493
:102B5000022000FB1B8000FB08F090FBF1F00FFA55
:102B600080F9B9F10C0F01DA4FF00C09494604F174
:102B70001400F4F7F6FF0698FFF710F80146A06876
:102B8000B0F91800411AA8EB0900022202FB1B0051
:102B90004143B6F9162004980244B6F918001044CF
:102BA000A0EB080091FBF0F0584400B20090A06840
:102BB000C08B3A1AA068808B101A01B204F114007D
:102BC000009AF4F7D4FF207FC0F38200032804D0DA
:102BD000207FC0F38200022804D1207F20F0020071
:102BE000801C2077207F00F0010020B304F10C014D
:102BF00001A8F4F79FFEBDF80400298A084400B23A
:102C0000ADF80400BDF80610688A084400B2ADF8BB
:102C10000600BDF80800298A084400B2ADF8080093
:102C2000BDF80A10688A084400B2ADF80A0001A98C
:102C30000398FCF73BF8207FC0F3400020B304F179
:102C4000140101A8F4F776FEBDF80400298A0844AF
:102C500000B2ADF80400BDF80610688A084400B25E
:102C6000ADF80600BDF80800298A084400B2ADF8A6
:102C70000800BDF80A10688A084400B2ADF80A00DE
:102C800001A90398FCF712F800BF35E670B58AB0C9
:102C900006460C463046FFF7AFFD0546019528462F
:102CA000FEF770FF059005982044069010480290AA
:102CB0001048039000200490ADF81E00C820ADF825
:102CC0001C009DF8240020F001008DF82400002055
:102CD000ADF820009DF8240020F002008DF82400BB
:102CE0000020ADF8220001A8F4F786FD0AB070BDFF
:102CF00007200108A978000870B58AB006460C467E
:102D00003046FFF779FD054601952846FEF746FF58
:102D100005900598204406901048029010480390B2
:102D200000200490ADF81E00C820ADF81C009DF8EE
:102D3000240020F001008DF824000020ADF82000D0
:102D40009DF8240020F002008DF824000020ADF84A
:102D5000220001A8F4F750FD0AB070BD212001083F
:102D6000A97800082DE9F04F91B081468A461746B0
:102D70003A4651464846FE4B1B68984710901098BB
:102D8000012803D0109811B0BDE8F08F4846FEF737
:102D900069FE06463046FEF779FE05463046FEF7E8
:102DA00039FE0446BAF1020F7BD14846FEF7EAFE2F
:102DB0000F904846FEF7F2FE0E9000200D900C900A
:102DC00008A94846FEF7EBFD0AA93046FEF7E7FDE5
:102DD000B846B9F81000B8F80010401A00B20790D1
:102DE000B9F81200B8F80210401A00B20690698BC8
:102DF000A88B084400B20590E98A288B084400B2E9
:102E000004903046FEF72EFE0390FBF7BDFE0290C5
:102E100001A90298FBF7D2FE94F82E0000F0010001
:102E2000F0B394F82E00C0F34000C8BB0298FBF743
:102E3000DFFEA8BBBDF90600002808DDBDF92A1099
:102E4000B5F916000844BDF9221088420CD0BDF92E
:102E50000600002830DABDF92E10B5F91800081A5E
:102E6000BDF92610884227D1BDF90400002808DDED
:102E7000BDF92810B5F91A000844BDF920108842A0
:102E80000CD0BDF90400002816DABDF92C10B5F9F4
:102E90001C00091ABDF9240081420DD1039801E0FC
:102EA0000AE073E1FEF7DEFD30B194F82E0020F069
:102EB0000200801C84F82E0008A8F4F797FD0599FD
:102EC00000EB010B0AA8F4F791FD83450EDCBDF978
:102ED0002810B5F91A000144BDF92000814204D040
:102EE000B5F91A000F9001200D9083E094F82E00A0
:102EF000C0F3400070B1BDF904100798814279D148
:102F0000B8F80000BDF82810401A00B20F90012058
:102F10000D906FE0BDF92C10B5F91C00091ABDF930
:102F20002400814233DD0AA8F4F760FD834608A837
:102F3000F4F75CFDABEB0001A88B081A00B20F9010
:102F400001200D902820005D00F00100002851D0E4
:102F50002820005DC0F30010F0BB2820005DC0F306
:102F6000C000C8BB2820005DC0F34000A0BB2820E3
:102F7000005DC0F3800078BB304600F07BFB28206A
:102F8000005D20F0080008302821085532E0BDF926
:102F90002810B5F91A000844BDF92010884229DA32
:102FA000B5F91A000F9001200D902820005D00F067
:102FB000010088B12820005DC0F3001060B928200E
:102FC000005DC0F3C00038B92820005DC0F34000A8
:102FD00010B92820005D00E00CE0C0F3800048B983
:102FE000304600F047FB2820005D20F01000103034
:102FF0002821085508A8F4F7B7FC049900EB010B49
:103000000AA8F4F7B1FC83450EDCBDF92A10B5F926
:1030100016000144BDF92200814204D0B5F9160022
:103020000E9001200C9082E094F82E00C0F3400036
:1030300070B1BDF906100698814278D1B8F8020047
:10304000BDF82A10401A00B20E9001200C906EE0DC
:10305000BDF92E10B5F91800081ABDF926108842DE
:1030600032DD0AA8F4F780FC834608A8F4F77CFC5C
:10307000ABEB0001288B081A00B20E9001200C90D7
:103080002820005D00F00100F0B32820005DC0F3AF
:103090000010C8BB2820005DC0F3C000A0BB2820E2
:1030A000005DC0F3400078BB2820005DC0F38000C5
:1030B00050BB304600F0DEFA2820005D20F004000E
:1030C000001D2821085532E0BDF92A10B5F9160077
:1030D0000844BDF92210884229DAB5F916000E908D
:1030E00001200C902820005D00F0010060B1282034
:1030F000005DC0F3001038B92820005DC0F3C000A7
:1031000010B92820005D00E011E0C0F3400070B964
:103110002820005DC0F3800048B9304600F0AAFACC
:103120002820005D20F00200801C282108550D9801
:1031300008B90C9830B34846DDE90E21FEF7A3FE2E
:1031400094F82E00C0F34000E0B10C9850B1039801
:10315000FEF724FD069908440FFA80FB59460398B0
:10316000FEF75EFF0D9868B10398FEF70BFD01E0D6
:1031700078040020079908440FFA80FB5946039809
:10318000FEF741FF3046FFF779FB6CE0BAF10E0F16
:1031900069D194F82E0020F0020084F82E00207FE0
:1031A000C0F3820002285ED13046FEF705FC80465F
:1031B000207F00F0010040B304F10C010EA8F4F7E9
:1031C000B9FBBDF83800318A084400B2ADF83800C8
:1031D000BDF83A10708A084400B2ADF83A00BDF864
:1031E0003C00318A084400B2ADF83C00BDF83E1006
:1031F000708A084400B2ADF83E000EA94046FBF7C5
:1032000055FD207F20F001012177207FC0F3400091
:1032100040B304F114010EA8F4F78CFBBDF838009C
:10322000318A084400B2ADF83800BDF83A10708A0F
:10323000084400B2ADF83A00BDF83C00318A0844B9
:1032400000B2ADF83C00BDF83E10708A084400B2F0
:10325000ADF83E000EA94046FBF728FD207F20F088
:103260000201217700BF10988DE570B505460C4628
:103270002846FEF7CFFB0646B48570BD70B50646FE
:103280000C463046FEF7C6FB05462820405D64F339
:1032900000002821485570BD70B506460D463046E1
:1032A000FEF7B8FB0446207FC0F38200A84200D19D
:1032B00070BD042D08D1207F800840F00400217FDC
:1032C00060F38401217715E0052D08D1207F800867
:1032D00020F00400217F60F3840121770AE0207F41
:1032E000800800F0040008B145F00405207F65F374
:1032F00084002077207F20F001012177207F20F0BB
:10330000020121773046FFF7B9FA3046FEF752FC4A
:1033100000BFCDE72DE9F04107460E461546384679
:10332000FEF778FB044636B1012E09D0022E0CD0F0
:10333000032E25D122E029463846FEF74CFE1FE039
:1033400029466068FEF747FE1AE0A560A068B0F95C
:103350001E1004F10C00F4F704FCA068B0F91E1074
:1033600004F11400F4F720FC3846FFF787FA3846DA
:10337000FEF7DBFC3846FEF71DFC01E0656200BF8E
:1033800000BFBDE8F08100002DE9FC5F05460F4657
:103390009046424639462846B34B1B6898470190F1
:1033A0000198012802D00198BDE8FC9F2846FEF74D
:1033B00031FB0446012F64D101212846FFF72DFA85
:1033C000824600BF2846FFF717FA0646F5F7AAFB24
:1033D000834600BF2846FFF70FFA0646F5F7ACFB19
:1033E000009000212846FEF7B8FA814645E0022108
:1033F0004846FEF753FC00283AD14E464946284637
:10340000FEF7ABFA8146B6F91000B5F91010884204
:1034100011D1BBF1010F02D0BBF1030F0BD1318AE7
:10342000BAF81A00084400B23082B18ABAF81A0019
:10343000084401B2B182B6F91210B5F91200814206
:1034400011D10098012802D0009803280BD1718A6D
:10345000BAF81600084401B27182F18ABAF816006F
:10346000084401B2F18230466168FEF7D8FC04E0FE
:1034700049462846FEF771FA8146B9F1000FB6D1E8
:10348000F0E0042F15D1616801F110020846CB6904
:1034900002219847207F00F0010018B9207FC0F377
:1034A000400010B12846FFF7E9F92846FEF73DFC39
:1034B000D8E0022F28D160680028E1D02846FEF726
:1034C00049FB06464046F4F791FA864208D1284661
:1034D000FEF7A6FA06464046F4F746FA8642CFD0F3
:1034E000616801F110020846CB6902219847207FEC
:1034F00000F0010020B9207FC0F340000028BFD0B9
:103500002846FFF7BBF9ADE0052F1AD1B5F9341005
:10351000A068B0F91C004042814204DAA068808BA8
:10352000404200B2A886B5F93410A068B0F918007E
:1035300040428142A4DAA068008B404200B2A886D3
:1035400090E0112F76D1D8F80060122E0FD12846C6
:10355000FEF766FAC0F1000A4FEAEA700AEB9070D3
:103560004FEAA00B59462846FFF7C6FB60E0112E34
:103570000DD12846FEF754FA8246C0170AEB907028
:103580004FEAA00B59462846FFF7B6FB50E0132E32
:1035900028D12846FFF738F982462846FEF7DAFA9E
:1035A00082450FDC2846FEF73BFAC0F1000A4FEADD
:1035B000EA700AEB90704FEAA00B59462846FFF7D5
:1035C0009BFB35E02846FEF7C5FAC0F1000A4FEA3A
:1035D000EA700AEB90704FEAA00B59462846FFF7B5
:1035E00055FB25E0142E23D12846FFF70DF982461E
:1035F0002846FEF7AFFA82450DDC2846FEF710FAA2
:103600008246C0170AEB90704FEAA00B5946284635
:10361000FFF772FB0CE02846FEF79CFA8246C017C3
:103620000AEB90704FEAA00B59462846FFF72EFB95
:1036300018E0FFE7122F03D140460121017011E08D
:10364000062F0FD14146002005E051F8202002B995
:1036500003E0421CD0B20728F7DB00BF03A241F809
:10366000202000BF01989FE6780400206C765F70F0
:103670006167650030B589B004462046FEF7CAF997
:1036800005462820405D00F0010048B3009400206A
:103690000490192005901348019013480290134894
:1036A00003900020ADF81A004FF49670ADF81800A2
:1036B0009DF8200020F00100401C8DF820004FF400
:1036C0009670ADF81C009DF8200020F002008DF8E7
:1036D00020000020ADF81E006846F4F78DF800BF0A
:1036E00009B030BD5F660008A97800087766000859
:1036F00000B589B0F2F7D2FD4FF416630B4A0C49BE
:103700000C48F5F7BDFF01A8F5F7CCFFF020ADF8A8
:1037100004008720ADF80600074804900548029091
:1037200001A8F5F7E1FF09B000BD0000F85C00203A
:10373000384A00201C4A0020116200082DE9FE4F83
:10374000054653480068F6F7A3F8D0B15048006822
:10375000F6F742F80446002020824D480068F6F74C
:1037600045F8401E01B2A1820021618248480068EC
:10377000F6F770F8401E01B2E182284600F08AF8A0
:1037800084E043480068F6F727F804462846F4F733
:1037900003F902902846F4F7D2F882463C480068C4
:1037A000F6F758F8B5F90610884206DC3848006884
:1037B000F6F750F8401E00B201E0B5F906000746E2
:1037C000E1680298B1FBF0F6564500DD56463048F8
:1037D0000068006950B30020ADF80000ADF80400A7
:1037E000ADF80200701E0FFA80F900BFADF8069028
:1037F000274800686946026925480068904768467E
:10380000F4F79DF8B04200DC06E0A9F101000FFAE0
:1038100080F9B9F1000FE9D100BFB9F1000F01D172
:10382000BDE8FE8FBDF90600461C00BF4FF0000B3F
:10383000B5F9028018E028882082A988A182A4F81E
:10384000128008EB0600401E01B2E182B4F91600B6
:10385000B84200DDE782B4F916B0284600F01AF845
:1038600008EB06000FFA80F808EB0600401EB8428D
:10387000E1DD5F4509D028882082A988A182A4F8CB
:103880001280E782284600F005F800BF00BFC7E7B6
:103890005C0300202DE9FC4104461E480068F5F752
:1038A0009BFF05461B480068F5F7E7FF28B900BFF6
:1038B000A86900F001000028FAD105F110022146A4
:1038C0006846F4F79AF813480068F5F7B8FF07461A
:1038D0003946684600F058F806466946304600F01A
:1038E00081F90C480068F5F79FFF0746694600F02C
:1038F00079F908480068F5F78CFF0746694600F03B
:1039000071F904480068F5F7C3FF08B900F0A0F9A1
:10391000BDE8FC815C03002010B50020154908605B
:1039200000241DE01448006800F59E70005DB0B9E9
:10393000114909683C3101EBC400FFF7FFFE0E4856
:103940000068806958B10C4909683C3101EBC4003A
:10395000F4F711F807490968084406490860641C2F
:1039600005480068B0F85C01C0F30900A042D9D84E
:1039700010BD0000580300205C03002001480068CF
:10398000704700005C0300202DE9F04106460C461C
:10399000002504F110013046F4F770F800282FD00C
:1039A00094F83000C0F3001050BB201DFDF7A4F8C0
:1039B00007460BE039463046FFF7E6FF054605B1FE
:1039C00006E03946201DFDF79CF80746002FF1D18F
:1039D00000BFA5B92046FEF759F8804698F80800C0
:1039E000FF280BD1022231462046236A984728B18E
:1039F0002046FEF723F8FF2800D1254600BF00BF70
:103A00002846BDE8F08170472DE9FC4100255CE0C7
:103A10003348006800F59E70405D00B154E000241A
:103A200049E02F48006800F59E70005D08B9A54286
:103A300000D13FE02A4A12683C3202EBC401284A16
:103A400012683C3202EBC500F4F735F800B931E0FA
:103A5000234800683C3000EBC402214800683C3039
:103A600000EBC5016846F4F743F86846F3F783FFB7
:103A700006461B4909683C3101EBC500F3F77BFFA3
:103A80000746174909683C3101EBC400F3F773FF9F
:103A9000384486420DD2124909683C3101EBC50019
:103AA0006946F3F738FF01210D48006800F59E7064
:103AB000015500BF641C0A480068B0F85C01C0F3FF
:103AC0000900A042ADD800BF6D1C05480068B0F8E1
:103AD0005C01C0F30900A8429AD8BDE8FC8100004F
:103AE0005C0300202DE9F0418AB00546884695F830
:103AF0003000C0F3001010B10AB0BDE8F081B5F994
:103B0000344004A92846FDF74AFFBDF81000001B09
:103B100000B2ADF81000BDF81200001B00B2ADF805
:103B20001200BDF81400204400B2ADF81400BDF836
:103B30001600204400B2ADF8160004AA414606A8BB
:103B4000F3F75BFF0646002E4AD0002206A928465E
:103B50002B6A984704A92846FDF721FF04AA41468D
:103B600008A8F3F74AFF0646AEB3281DFCF7DEFFB0
:103B700007462DE069463846FDF711FFB7F9344096
:103B8000BDF80000001B00B2ADF80000BDF8020057
:103B9000001B00B2ADF80200BDF80400204400B2E2
:103BA000ADF80400BDF80600204400B2ADF80600F0
:103BB0006A4608A902A8F3F720FF06461EB102A92B
:103BC0003846FFF78FFF3946281DFCF7A5FF07464B
:103BD000002FCFD100BF012206A928462B6A9847A3
:103BE00000BF89E72DE9F0410546884625B9174809
:103BF0000068F5F724FE054641462846FFF772FFA8
:103C00002F462846FDF72EFF04461BE03946201DAF
:103C1000FCF782FF064608E041463046FFF762FFA8
:103C20003146201DFCF778FF0646002EF4D1012214
:103C300041462046236A984727462046FDF712FF53
:103C4000044600BF002CE1D1BDE8F0815C030020F8
:103C500070B517480068F5F7BFFD044614480068C2
:103C6000F5F70BFE28B100BFA06900F001000028A5
:103C7000FAD1A06920F00100401CA061FFF77EFE90
:103C80000546E86828B1A26804F110012846EB68EF
:103C90009847206850B1606840B12168A0688842A8
:103CA00002D16068A06001E02068A06070BD0000E3
:103CB0005C03002010B5F5F793FD0446F5F7BFFD52
:103CC00010BD00002DE9F05F06468A461546022D1C
:103CD00007D12A4651463046234B1B689847BDE81A
:103CE000F09F002D36D13046FDF7D0FE0746304616
:103CF000FDF7B8FE80464046FDF7C8FE81464046C7
:103D0000FDF78BFE834699F80800D8B9B9F80C0086
:103D1000C0B95846F9F7DBFD404513D1394658463E
:103D2000F9F7E8FD0446207A50B9A08940B97F210F
:103D300021720121A18121465846F9F7DBFD044695
:103D4000B46200BF2A4651463046074B1B6898476D
:103D5000B76207E0012D05D12A4651463046024B95
:103D60001B6898470120BAE77404002070B5044628
:103D70000D463C2229462046F0F774FA70BD00003B
:103D800000B589B00020FE490870FF21FC4801728F
:103D9000FC4800680890FA48BDF820104180F948B6
:103DA000001D00680790F648BDF81C1081800021B6
:103DB000C18041838183C18201830521C1830020A9
:103DC0000690EF48BDF818104181FF21C173002112
:103DD00081810F218173EB48083000680590E84825
:103DE000BDF8141001820121017500214182FF21DB
:103DF00080F82C10302211461046F4F72AFD01906D
:103E0000DF48BDF804100184D82296215520F4F72C
:103E100020FD0190DA48BDF804104184DA4941627E
:103E20000021018502214185FF2180F833102022E5
:103E300011461046F4F70DFD0190D148BDF804106D
:103E40000186002180F83210FF2180F838102022EE
:103E500011461046F4F7FDFC0190C948BDF8041066
:103E600081860221C186002180F839100146C748A9
:103E7000FFF77CFF0521C54841838183C18201830F
:103E80000146C348FFF772FFF02211461046F4F7CF
:103E9000E0FC0190BE48BDF804100184F0221146F8
:103EA0001046F4F7D6FC0190B948BDF8041001861D
:103EB000F02211461046F4F7CCFC0190B448BDF84E
:103EC00004108186D82296215520F4F7C2FC019077
:103ED000AF48BDF804104180014649888180AB4954
:103EE000AC48FFF743FF202211461046F4F7B1FC1F
:103EF0000190A848BDF80410018420221146104604
:103F0000F4F7A7FC0190A348BDF804100186202215
:103F100011461046F4F79DFC01909E48BDF8041030
:103F2000818698480C30006804909A48BDF81010BB
:103F3000418094481030006803909648BDF80C10FA
:103F400081800621C180402211461046F4F781FC91
:103F500001909048BDF804104181022181814C21DB
:103F6000C17301468C48FFF701FFE022114610465D
:103F7000F4F76FFC01908848BDF804100184E0223A
:103F800011461046F4F765FC01908348BDF8041013
:103F90000186C02211461046F4F75BFC01907E4872
:103FA000BDF804108186C7229A216B20F4F751FCDA
:103FB00001907948BDF8041041808B2259212B20B3
:103FC000F4F747FC01907448BDF804108180422248
:103FD0002C211520F4F73DFC01906F48BDF804102A
:103FE00041816A496D48FFF7C1FE01206B490870A5
:103FF00000216A488181017201466948FFF7B6FED7
:104000000021674841838183C1820183014665485D
:10401000FFF7ACFE00216348C1835C496248FFF7AB
:10402000A5FED022A2217620F4F713FC01905E4871
:10403000BDF8041041805D223A211920F4F709FCF3
:1040400001905948BDF8041081800621C1801921D2
:10405000418381831021C18201830A21C1832822E7
:1040600019210B20F4F7F5FB01904F48BDF804101F
:10407000418102218181B221C1734248143000681C
:1040800002904948BDF80810018200214182FF22B8
:1040900011461046F4F7DDFB01904348BDF80410CB
:1040A0000184FF2211461046F4F7D3FB01903E48ED
:1040B000BDF80410018601463C48FFF757FE9422E4
:1040C00062213320F4F7C5FB01903848BDF8041095
:1040D00041803C2226211020F4F7BBFB019033489D
:1040E000BDF804108180C622B521A420F4F7B1FBED
:1040F00001902E48BDF804100184C622B521A420E9
:10410000F4F7A7FB01902948BDF804100186C622E8
:10411000B521A420F4F79DFB01902448BDF80410BC
:10412000818621492248FFF721FE222211210A20FF
:10413000F4F78FFB01901E48BDF8041041809022D7
:1041400062213720F4F785FB01901948BDF804106F
:1041500081800D2207210120F4F77BFB0190144898
:10416000BDF804104181F422DD21C820F4F771FB71
:1041700001900F48BDF804100184F422DD2119E0FC
:10418000B006002014930108A4030020A00700201B
:10419000DC0700201808002054080020EC0600204E
:1041A000280700206407002090080020CC08002089
:1041B00008090020C820F4F74CFB01904248BDF8E4
:1041C00004100186F422DD21C820F4F742FB01909F
:1041D0003D48BDF80410818601463C48FFF7C6FD06
:1041E000272214210220F4F734FB01903748BDF850
:1041F0000410418070224C212B20F4F72AFB0190FF
:104200003248BDF804108180C622B521A420F4F7FD
:1042100020FB01902D48BDF804100184C622B52171
:10422000A420F4F716FB01902848BDF8041001867D
:10423000C622B521A420F4F70CFB01902348BDF859
:104240000410818622492348FFF790FDD8221146A9
:104250001046F4F7FEFA01901E48BDF804104180A4
:10426000D82211461046F4F7F4FA01901948BDF827
:1042700004108180902211461046F4F7EAFA01906A
:104280001448BDF804104181702211461046F4F71D
:10429000E0FA01900F48BDF8041001847022114625
:1042A0001046F4F7D6FA01900A48BDF804100186CA
:1042B000702211461046F4F7CCFA01900548BDF87B
:1042C0000410818609B000BD0809002044090020BF
:1042D000900800208009002010B514210348FCF745
:1042E0002AFC012000F08EF810BD0000BC0900205F
:1042F0002DE9F0410546884616461F4600F018F89D
:1043000004460CB900BFFEE714B90020BDE8F081F7
:104310002946204600F067F94146204600F065F93D
:104320003146204600F064F9E7602046EEE70000E1
:1043300070B500242548FCF7DFFB05464DB923483E
:10434000FCF704FC04460CB900BFFEE734BB0020B8
:1043500070BD00BF287C00F0070003280BDC294655
:104360001A48FCF713FC04460CB900BFFEE70CB971
:104370000020EDE706E029461448FCF7C2FB05469D
:10438000002DE7D100BF4DB91048FCF738FC0446BA
:104390000CB900BFFEE70CB90020D9E74FF4FA7062
:1043A00020600020A060207C20F00700C01C20744A
:1043B000207C20F00800207400F060F9606000208C
:1043C000E0600120024908702046C1E7BC090020D6
:1043D0000B04002010B5044621460748FCF773FC87
:1043E0002046FCF7DBFC05480068A04202D1012012
:1043F0000349087010BD0000BC090020F80300202C
:104400000A040020014908707047000008040020D9
:1044100070B504460025606800F022F90646206861
:10442000B04217D800F02AF9606000200A490870ED
:104430000A490870A06810B12046A168884706485C
:10444000007830B9207CC0F3C00010B12046FFF7DF
:10445000C1FF0125284670BD0A0400200B0400207E
:104460002DE9F0415148007808B1BDE8F081012004
:104470004E4908704E48007810B900200870F4E7E3
:1044800000F0FCF84B490860002400BF0127002021
:1044900049490870494908704948FCF72DFB4949CA
:1044A000086048E0474801684548FCF72AFB054694
:1044B00044480068007C00F0070000B93FE0414834
:1044C0000068A04203D100243E48056033E03D4827
:1044D0000068007C00F00700052804D13948006816
:1044E000FFF796FF1CE094B136480068007C00F0AE
:1044F0000700217C01F00701884211DD3148006886
:10450000FFF786FF60B12F480468002717E02D48A9
:104510000068FFF77DFF18B12A48046800270EE005
:104520002548007800B10AE02448007800B106E090
:104530002448056000BF234800680028B2D100BFAE
:10454000002FA3D01B48006800F08AF81E490968B4
:1045500008441D4908601D48006800F081F80646BF
:10456000B6F5FA7F1CD318480068642148434FF41D
:10457000FA71B0FBF1F0164908700846007864281B
:1045800001DD002003E012480078C0F1640010490A
:10459000087000200C49086000F070F80B490860B2
:1045A00000200249087000BF5FE700000C040020F3
:1045B00008040020140400200A0400200B0400203A
:1045C000BC090020F803002018040020100400207B
:1045D0000904002010B5044600F050F82168401A84
:1045E000401E606010BD8160704701607047000030
:1045F00070B505460E46287C00F00700B04200D199
:1046000070BD1348FCF778FA044611E0207C00F0F6
:104610000700B04207DCAC4204D0224629460C48D1
:10462000FCF71CFB06E021460948FCF76AFA044641
:10463000002CEBD100BF24B9002229460448FCF726
:104640000DFB287C66F30200287400BFD8E7000049
:10465000BC09002001480068704700007C0400206D
:1046600010B5034600F00AF804469C4201D3E31A51
:1046700001E05B422344184610BD000000BF012149
:10468000044A117004490868114609780029F6D0D7
:1046900070470000E8030020E40300200021044AE2
:1046A0001170044909680144024A11607047000012
:1046B000E8030020E40300202DE9FF4F83B0074604
:1046C0008846DDF840B01FB9002007B0BDE8F08F84
:1046D000B8F1000F01D10020F7E70BF0020010B194
:1046E00047F61840069000200290019000254FF0F8
:1046F000FF3900900024824601A93846324A1268E8
:104700009047824659E054460198029001A93846E4
:104710002D4A1268904782460BF0010028B12146CD
:10472000684600F007F900B147E00A2C01D00D2CD3
:104730000AD10D2C05D1BAF10A0F02D1019880B22D
:10474000C3E7029880B2C0E7524621464046F8F7D8
:1047500062FF0646A81905B20698854214DD09F1E4
:10476000010010B1CDF8089004E002A93846174ABC
:1047700012689047029820B902A93846124A126876
:104780009047029880B2A0E721460022002007E06F
:104790000FA31B5C8B4201D1012205E0431CD8B260
:1047A0000BA31B5C002BF3D100BF0AB1DDF808900E
:1047B00016B10598284405B200BF0298385C00285D
:1047C000A1D1029880B280E7280400202C040020A8
:1047D000202C2E3B3A2D5F002DE9FF4F83B004467D
:1047E0000E469046DDF848B0DDF840A0002020805D
:1047F000608016B907B0BDE8F08FB8F1000F00D1A6
:10480000F8E70BF0020010B147F6184011900025B0
:10481000A94600BF98F8087000BF26E07019CDF8CF
:1048200000B04146119B069AFFF746FF814460881D
:10483000384400B260806088504400B26080A9EBC8
:10484000050291B27019CDF800B04246069B00F007
:1048500029F80290B4F900100298814201DA029816
:1048600001E0B4F9000020804D46705D0028D5D1EC
:104870006DB1681E305C0A2803D0681E305C0D28BC
:1048800005D1608807EB0A01084400B260806088A7
:1048900008B9678004E06088A0EB0A0000B260807D
:1048A00000BFA7E72DE9FE4F05460E46174698467E
:1048B000DDF830A015B90020BDE8FE8F0FB900204B
:1048C000FAE700200290002401907EB326E002A9BE
:1048D0002846174A126890470090029968180021EC
:1048E000134A1268904783460AF0010028B101A8D4
:1048F000009900F01FF800B110E05A4638460099C0
:10490000F8F789FE0FFA80F9B9F1000F05DD04EB25
:10491000090004B204EB080004B200BF0298B042E0
:10492000D5D3002C02DDA4EB080004B22046C3E777
:1049300028040020024600200FA31B788B4211D1CF
:1049400013781BB90123137001200BE01378012B9E
:1049500002D10023137005E01378022B02D100234B
:10496000137001201378012B04D1202901D10223D7
:1049700013700120704700002300000008B50146B5
:10498000802901D2084608BDB1F5006F11D2C1F3EC
:10499000841040F0C0008DF8000001F03F0040F0AE
:1049A00080008DF8010000208DF802008DF80300D2
:1049B00033E0B1F5803F15D2C1F3033040F0E000A1
:1049C0008DF80000C1F3851040F080008DF80100E3
:1049D00001F03F0040F080008DF8020000208DF8CB
:1049E00003001AE0B1F5881F17D2C1F3824040F0EE
:1049F000F0008DF80000C1F3053040F080008DF824
:104A00000100C1F3851040F080008DF8020001F034
:104A10003F0040F080008DF803006A461068B2E75E
:104A200018B500F08001C9B100909DF800301B0658
:104A30009DF8014003EB04439DF8024003EB04237F
:104A40009DF803401919002204E0CBB203B9090A0A
:104A5000531CDAB2042AF8DB084600BF18BD000078
:104A60002DE9F04105460E460024002705E02819EF
:104A700004490968884704447F1CB742F7D320469D
:104A8000BDE8F0811C040020F8B506460C46002065
:104A90000090002505E069463046044A12689047B8
:104AA0006D1C0098A042F6D32846F8BD28040020CB
:104AB00038B5044600250020009005E069462046F0
:104AC000044A126890476D1C0098205C0028F5D1BC
:104AD000284638BD2804002008B5024600230020DF
:104AE000009001B969460868105C00F0800028B9A0
:104AF0000868135C0868401C08608FE00868105C58
:104B000000F0E000C02817D10868105CC006430D13
:104B10000868401C08600868105C00F0C00080282D
:104B200001D0002008BD0868105C00F03F0003447D
:104B30000868401C086071E00868105C00F0F00034
:104B4000E02828D10868105C0007030C0868401CA6
:104B500008600868105C00F0C000802801D00020C8
:104B6000E0E70868105C00F03F0003EB8013086882
:104B7000401C08600868105C00F0C000802801D06C
:104B80000020CFE70868105C00F03F00034408688D
:104B9000401C086042E00868105C00F0F800F02853
:104BA00039D10868105C4007C30A0868401C0860D7
:104BB0000868105C00F0C000802801D00020B1E738
:104BC0000868105C00F03F0003EB00330868401CED
:104BD00008600868105C00F0C000802801D0002048
:104BE000A0E70868105C00F03F0003EB8013086842
:104BF000401C08600868105C00F0C000802801D0EC
:104C000000208FE70868105C00F03F00034408684C
:104C1000401C086002E00868401C0860184681E7F4
:104C20002DE9F84306460C4600272068401E206008
:104C300000BF042F02DB0020BDE8F883216888193B
:104C40000D490968884705463DB9206818B12068B4
:104C5000401E206001E00020EEE7781CC7B2002D66
:104C6000E7D02068009069463046044A12689047B1
:104C700080464046E0E700001C0400202804002095
:104C80000146087800F0800008B9012070470878D4
:104C900000F0E000C02801D10220F7E7087800F01A
:104CA000F000E02801D10320F0E7087800F0F800D8
:104CB000F02801D10420E9E70120E7E72DE9F047DA
:104CC00081460E4614461F46DDF820A035461BE0FF
:104CD000600800FB075529464846D047B0F1000858
:104CE00009DD04F0010080F00100C0EB5404E81974
:104CF0000546064608E0B8F1000F02DA64083546BA
:104D000002E02846BDE8F087002CE1D10020F9E759
:104D100010B5FEF7CFFF044603F072F9164908609C
:104D2000FEF7C8FF044603F00FFD1449086012485F
:104D3000006813490860114800684860002210218B
:104D40000D480068F8F794FB002210210B4800681A
:104D5000F8F78EFBFEF7AEFF04460A49FDF72EF882
:104D600005480068FCF7A3FF03480068064908608F
:104D700000200649087010BD880400208C04002023
:104D800090040020614E0108840400209804002053
:104D900008B517481749086062B602F089FBF1F7B9
:104DA000F9F9F2F795FC04F0B3F9F0F789F9F2F7A5
:104DB0008BFAF0F7BFFEF1F7F9FDEFF7A5FC002045
:104DC0008723F02201460090EFF73DFCEFF74CFB04
:104DD00002F096FB00F000FE9FED070A074880ED09
:104DE0002C0A01F01BFA01E002F08EFBFCE7000048
:104DF0000040000808ED00E000506A45B472002051
:104E000010B500220D2113480068F8F731FB124855
:104E10000078401C1049087008460078022801DB21
:104E2000002008700D480C49097850F82100094904
:104E300008600022102107480068F8F719FB0022DB
:104E40000C2104480068F8F713FB02480068FCF7DF
:104E50002EFF10BD84040020980400209004002040
:104E600070B505460E460648006840B1F8F7FAFAF4
:104E7000044622460B2102480068F8F7F9FA70BD93
:104E8000840400204448008802EE100AB8EE422A4A
:104E9000DFED422A82EE223AB0EE430A4048008813
:104EA00002EE100AB8EE422ADFED3E2A82EE223AE6
:104EB000F0EE430A3C48008802EE100AB8EE422A9F
:104EC000DFED3A2A62EE222A3948007802EE100A13
:104ED000B8EE422A22EE822AB0EE421A3548008805
:104EE00002EE100AB8EE422ADFED2E2A82EE223AB6
:104EF000F0EE431A9FED302AC0EE022A2F48C0ED93
:104F00001B2AC0ED1A0ADFED2E2A81EEA22ADFED60
:104F1000252A82EE223A9FED2B2A23EE022A9FEDCC
:104F20002A3AC2EE032A2248007802EE100AB8EEAE
:104F3000422A82EE823A214880ED1D3A90ED1D2AE8
:104F4000F7EE002A82EE823A80ED1E3A9FED1E2A8D
:104F5000C0EE022AC0ED1F2A80ED201A90ED202A13
:104F6000F2EE042A82EE223A80ED213A9FED172AD2
:104F700080ED072A9FED162A80ED142A9FED152A51
:104F800080ED162A9FED0C2A80ED052A9FED122A4E
:104F900080ED192A704700001E000020002474498B
:104FA0001C00002000007A44240000205077D63DE9
:104FB00022000020200000206F128338EC730020B4
:104FC0002DB2DD3F00007042DB0FC9400000000041
:104FD0009001483C76013B3CDB0F493F10B52DED7D
:104FE000028B88B0044694ED150AB5EEC00AF1EEC6
:104FF00010FA06D294ED150AFFEE000A20EE208A80
:1050000001E094ED158A94ED000AD4ED080A30EE23
:10501000600A84ED0A0A94ED1B0AD4ED0A0A20EE18
:10502000200A84ED100A94ED010AD4ED090A30EE4D
:10503000600A84ED0B0A94ED1B0AD4ED0B0A20EEF6
:10504000200A84ED110A94ED000A84ED080A94ED1B
:10505000010A84ED090A94ED170AD4ED1A0A94EDB9
:10506000001A00EEC10AD4ED100A30EE600A8DED90
:10507000040A84ED0C0A94ED180AD4ED1A0A94ED92
:10508000011A00EEC10AD4ED110A30EE600A8DED6E
:10509000050A84ED0D0A94ED040AD4ED020A20EE0F
:1050A000200A84ED170A94ED040AD4ED030A20EED9
:1050B000200A84ED180A94ED060AD4ED190A30EEA0
:1050C000200A8DED010ADDED010AB0EE600AEFF76E
:1050D0004BF88DED030ADDED010AB0EE600AEFF743
:1050E0007FF88DED020A06AA01A904A800F0AEF827
:1050F0009DED060A84ED0E0A9DED070A84ED0F0A68
:1051000094ED0E0AD4ED120A70EE600A94ED141AB2
:1051100094ED120A00EE810A84ED120A94ED0F0A52
:10512000D4ED130A70EE600A94ED141A94ED130A8C
:1051300000EE810A84ED130A94ED1E0A84ED1C0A28
:1051400094ED210AB4EEC80AF1EE10FA20D294EDE3
:10515000130AB5EEC00AF1EE10FA0CDD94ED130A55
:10516000D4ED120A30EE600AD4ED1C0A20EE200ABB
:1051700084ED070A2CE094ED130AD4ED120A30EE08
:10518000200AD4ED1C0A20EE200A84ED070A1FE055
:1051900094ED150AB5EEC00AF1EE10FA0CDD94EDAF
:1051A000130AD4ED120A30EE600AD4ED1C0A20EE88
:1051B000200A84ED070A0BE094ED130AD4ED120ADD
:1051C00030EE200AD4ED1C0A20EE200A84ED070AF6
:1051D00094ED060AD4ED070A94ED051A00EE810A53
:1051E00084ED060A94ED060ADFED170AB4EEE00A34
:1051F000F1EE10FA07DB94ED060ADFED130A30EE4C
:10520000600A84ED060A94ED060AB5EEC00AF1EED6
:1052100010FA07D894ED060ADFED0B0A30EE200AEB
:1052200084ED060A94ED070AD4ED150A70EE600AC3
:1052300094ED161A94ED150A00EE810A84ED150A14
:1052400008B0BDEC028B10BDDB0FC94090ED000A29
:10525000D1ED020A20EE200AD0ED010A91ED011AEB
:1052600000EE810A82ED000A90ED000AB1EE400ADC
:10527000D1ED010A20EE200AD0ED010A91ED021ACB
:1052800000EE810A82ED010A704710B5F0F762F96D
:1052900010BD000010B5F9F7DBFCFEF729FAFFF7A7
:1052A00037FDF1F707FA0020174981F83700012090
:1052B00008750020086381F8340081F83500134830
:1052C000007881F82C001248008800F051FC40F270
:1052D000AB701049086000204860487208720820CE
:1052E00088720020C872A1210A480173A22141736B
:1052F000A3218173A421C173A5210174A621417446
:10530000A721817410BD0000440600202E0000205B
:10531000240000207C06002000B587B09FEDEF0A36
:105320008DED060A9FEDED0A8DED050A9FEDEB0A66
:105330008DED040A00200090019002900390E8484F
:1053400090F8370006286ED2DFE800F003085673A5
:1053500074FD0120E24981F83700BCE1E048C068F3
:10536000B0F5806F2CD2DE48C068401CDC49C860B4
:105370000021DC48EFF7FEFFD94908800121D94818
:10538000EFF7F8FFD64948800221D648EFF7F2FF41
:10539000D349888008460088D34909680844D2491F
:1053A0000860CF484088D14909680844CF4908605F
:1053B000CB488088CE4909680844CD4908601AE086
:1053C000C748C068C8490968B1FBF0F0C449C88043
:1053D0000846C068C5490968B1FBF0F0C0490881BA
:1053E0000846C068C2490968B1FBF0F0BC49488171
:1053F000022081F837006EE1B948006947F6FF41A5
:10540000884205D2B6480069401CB54908610FE0E2
:10541000B348007D012807D10420B14981F8370045
:1054200000F00AFB04E055E10320AD4981F83700A4
:1054300051E150E1AA48006B401CA94908630846A5
:10544000006B47F6FF41884203D30120A44981F84D
:10545000340000F0ADFA10B100F08EFA3BE100210B
:10546000A048EFF787FF9E49088001219D48EFF78C
:1054700081FF9B49488002219A48EFF77BFF9849BA
:1054800088809C4890F8C000072877D2DFE800F0B9
:10549000AF043C3D7778050000BF9148408800EE9E
:1054A000100AF8EE400A8E48008900EE100AB8EEA5
:1054B000400A30EEC00ADFED900A20EE200A8D4847
:1054C00080ED040A8648808800EE100AF8EE400A53
:1054D0008348408900EE100AB8EE400A30EEC00A58
:1054E000DFED850A20EE200A824880ED050A90ED66
:1054F000040ADFED7A0A30EEC00AD0ED050A30EE7C
:10550000600A80ED030A73E000BF7548008800EE72
:10551000100AF8EE400A7248C08800EE100AB8EE91
:10552000400A30EEC00ADFED740A20EE200A71480E
:1055300080ED030A6A48808800EE100AF8EE400AFF
:105540006748408900E0C4E000EE100AB8EE400A67
:1055500030EEC00ADFED680A20EE200A654880EDD3
:10556000050A90ED030ADFED5D0A30EEC00AD0EDCA
:10557000050A30EE600A80ED040A39E037E000BF2A
:105580005748008800EE100AF8EE400A5448C088D8
:1055900000EE100AB8EE400A30EEC00ADFED560AFF
:1055A00020EE200A534880ED030A4D48408800EE63
:1055B000100AF8EE400A4A48008900EE100AB8EED8
:1055C000400A30EEC00ADFED4C0A20EE200A4948BE
:1055D00080ED040A90ED030ADFED400A30EEC00AC8
:1055E000D0ED040A30EE600A80ED050A00E000BF4D
:1055F00000BF3B4890ED080ADFED400A20EE200A8C
:105600003F4880ED060A90ED140AD0ED130A30EE03
:10561000200A80ED140A90ED140AB5EEC00AF1EEEE
:1056200010FA08D290ED140ADFED360A30EE200AA7
:1056300080ED140A11E0324890ED140ADFED310AD2
:10564000B4EEE00AF1EE10FA07DD90ED140ADFED9A
:105650002D0A30EE600A80ED140A00F0DDFE2548C8
:1056600090ED030A8DED060A06980090214890ED12
:10567000040A8DED050A059801901E4890ED050A73
:105680008DED040A0498029080208DF80E007F2092
:105690008DF80F001021684603F0EEFD154B93EDD9
:1056A0002F0ABCEEC00A10EE103A9AB2114B93EDDD
:1056B0002E0ABCEEC00A10EE103A99B20D4B93EDD3
:1056C0002D0ABCEEC00A10EE103A98B200F03AFA79
:1056D00001E000E000BF00BF07B000BD0000000017
:1056E0004406002000240140180300201C03002071
:1056F00020030020B47200200000843C3ACD133F08
:1057000080730020DB0FC94010B502F05BFF10BDB5
:1057100070B5002400250020EFF76AFE4549C882D5
:105720000120EFF765FE434908830220EFF760FE92
:1057300040494883C88AF0F787F93E4880ED070A58
:10574000008B00EE100AB8EE400ADFED3B0A20EEB7
:10575000200A384880ED080A408BB0F5006F0FDD55
:105760003448408BA0F5006000EE100AB8EEC00A85
:10577000DFED320A20EE200A2E4880ED090A04E00F
:105780009FED2F0A2B4880ED090A2E48407801280A
:105790000DD12C4890ED0A0ADFED2B0A20EE200AED
:1057A000BCEEC00A10EE100A2249088502E0002073
:1057B00020490885F1F7CEF80446F1F727FFF1F705
:1057C000F9FE0546012C03D1042002F001FB04E0A0
:1057D000022C02D1052002F0FBFA022D03D1032096
:1057E00002F0F6FA04E0032D02D1022002F0F0FAF2
:1057F000164800780F4981F82C000846408D00EECD
:10580000100AB8EE400ADFED120A60EE200A1148D5
:10581000007800EE100AB8EE400A20EE800A09482F
:1058200080ED070A0A20FEF739FFFEF719FE00F0A7
:1058300015F870BD440600200303883C0000843C3A
:105840000000000080730020EBC998402E0000206B
:105850005077D63D220000207047704710B50024D5
:10586000394890ED070ADFED390AB4EEE00AF1EEAF
:1058700010FA00D20BE0344890ED070ADFED340A4D
:1058800030EE200ABCEEC00A10EE100AC4B2314855
:10589000C4722D4890ED090AF2EE040A20EE200AA7
:1058A000BCEEC00A10EE100AC1B22A4801732648A5
:1058B00090ED080AF1EE080A20EE200ABCEEC00ABC
:1058C00010EE100AC1B223484173234890ED090A33
:1058D000F2EE040A20EE200ABCEEC00A10EE100A16
:1058E000C1B21C488173184890F828101948C17338
:1058F0001548008D011217480174134890F82C00C8
:1059000000F00F01134841740F4890F8370000F081
:105910000F0110488174807C1049097840EA011019
:10592000C1B20C4881740D480078401C0B490870C6
:10593000084600780F2801DB002008700549084858
:10594000F0F70CFB10BD000044060020000020C250
:10595000000020427C060020B472002024030020B6
:10596000006400400020034981F8350081F83400CC
:10597000704700004406002010B500F08FF80020AA
:10598000044948700520044981F837000020087553
:1059900010BD0000807300204406002010B50446AE
:1059A000382202492046EEF75DFC10BD4406002077
:1059B000084890F82C0058B1064890F835000128A6
:1059C00000D17047034890F83400012800D1F8E76F
:1059D00000BFF6E74406002010B5F1F72FFD00F0F8
:1059E0009BFD00F0DDFD00F005F8F1F717FBEFF788
:1059F00061FB10BD10B5002202210E4801F0F5FF39
:105A0000002201210B4801F0F0FF00221146094855
:105A100001F0EBFF00220221064801F032FE0022D5
:105A20000121044801F02DFE00221146014801F039
:105A300028FE10BD002C014010B56022022116483E
:105A400001F066FF60220121134801F061FF60222E
:105A50000021114801F05CFF012202210E4801F0F3
:105A6000C4FF012211460C4801F0BFFF01220021B2
:105A7000094801F0BAFF04220221074801F001FEA3
:105A800004220121044801F0FCFD04220021024807
:105A900001F0F7FD10BD0000002C014010B5002200
:105AA0004FF480612548F1F7E3F900224FF40071CB
:105AB0002248F1F7DDF900224FF480711F48F1F719
:105AC000D7F900224FF400411D48F1F7D1F9002227
:105AD0004FF480411A48F1F7CBF900224FF40051FE
:105AE0001748F1F7C5F94FF48063032210211348DA
:105AF000F1F7C3F94FF40073032210210F48F1F7B7
:105B0000BCF94FF48073032210210C48F1F7B5F96A
:105B10004FF40043032210210948F1F7AEF94FF486
:105B20008043032210210648F1F7A7F94FF40053F0
:105B3000032210210248F1F7A0F910BD000801402E
:105B4000000C014070B504460D461646224602215F
:105B5000064801F00AFF2A460121044801F005FF2A
:105B600032460021014801F000FF70BD002C0140C9
:105B700005490988884204DD03490988034A51859B
:105B800001E00249488570472400002044060020B7
:105B900010B51A4890F83700032810D1FFF708FF16
:105BA00010B1FFF7E9FE28E0FFF746FF00F036FBF3
:105BB0000420124981F83700012008751DE00F48C4
:105BC00090F83700052818D10024FFF7CBFEEEF738
:105BD0003DFC0446EEF70AFCEEF738FC04465CB9DF
:105BE000FFF7E6FE40B90220F1F7BCFD03200349B0
:105BF00081F8370000F01CF800BF10BD44060020FB
:105C000010B500200849087508494870064890F802
:105C10003700042807D1FFF7EDFE0320024981F881
:105C200037000020088510BD440600208073002046
:105C300010B500F071FC00F0B3FC10BD10B50246C9
:105C4000012000E050430B1EA1F10104E1B2F9D1A3
:105C500010BD000070B586B006460020029003908B
:105C6000049005900024002533480078012855D180
:105C700032480088012800D113E0304800880A2803
:105C800001D1C4430DE02D480088642802D16FF093
:105C9000150406E029480088B0F57A7F01D16FF03D
:105CA000200427480078E0B12548007808B1012099
:105CB00000E00020014623480068FCF78EF8002031
:105CC00000902148214A127850F8221023460822D9
:105CD0001C480068FBF7F6F81A480068FCF706F85D
:105CE00021E01748007808B1012000E000200146BB
:105CF00014480068FCF771F8002000901248134A1D
:105D0000127850F82210234608220E480068FBF74C
:105D1000D9F80C480068FBF7E9FF04E001210948C5
:105D20000068FCF75AF806480078C0F10100044901
:105D3000087006B070BD00000C0500200E050020A4
:105D400010050020080500205C71002011050020CE
:105D5000F7B505460C4604B9FEBD0426029838B1D5
:105D60002968091D0819324602A9EEF77BFA05E0F9
:105D70002968091D08193146EEF78DFA00BFEBE7D7
:105D8000F7B505460C4604B9FEBD0426029830B1AD
:105D900029680819324602A9EEF764FA04E0296876
:105DA00008193146EEF777FA00BFEDE72DE9F0412B
:105DB00003460D46164600240027A0462A480068E0
:105DC00000F4E060B0F5E06F03D100BF4FF00408CD
:105DD00030E02548006800F4E060B0F5C06F03D102
:105DE00001274FF0030825E01F48006800F4E06039
:105DF000B0F5A06F02D10227B8461BE01A48006830
:105E000000F4E060B0F5806F03D103274FF0010884
:105E100010E01548006800F4E060B0F5407F03D161
:105E200004274FF0000805E04FF4A06000F020F8D0
:105E30000227B846C7F1040005FA00F4C8F10401CE
:105E40000F20C8403040044324010848C45403F0E4
:105E50001F01012088405911890001F1E021C1F89A
:105E60000001BDE8F08100000CED00E000E400E07E
:105E700002490143024A1160704700000000FA0520
:105E80000CED00E070B505462C46002609E094F8BC
:105E90003000C0F3401000B126462046FBF7E2FD7B
:105EA0000446002CF3D116B13046FBF700FF70BD5D
:105EB00001460B2928D2DFE801F006090C0F121564
:105EC000181B1E21240011480088704710480088C4
:105ED000FBE710480088F8E70F480078F5E70F481F
:105EE0000088F2E70E480078EFE70E480078ECE70C
:105EF0000D480088E9E70D480088E6E70C4800886F
:105F0000E3E70C480078E0E70020DEE71C00002013
:105F10001E0000202000002022000020240000207D
:105F20002600002027000020280000202A00002052
:105F30002C0000202E0000200B282ED2DFE800F0DD
:105F400006090C0F1215181B1E212400144B198072
:105F500024E0144B198021E0134B19801EE0134BF1
:105F600019701BE0124B198018E0124B197015E0E4
:105F7000114B197012E0114B19800FE0104B198072
:105F80000CE0104B198009E00F4B19701A4612787B
:105F9000012A01DD01221A7000E000BF00BF704736
:105FA0001C0000201E0000202000002022000020F5
:105FB00024000020260000202700002028000020C8
:105FC0002A0000202C0000202E00002090ED060A60
:105FD000D0ED020A20EE200AD0ED070A90ED011A5A
:105FE00000EE810A80ED080A90ED070AD0ED020A62
:105FF00020EE200AD0ED060A90ED011A00EEC10A4B
:1060000080ED090A7047000010B52DED028B7C4829
:106010000078A8B37A48807838B100207849887031
:106020009FED780A084680ED0B0A754890ED0E0A40
:1060300080ED0C0A744890ED090A80ED1F0A704843
:1060400090ED0C0A704880ED1E0A6030EFF7EBFB14
:106050006D4890ED200A80ED0B0A90ED080A80ED66
:10606000150A674890ED0B0A674880ED140A38302E
:10607000EFF7D9FB644890ED160A80ED0A0ABCE000
:10608000FFE79FED600AF0EE408A9FED5E0AB0EEFA
:10609000408A5B48807890B1002059498870084652
:1060A00090ED120A80ED080A9FED560A80ED0B0A6A
:1060B00090ED0C0A544880ED220A0A2048645048AA
:1060C00090ED070AD0ED080A30EE600A80ED090A6B
:1060D00090ED090ADFED4D0AB4EEE00AF1EE10FA98
:1060E00008DB90ED080ADFED4A0A30EE200A80ED69
:1060F000080A17E0424890ED090ADFED460AB4EEBF
:10610000E00AF1EE10FA08D890ED080ADFED400A37
:1061100030EE600A80ED080A04E0394890ED070A85
:1061200080ED080A3648416C406C401C344A50648B
:106130000A2917D3002011464864084690ED0A0A40
:10614000314880ED290A084690ED080A2E4880ED76
:10615000280A8830EFF767FB2B4890ED2A0A284879
:1061600080ED0C0A284890ED080A80ED150A2448B5
:1061700090ED0B0A244880ED140A3830EFF753FBFA
:10618000214890ED160A80ED0A0A90ED0A0A20EEE9
:10619000000AF0EE408A9FED200A30EE680AB0EE69
:1061A000408AB0EE480A7030B5EEC00AF1EE10FA3F
:1061B00004DBF1EEC00AC0ED000A04E0DFED110AD5
:1061C000C0ED000A00BF104890ED1C0AB1EE400A75
:1061D00080ED1D0A90ED090A80ED1F0A084890ED38
:1061E0000C0A094880ED1E0A6030EFF71CFB0648D8
:1061F00090ED200A80ED0B0A00BFBDEC028B10BDB4
:106200008073002000000000B4720020DB0F493EC4
:106210007CD9203DDB0F49BEA4707D3F10B500F056
:106220009DF8012041494870087088700020C860BE
:1062300008619FED3F0A084680ED050A002081F8BD
:1062400068003C48007800EE100AB8EE400ADFED26
:106250003A0A80EE201ABCEEC10A084680ED010A17
:106260003648008800EE100AB8EE400ADFED320A28
:1062700080EE201ABCEEC10A084680ED020A3048C2
:10628000007800EE100AB8EE400AF2EE040A80EE42
:10629000201A084680ED0E1A2A48008800EE100ADF
:1062A000B8EE400ADFED280A60EE200A27480078A1
:1062B00000EE100AB8EE400A20EE800ADFED240A54
:1062C00020EE200A084680ED0F0A2248008800EEE2
:1062D000100AB8EE400AB2EE041AC0EE010A9FEDB1
:1062E0001C1A80EE810A0846D0ED0F0A80EE801A53
:1062F00080ED101A1348008800EE100AB8EE400A2C
:10630000DFED110A60EE200A1048007800EE100A56
:10631000B8EE400A20EE800A084680ED120A0E48C8
:106320000078C870FEF7AEFD10BD0000807300203D
:1063300000000000270000200BD7233A2A0000208D
:10634000260000202C0000205077D63D220000209F
:106350006F128338280000202E00002010B59FED1A
:10636000270A274880ED0F0A9FED260A80ED100AC4
:10637000B6EE000A80ED110A9FED230A80ED120AA5
:1063800090ED120AB1EE400A80ED130A3830F1F7B1
:1063900049F89FED1A0A1A4880ED190A9FED190A6B
:1063A00080ED1A0AB6EE000A80ED1B0A9FED160A70
:1063B00080ED1C0A90ED1C0AB1EE400A80ED1D0A2A
:1063C0006030F1F72FF89FED110A0D4880ED230A98
:1063D0009FED0F0A80ED240A9FED0E0A80ED250A3D
:1063E000B2EE040A80ED260A90ED260AB1EE400ACC
:1063F00080ED270A8830F1F715F810BD0AD7A33CC5
:10640000B472002017B7513958FF7F3F0AD7233C99
:10641000BD37863577BE7F3F10B53B4840780028B2
:1064200052D03A48EFF79CFE3848FFF7CFFD364888
:10643000C07840BB354890ED060A354880ED000A2B
:10644000324890ED070A324880ED010A2F4890ED5E
:106450000C0A2F4880ED020A2C4890ED0D0A2C48BA
:1064600080ED030A284890ED060A294880ED040AC9
:10647000FEF7B4FD264890ED150A234880ED0A0A80
:10648000EFF70EFA14E02048D0ED140AB0EE600ADF
:10649000F0F7F4FD1C4890ED150A1C4880ED000A49
:1064A000194890ED170A80ED0A0A00201649087075
:1064B000FFF7AAFD154800F0C2FA1448F0F7CFFF25
:1064C000124800F011FD1DE000220221114801F0E8
:1064D0008CFA002201210F4801F087FA00221146B0
:1064E0000C4801F082FA002202210A4801F0C9F8A2
:1064F00000220121074801F0C4F800221146054896
:1065000001F0BFF810BD000080730020B4720020BD
:10651000EC730020002C014010B540F2026000F046
:10652000D5F940F2036000F0D1F94FF4C06000F0FB
:10653000CDF94FF48063032218211748F0F79DFC32
:106540004FF40073032218211348F0F796FC4FF420
:106550008073032218211048F0F78FFC4FF400439A
:10656000032218210D48F0F788FC4FF480430322E2
:1065700018210A48F0F781FC4FF400530322182138
:106580000648F0F77AFC4FF48053032204210348B5
:10659000F0F773FC10BD000000080140000C014042
:1065A00000B58BB040F20B6000F090F9554801F057
:1065B00051FA0020ADF810004020ADF81200002084
:1065C000ADF8140040F6A56006900020ADF8160066
:1065D0008DF81C0004A94B4801F0BCFA0120ADF86D
:1065E00020000420ADF822000020ADF82400ADF812
:1065F0002600ADF82800ADF82A0008AA002141487D
:1066000001F090F808AA01213E4801F08BF808AA91
:1066100002213C4801F086F808AA0321394801F01C
:1066200081F84FF47A720021364801F09EF9602219
:106630000021344801F06CF908220021314801F0B2
:10664000A7F94FF47A7201212E4801F08EF96022E9
:1066500001212C4801F05CF908220121294801F0B0
:1066600097F94FF47A720221264801F07EF96022F0
:106670000221244801F04CF908220221214801F0AE
:1066800087F90698421E03211E4801F06EF9602228
:1066900003211C4801F03CF900220321194801F0B4
:1066A00077F94FF40060ADF800004010ADF802003B
:1066B000B820ADF804000020ADF806004FF480408B
:1066C000ADF808000020ADF80A004FF48050ADF896
:1066D0000C0069460B4800F0B0FF0121094801F0A9
:1066E00043FB0121074801F02CFB8021054801F004
:1066F00028FB1021034801F024FB024801F018FA9E
:106700000BB000BD002C0140184B5968184B1940C4
:10671000164BDA6A22F000520C2820D2DFE800F093
:10672000060708091F0C1F0D1516171800BF00BF1C
:1067300000BF41EA803113E000BF20F004004FF0B9
:10674000805343EA803319430AE000BF00BF00BF13
:1067500020F00C0041EA803142F0005200E000BF1E
:1067600000BF024B5960DA6270470000001002401F
:10677000FF3FFFEF2DE9F04F8CB0074600200A9055
:106780004AA090E8004CC068CDE905BECDF810A045
:1067900007900FF21C1ADAE9000ACDE9020A0FF29B
:1067A000101ADAE9000ACDE9000A44484068C0F34B
:1067B00081000B900B9820B1012804D002283FD112
:1067C00003E03F4A3EE03E4A3CE03C48406800F47B
:1067D000803CBCF5803F12D13848C06A00F0804848
:1067E000B8F1000F01D1364B00E0364B334840681A
:1067F00000F40039B9F5003F02D15B0800E0324BEC
:106800002E484068C0F383412C48406800F0006087
:1068100008B141F010012948406800F0804008B1FB
:1068200041F020010F2901D2891C06E00F2903D372
:106830003E2901D8491C00E03F2103FB01F201E0A1
:106840001F4A00BF00BF1D484068C0F3031504A8DD
:10685000465D22FA06F419484068C0F3022502A8F2
:10686000465D24FA06F0099014484068C0F3C2253A
:106870001DF8056024FA06F0089037B1012F06D004
:10688000022F06D0032F0AD106E00A9208E00A94EC
:1068900006E009980A9003E008980A9000E000BF1B
:1068A00000BF0A980CB0BDE8F08F000000000000A7
:1068B000000000000102030406070809001002405E
:1068C00000127A00006CDC0200093D00064A02EB6F
:1068D0009011096800F01F0301229A401143024BF6
:1068E00003EB90121160704700100240064A02EB61
:1068F0009011096800F01F0301229A409143024B56
:1069000003EB90121160704700100240064A02EB40
:106910009011096800F01F0301229A401143024BB5
:1069200003EB901211607047001002402DE9F04116
:1069300007460D461646381DFAF7DEF8044619E0FC
:10694000208A284400B22082608A304401B26182E9
:10695000A08A284401B2A182E08A304401B2E182D7
:10696000324629462046FFF7E1FF2146381DFAF757
:10697000C8F80446002CE3D1BDE8F08170B50546A7
:1069800000212846FAF7E9FF044615E0A06A30B96D
:106990002046FFF7F3FF2046FBF7D4F907E0A06A93
:1069A000007800F0010010B12046FFF7E7FF214614
:1069B0002846FAF7D2FF0446002CE7D170BD10B587
:1069C000FEF763FC10BD10B5FEF79EFE10BD10B5BE
:1069D000FEF79EFE10BD704710B5FEF73DFF10BDDF
:1069E00010B50020F0F7D6FEFEF737FF10BD704758
:1069F0002DE9F04105460C462846FBF733F80646DC
:106A00009CB1012C11D0022C0FD0072C0DD0032CDF
:106A10000BD0062C09D0042C07D0052C05D0082C4F
:106A200003D0092C01D00A2C07D1F6F71BFD07462D
:106A30003A4621463046F6F71BFDBDE8F08110B519
:106A40000446D4ED000AB0EE600AEDF7C9FB84ED10
:106A5000010AD4ED000AB0EE600AEDF785FB84ED83
:106A6000020A10BD10B500224FF480710D48F0F7F6
:106A7000FFF900224FF400710A48F0F7F9F90520F8
:106A8000EFF78EFB012211020648F0F7F1F905201D
:106A9000EFF786FB00224FF480710248F0F7E8F927
:106AA00010BD0000000C014010B500224FF48071B1
:106AB0000C48F0F7DDF9012251020A48F0F7D8F945
:106AC0000520EFF76DFB012211020648F0F7D0F91F
:106AD0000520EFF765FB00224FF480710148F0F7C5
:106AE000C7F910BD000C014070B50025002401223B
:106AF00051021348F0F7BCF900BF1CE000224FF42C
:106B000080710F48F0F7B4F90520EFF749FB012237
:106B100011020B48F0F7ACF96006040E4FF4007157
:106B20000748F0F708FA08B1601CC4B20520EFF777
:106B300037FB681CC5B2082DE0DB204670BD0000A5
:106B4000000C014070B50446002500224FF480710E
:106B50001548F0F78DF900BF22E0E00928B10122C5
:106B600051021148F0F784F905E000224FF400715A
:106B70000D48F0F77DF96006040E0520EFF710FBD5
:106B8000012211020848F0F773F90520EFF708FB1E
:106B900000224FF480710448F0F76AF9681CC5B20E
:106BA000082DDADB70BD0000000C014010B5012299
:106BB00051020D48F0F75CF9012211020A48F0F782
:106BC00057F90520EFF7ECFA00224FF40071064860
:106BD000F0F74EF90520EFF7E3FA00224FF4807149
:106BE0000148F0F745F910BD000C014010B5002236
:106BF0004FF400710E48F0F73BF900224FF480711A
:106C00000B48F0F735F90520EFF7CAFA0122110217
:106C10000748F0F72DF90520EFF7C2FA01225102DB
:106C20000348F0F725F90520EFF7BAFA10BD000088
:106C3000000C014010B50446012251021348F0F740
:106C400017F90520EFF7ACFA012211020F48F0F70F
:106C50000FF90120EFF7A4FA09E0601E041E03D12A
:106C6000FFF7C4FF012010BD0520EFF799FA4FF49C
:106C700000710648F0F75FF90028EED100224FF4CA
:106C800080710248F0F7F4F80020ECE7000C0140B6
:106C900000B587B040F20260FFF718FE40F20C60CA
:106CA000FFF714FEA023032218211148F0F7E5F89E
:106CB0004023032204210E48F0F7DFF80020019062
:106CC0004FF4827000904FF4006002900120059014
:106CD0004002039028200690002004906946054851
:106CE00000F0E8F8034800F0CAF807B000BD000063
:106CF000000801400030014010B5044600BF0221E9
:106D0000094800F0CFF80028F9D02146064800F0E5
:106D1000C7F800BF0121044800F0C4F80028F9D0EA
:106D2000014800F0B9F810BD0030014000B587B04F
:106D300040F20360FFF7CAFD40F20F70FFF7C6FD97
:106D400001211A48F0F708F92823032218211848CE
:106D5000F0F793F8002001904FF48270009000202B
:106D6000029005904FF4007003900020069004906C
:106D70006946104800F09EF80E4800F080F80021A7
:106D80000C4800F071F800F03BF803220021392094
:106D9000FFF70CF8022201210748EFF7BFFB0222A0
:106DA00001210548EFF7A1FB07B000BD000230004C
:106DB000000C0140003C00400004024010B50446B5
:106DC00000BF02210A4800F06DF80028F9D02146E2
:106DD000074800F065F800BF0121054800F062F89F
:106DE0000028F9D0024800F057F8C0B210BD0000EA
:106DF000003C0040016821F0400101607047000044
:106E000000B587B040F20150FFF760FD0121134843
:106E1000EFF790FA124800901248029001208DF886
:106E20001A0080020390801001900020059001203C
:106E3000049000208DF8180001208DF819006A4692
:106E400001210648EFF7BAFA01210448EFF759FA91
:106E500001210248EFF7BDFB07B000BD000402406E
:106E60000C3C00401003002021B9426842F00202AD
:106E7000426003E0426842F00102426070470168EC
:106E800041F0400101607047026822F40062026034
:106E900002680A43026070470146C86880B27047C2
:106EA000C160704702469068084008B101207047F1
:106EB0000020FCE702460020106800F441500B68F7
:106EC00018434B6818438B681843CB6818430B6909
:106ED00018434B6918438B6918431060D36923F436
:106EE0000063D361704700009FEDB34AB0EE442ABF
:106EF0009FEDB14AF0EE442A9FEDAF4AF0EE443ADE
:106F00009FEDAD4AB0EE440A9FEDAB4AF0EE440A65
:106F10009FEDA94AB0EE441A9FEDA74AF0EE441A3D
:106F20009FEDA54AB0EE443A90ED0D4AB0EE442AEA
:106F300090ED0D4AF1EE444AB0EE005A84EE854AD7
:106F4000D0ED0C4A9FED9D5A05EE244AF0EE442AFE
:106F500090ED0D4AF1EE444AB0EE005A84EE854AB7
:106F6000D0ED0C4A9FED955A05EE644AF0EE443A96
:106F7000F5EEC03AF1EE10FA7DDDF5EEC02AF1EE45
:106F800010FA29DD052180F8C01090ED2C4A24EE7E
:106F9000224AB0EE440A90ED2C4A24EE234AF0EE49
:106FA000440A90ED2C4A34EE404A34EE604AF0EE4A
:106FB000004A84EE245AB0EE451A31EE004AF0EE53
:106FC000441A31EEA04AB0EE443AC0ED2D1A80EDDD
:106FD0002E1A80ED2F3AEDE0B5EEC02AF1EE10FA50
:106FE00029DD032180F8C01090ED2C4A24EE234ABD
:106FF000B0EE440A90ED2C4A24EE024AF0EE440A28
:1070000090ED2C4A34EE404A34EE604AF0EE004AED
:1070100084EE245AB0EE451A31EE004AF0EE441ADE
:1070200031EEA04AB0EE443A80ED2D1A80ED2E3AB2
:10703000C0ED2F1ABEE0042180F8C01090ED2C4A5C
:10704000F1EE624A24EE244AB0EE440A90ED2C4A56
:10705000F1EE424A24EE244AF0EE440A90ED2C4A26
:1070600034EE404A34EE604AF0EE004A84EE245A90
:10707000B0EE451A00E00EE031EE004AF0EE441AA0
:1070800031EEA04AB0EE443A80ED2D1AC0ED2E1A32
:1070900080ED2F3A8EE0F5EEC02AF1EE10FA5CDDBD
:1070A000B5EEC02AF1EE10FA29DD012180F8C010FA
:1070B00090ED2C4A24EE024AB0EE440A90ED2C4AA0
:1070C00024EE224AF0EE440A90ED2C4A34EE404A77
:1070D00034EE604AF0EE004A84EE245AB0EE451ACF
:1070E00031EE004AF0EE441A31EEA04AB0EE443AD6
:1070F00080ED2D3AC0ED2E1A80ED2F1A5AE00621B0
:1071000080F8C01090ED2C4AF1EE424A24EE244A59
:10711000B0EE440A90ED2C4AF1EE634A24EE244A84
:10712000F0EE440A90ED2C4A34EE404A34EE604AC8
:10713000F0EE004A84EE245AB0EE451A31EE004AD1
:10714000F0EE441A31EEA04AB0EE443A80ED2D3A0A
:1071500080ED2E1AC0ED2F1A2CE0022180F8C0100D
:1071600090ED2C4AF1EE634A24EE244AB0EE440A34
:1071700090ED2C4AF1EE624A24EE244AF0EE440AE5
:1071800090ED2C4A34EE404A34EE604AF0EE004A6C
:1071900084EE245AB0EE451A31EE004AF0EE441A5D
:1071A00031EEA04AB0EE443AC0ED2D1A80ED2E3AF1
:1071B00080ED2F1A7047000000000000D7B35D3F3C
:1071C0002DE9FF4F83B0064688461446DDF840900F
:1071D000FCF7D4FB8246DAF8140000B3B4F900508F
:1071E00018E0B4F902700FE0CDF80890BDF818006F
:1071F000ADF8040000972B46424631465046DAF877
:1072000014C0E047781C07B2B4F90600B842EBDAC4
:10721000681C05B2B4F90400A842E2DA71E0B4F9DE
:10722000020000FB08F006EB4006B9F1FF0F2FD17A
:10723000B4F9005006E006EB4500BDF818100180D7
:10724000681C05B2B4F90400A842F4DAB4F90000ED
:1072500006EB400BA0882188401A401C400000B279
:10726000029006EB48066088401C07B20BE0B4F9B8
:10727000001006EB41005946029AECF7F3FF06EBCB
:107280004806781C07B2B4F90600B842EFDA38E0D5
:107290004FF0000B00200290029801904A4601999D
:1072A0000698F1F706FB0090B4F9027024E0B4F9F7
:1072B000005019E0BBF1000F14D136F81500BDF8ED
:1072C0000410884209D006EB4500008801904A4628
:1072D00001990698F1F7EDFA009006EB4500BDF82C
:1072E00000100180681C05B2B4F90400A842E1DA7C
:1072F00006EB4806781C07B2B4F90600B842D6DAA5
:1073000000BF07B0BDE8F08F2DE9FE430546884673
:1073100016461F46FF2F05D1720041462846ECF75E
:10732000A1FF17E0002412E005EB44000088019063
:1073300008EB440000883A4600900199F1F7B9FA49
:10734000029005EB4400BDF808100180641CB442B3
:10735000EAD300BFBDE8FE83002000213F4A126847
:1073600042F480323D4B1A6000BF401C3B4A126819
:1073700002F4003119B94FF6FF729042F5D1374A45
:10738000126802F400320AB900BFFEE7334AD2693C
:1073900042F08052314BDA61314A126842F4404285
:1073A0002F4B1A602D4A52682C4B5A601A4652686D
:1073B0005A601A46526842F480625A601A4652680D
:1073C00022F440325A601A46526842F440325A60FF
:1073D0001A465268234B1A40204B5A601A4652688C
:1073E000214B1A431D4B5A601A46126842F08072B4
:1073F0001A6000BF194A126802F00072002AF9D020
:10740000174A126842F48032154B1A6000BF144AC2
:10741000526802F48032002AF9D0114A126842F40C
:1074200000320F4B1A6000BF0D4A526802F400325E
:10743000002AF9D0094A526822F00302074B5A6029
:107440001A46526842F002025A6000BF034A52686C
:1074500002F00802002AF9D0704700000010024034
:1074600000700040FFFFC3B70000340810B5FFF7FD
:1074700073FF10BD10B5034600F014F8014600F08C
:1074800011F80246002400BF00F00CF802468A42C0
:1074900001D3501A02E0C1F1FF30104404469C426F
:1074A000F2D310BD014800687047000014030020AB
:1074B00010B5124800684FF47A71B0FBF1F4601E09
:1074C000B0F1807F01D301200FE0601E4FF0E0217A
:1074D00048610F214FF0FF30EDF728FA00204FF000
:1074E000E021886107200861002008B100BFFEE7A5
:1074F0000021481EEDF71AFA10BD000040030020DD
:1075000010B5FDF7C7FE10BD70B50126FFF7CAFF25
:10751000044641480068844203D33F480068201A6B
:1075200004E03D480068C0F1FF302044054625B125
:1075300039480460FFF74FFA002638480068844253
:1075400003D336480068201A04E034480068C0F1CC
:10755000FF3020440546052D04D330480460FFF772
:1075600046FA00262E480068844203D32C4800685F
:10757000201A04E02A480068C0F1FF302044054684
:107580000A2D04D326480460FFF721FA0026254877
:107590000068844203D323480068201A04E021488D
:1075A0000068C0F1FF3020440546642D04D31D4817
:1075B0000460FFF708FA00261B480068844203D3E2
:1075C00019480068201A04E017480068C0F1FF302D
:1075D00020440546B5F5FA7F04D313480460FFF74D
:1075E000FFF9002611480068844203D30F48006861
:1075F000201A04E00D480068C0F1FF302044054621
:10760000B5F57A7F04D309480460FFF7E5F9002651
:107610000EB1FFF7D4F970BD280300202C03002021
:107620003003002034030020380300203C030020F6
:10763000016841F08001016070470A884B881A4355
:107640008B881A43CB881A430B891A434B891A43F8
:107650008B891A43426470470246002031B10129E8
:1076600006D0022906D0032908D105E0506B06E0B8
:10767000906B04E0D06B02E0106C00E000BF00BF34
:10768000704721B101290AD002291AD110E0036AFA
:1076900023F004030362036A1343036212E0036AE4
:1076A00023F040030362036A43EA0213036209E022
:1076B000036A23F480630362036A43EA02230362DA
:1076C00000E000BF00BF704731B101290CD0022992
:1076D00013D0032922D118E0836923F00C038361BE
:1076E0008369134383611AE0836923F440638361F0
:1076F000836943EA0223836111E0C36923F00C0329
:10770000C361C3691343C36109E0C36923F44063E0
:10771000C361C36943EA0223C36100E000BF00BF45
:107720007047000010B531B101293FD002297DD04A
:1077300003297CD1BFE0036A23F00103036283695C
:1077400023F003038361036A148823430362036AFB
:1077500023F002030362036A9488234303626A4BA3
:10776000984202D0694B98421FD1036A23F0040368
:107770000362036A548823430362036A23F0080305
:107780000362036AD48823430362436823F480734B
:1077900043604368148923434360436823F40073C0
:1077A00043604368548923434360ABE0036A23F09A
:1077B00010030362836923F440738361036A1488AE
:1077C00043EA04130362036A23F020030362036A9B
:1077D000948843EA041303624B4B984202D04B4B0C
:1077E000984226D1036A23F040030362036A548857
:1077F00043EA04130362036A23F080030362036A0B
:10780000D48843EA04130362436823F4806343602B
:107810004368148943EA84034360436823F40063A4
:1078200043604368548943EA840301E002E068E06E
:10783000436067E0036A23F480730362C36923F043
:107840000303C361036A148843EA04230362036ADF
:1078500023F400730362036A948843EA04230362F7
:10786000294B984202D0294B984223D1036A23F432
:1078700080630362036A548843EA04230362036A51
:1078800023F400630362036AD48843EA0423036297
:10789000436823F4805343604368148943EA041324
:1078A0004360436823F4005343604368548943EAC8
:1078B0000413436026E0036A23F480530362C36920
:1078C00023F44073C361036A148843EA04330362F8
:1078D000036A23F400530362036A948843EA04337F
:1078E0000362094B984202D0084B984208D1436882
:1078F00023F4804343604368148943EA841343605C
:1079000000E000BF00BF10BD002C0140003401406A
:1079100031B101290CD0022913D0032922D118E05A
:10792000836923F0700383618369134383611AE0E1
:10793000836923F4E0438361836943EA022383611B
:1079400011E0C36923F07003C361C3691343C361CA
:1079500009E0C36923F4E043C361C36943EA022336
:10796000C36100E000BF00BF704731B1012906D0FC
:10797000022906D0032908D105E0426306E08263AC
:1079800004E0C26302E0026400E000BF00BF704791
:1079900031B101290CD0022913D0032922D118E0DA
:1079A000836923F0080383618369134383611AE0C9
:1079B000836923F400638361836943EA022383615B
:1079C00011E0C36923F00803C361C3691343C361B2
:1079D00009E0C36923F40063C361C36943EA022376
:1079E000C36100E000BF00BF704731B101290CD076
:1079F000022913D0032923D119E0036A23F00103DC
:107A00000362036A134303621BE0036A23F010035B
:107A10000362036A43EA0213036212E0036A23F477
:107A200080730362036A43EA0223036209E0036A84
:107A300023F480530362036A43EA0233036200E0E3
:107A400000BF00BF704701460020486A704741628E
:107A50007047000010B504463349601A8C4244D088
:107A60000CDCB4F1804F1CD03048204410B3B0F58A
:107A7000806F28D0B0F5006F52D12DE0B0F5806F47
:107A80003CD0B0F58E3F03D0B0F5923F48D13EE0F8
:107A900040F20B30FEF73AFF40F20B30FEF726FFC4
:107AA0003FE04FF48060FEF731FF4FF48060FEF757
:107AB0001DFF36E040F20140FEF728FF40F2014092
:107AC000FEF714FF2DE040F20240FEF71FFF40F2E8
:107AD0000240FEF70BFF24E040F20340FEF716FFE2
:107AE00040F20340FEF702FF1BE040F20440FEF7C5
:107AF0000DFF40F20440FEF7F9FE12E040F20540AF
:107B0000FEF704FF40F20540FEF7F0FE09E040F208
:107B10000D30FEF7FBFE40F20D30FEF7E7FE00E011
:107B200000BF00BF10BD00000010004000FCFFBF00
:107B3000016841F001010160704721B9426842F0DB
:107B40008002426005E0012903D1426822F08002F0
:107B5000426070470A8882621D4A90420ED0B0F19E
:107B6000804F0BD01B4A904208D01B4A904205D050
:107B70001A4A904202D01A4A90420BD1026822F06F
:107B80007002026002684B881A43026002688B88A8
:107B90001A4302608A68C262124A90420AD0124AAC
:107BA000904207D0026822F4407202600268CB88DB
:107BB0001A430260064A904202D0094A904201D11B
:107BC0000A7B0263426942F0010242617047000091
:107BD000002C01400004004000080040000C004060
:107BE00000340140001000400014004070B504460D
:107BF0000E46154636B1012E26D0022E48D0032E51
:107C00007DD168E0206A20F001002062206A20F027
:107C10000A002062206A298808432062A06920F0B7
:107C20000300A061A06969880843A061A06920F0F1
:107C3000F000A061A069E98840EA0110A061206A13
:107C400040F0010020626DE0206A20F01000206208
:107C5000206A20F0A0002062206A298840EA0110F2
:107C60002062A06920F44070A061A069698840EAA0
:107C70000120A061A06920F47040A061A069E9889A
:107C800040EA0130A061206A40F01000206249E023
:107C9000206A20F480702062206A20F42060206234
:107CA000206A298840EA01202062E06920F0030070
:107CB000E061E06969880843E061E06920F0F00074
:107CC000E061E069E98840EA0110E061206A40F47F
:107CD0008070206226E0206A20F480502062206AB2
:107CE00020F400502062206A298840EA0130206296
:107CF000E06920F44070E061E069698800E010E02C
:107D000040EA0120E061E06920F47040E061E06950
:107D1000E98840EA0130E061206A40F48050206246
:107D200000E000BF00BFAA8831462046FFF7CCFC28
:107D300070BD826822F07002826082680A438260AD
:107D40007047C2680A43C2607047CA430261704705
:107D50000246D06800EA01031069084010B10BB177
:107D6000012070470020FCE7012904D1426C42F455
:107D70000042426403E0426C22F4004242647047D5
:107D800030B5846824F00704846084680C43846000
:107D9000846940F20335AC438461846940F2011583
:107DA0002C438461046A24F00A040462046A24F007
:107DB000A0040462046A42EA03152C43046230BD45
:107DC000826822F00702826082680A4382607047FC
:107DD00070B5044606480470FBF76CFF30B1FBF742
:107DE00069FF0546024A0B21F5F742FB70BD000012
:107DF000990400202DE9FF4F2DED020B2DED028B94
:107E00008BB0B0EE408A0E4617469846202103A854
:107E1000ECF741FA0024A24600200290834601902C
:107E20009FED460AB4EEC08AF1EE10FA0DDB9FED2D
:107E3000440AB4EEC08AF1EE10FA06D83022204689
:107E4000611CCCB203A90A5442E0B5EEC08AF1EE3F
:107E500010FA04DDBCEEC80A8DED020A0BE0BCEEA0
:107E6000C80A10EE100A404202902D222046611CE2
:107E7000CCB203A90A5400251FE0701B401EC1B2FA
:107E80000A20FDF7DBFE0299B1FBF0F00A21B0FBFE
:107E9000F1F201FB1209B9F1000F02DCBAF1000F97
:107EA00009D04FF0010A09F13000C2B22046611C2E
:107EB000CCB203A90A54681CC5B2B542DDDBBAF1E5
:107EC000000F05D130222046611CCCB203A90A5410
:107ED000B2EE040A28EE000ABCEEC00A10EE100A48
:107EE0000A21B0FBF1F201FB120B2E222046611C8D
:107EF000CCB203A90A540BF13000C2B22046611C77
:107F0000CCB203A90A540AE017F8012B2046611CE1
:107F1000CCB203A90A54A8F1010000F0FF08B8F19F
:107F2000000FF1D1224603A90F98F7F7B5FC0BB06B
:107F3000BDEC028B06B0BDE8F08F0000CDCC4CBD8F
:107F4000CDCC4C3D2DE9FF4F8BB00C4617469846E3
:107F5000DDF860A0202103A8ECF79DF900250020A2
:107F600002908346019034B930222846691CCDB274
:107F700003A90A542DE0002C01DDA34607E0C4F15B
:107F8000000B2D222846691CCDB203A90A540026F5
:107F90001DE0B81B401EC1B20A20FDF74FFEBBFB1F
:107FA000F0F00A21B0FBF1F201FB1209B9F1000F68
:107FB00001DC029848B10120029009F13000C2B200
:107FC0002946681CC5B203A84254701CC6B2BE4202
:107FD000DFDB0AE018F8012B2946681CC5B203A8AC
:107FE0004254AAF1010000F0FF0ABAF1000FF1D1EA
:107FF0002A4603A90B98F7F74FFC0FB0BDE8F08FA6
:10800000F0B587B00746FE49FE48FBF7AFFEFE49D4
:10801000FE48FBF7ABFEFE49FA484162FD480068A6
:108020000690F848BDF8181001840146FA48FBF79D
:108030009DFEF848001D00680590F748BDF8141033
:108040000184F448083000680490F048BDF810102E
:108050008180F0480C3000680390EC48BDF80C10AB
:108060004180E749ED48FBF781FE0A21EB48C186D4
:10807000E848103000680290E848BDF80810818692
:10808000E448143000680190E448BDF804104181D0
:108090000A21818100214183E149E248FBF766FE24
:1080A0000521E048418247F61841C18003218181C2
:1080B0004C21C17364221146D220F0F74BFB009093
:1080C000D848BDF80010418064221146D220F0F754
:1080D00041FB0090D348BDF8001081803C2211463E
:1080E000D220F0F737FB0090CE48BDF80010418158
:1080F00064221146D220F0F72DFB0090C948BDF84C
:1081000000100182BE49C848FBF730FEC749C84885
:10811000FBF72CFE0021C64841828181C182018388
:10812000418381833846F0F77FFC04462546B74EED
:1081300031462846F9F74FFF00BF8722F02120463D
:10814000F9F7FAFEBB492046F9F738FE0021204630
:10815000F6F71CFEB8490860AA49B7480068F9F765
:108160003AFFB6A1B4480068F7F7B8FC0020034610
:10817000012201460090B0480068F8F7A3FE0021F4
:108180002046F6F703FEAF490860A349AD480068F2
:10819000F9F721FFACA1AB480068F7F79FFC00207E
:1081A0006423012201460090A6480068F8F78AFE81
:1081B00000212046F6F7EAFDA54908609149A44848
:1081C0000068F9F708FFA3A1A1480068F7F786FC4B
:1081D000172000230122194600909D480068F8F7F7
:1081E00071FE00212046F6F7D1FD9C4908608A49BE
:1081F0009A480068F9F7EFFE99A198480068F7F7E8
:108200006DFC172064230122002100909348006830
:10821000F8F758FE00212046F6F7B8FD93490860AC
:10822000784992480068F9F7D6FE91A18F48006816
:10823000F7F754FC2E2000230122194600908B48AA
:108240000068F8F73FFE00212046F6F79FFD8B49B6
:108250000860714989480068F9F7BDFE88A1874820
:108260000068F7F73BFC2E206423012200210090D8
:1082700082480068F8F726FE00212046F6F786FDC2
:10828000814908605F4980480068F9F7A4FE7FA132
:108290007D480068F7F722FC45200023012219469B
:1082A000009079480068F8F70DFE00212046F6F7A7
:1082B0006DFD79490860584977480068F9F78BFEE9
:1082C00076A175480068F7F709FC45206423012270
:1082D0000021009070480068F8F7F4FD0021204666
:1082E000F6F754FD6F49086046496E480068F9F793
:1082F00072FE6DA16B480068F7F7F0FB5C2000236D
:1083000001221946009067480068F8F7DBFD00215C
:108310002046F6F73BFD664908603F49644800681F
:10832000F9F759FE63A162480068F7F7D7FB5C20B4
:1083300064230122002100905D480068F8F7C2FD27
:1083400000212046F7F7BAFC5D49086035495C48D2
:108350000068F9F740FE1622114659480068F9F7FF
:10836000EBFD0220031F0322002100905448006807
:10837000F8F7A8FD00212046F6F708FD51490860EE
:10838000254950480068F9F726FE4FA14D4800687E
:10839000F7F7A4FB18206FF00703032200210090D9
:1083A00048480068F8F78EFD00212046EFF71EFCD4
:1083B000464908601C4A002144480068EFF786FEE1
:1083C0001B4A012141480068EFF780FE1022F0218E
:1083D0003E480068F9F7B0FD00200346042201463C
:1083E00000903A480068F8F76DFD64220021374894
:1083F0000068EFF73BFE002211463448006867E052
:10840000A0070020F46F0020B0060020307000208C
:10841000D0030020980B0208B86F00206C70002079
:1084200054080020A8700020E4700020DC07002021
:1084300020710020058501089C040020537461749C
:1084400075733A00C004002053544F5000000000E0
:10845000A004002053706565643A0000C404002045
:1084600039393939392052504D000000A404002018
:1084700043757272656E743A00000000C8040020F3
:1084800031322E3520410000A8040020566F6C7454
:108490006167653A00000000CC04002031322E35BF
:1084A00020560000AC04002054656D703A000000B6
:1084B000D00400203130352064656743000000009F
:1084C000B4040020BC04002030000000B8040020E8
:1084D000EFF716FE002107480068F6F757FC06493B
:1084E000086006A104480068F7F7F8FA204607B0CC
:1084F000F0BD0000B8040020D40400203052504DDC
:108500000000000070B58EB006460C466846FDF7C8
:1085100045FA0B2C4BD1F4F7A5FF05462878022825
:108520003FD0032828D0042802D005283CD10CE0F5
:10853000BDF82A0021490988884205DABDF82A10C9
:10854000643188B2FDF714FB2FE0BDF82A00002843
:1085500011DDBDF82A101A4800886430814206DD1A
:10856000BDF82A10643988B2FDF702FB03E0144815
:108570000088FDF7FDFA18E06846FDF70FFA9DF850
:108580003700042802D1FDF73BFB09E09DF83700D6
:10859000032803D09DF83700052801D1FDF7F8FA2C
:1085A00003E0FCF72DFC00E000BF00BF03E0102C4F
:1085B00001D100F007F80EB070BD000024000020CB
:1085C0002C00002010B590B030200F9001A8FDF7CE
:1085D000E5F99DF83B0004281BD144A144480068FC
:1085E000F7F77CFA04200090BDF82C1041A3052277
:1085F00042480068FFF7A6FC4148D0ED090AB0EEFA
:10860000600A02233FA219463F480068FFF7F2FBC9
:1086100022E09DF83B0005280FD13CA134480068BA
:10862000F7F75CFA33A135480068F7F757FA35A138
:1086300035480068F7F752FA0EE036A12C4800687A
:10864000F7F74CFA2BA12D480068F7F747FA2DA150
:108650002D480068F7F742FA9DF83A003030C0B272
:108660000F900FA92D480068F7F738FABDF82E00D3
:10867000642148432A49098890FBF1F004B20022A2
:10868000214628480068EFF73BFD04200090BDF824
:108690002E1018A3052224480068FFF753FC234836
:1086A0000078401C2149087008460078052805DB41
:1086B000002008701E480068F7F728FCDDED090A65
:1086C000B0EE600A02231BA219461B480068FFF7A0
:1086D00091FBDDED080AB0EE600A052317A2032125
:1086E00018480068FFF786FB10B010BD52554E00C9
:1086F000C00400202052504D00000000C40400209F
:10870000B472002020410000C80400204641554CAE
:108710005400000053544F5000000000BC040020DF
:1087200024000020B8040020D4040020D804002035
:10873000B404002020560000CC04002020646567AB
:1087400043000000D00400202DE9F04385B08046AE
:10875000FD49FE48FBF70AFBFB49FD48FBF706FB1A
:10876000FC49FD48FBF702FBFA49FC48FBF7FEFA1F
:108770000021F6480172FA4800680490F348BDF8F9
:1087800010104181F7494162F3484162F348416268
:10879000F549EF48416200200390ED48BDF80C1008
:1087A0000184F248EFF7B5FF0090EB48BDF80010E8
:1087B0004180EE48EFF7ADFF0090E748BDF80010AC
:1087C000818000200290E448BDF808100184E84848
:1087D000EFF79FFF0090E148BDF800104180E448AA
:1087E000EFF797FF0090DD48BDF800108180002072
:1087F0000190DA48BDF80410018400214046F7F7E3
:108800000DFD04468722F0212046F9F795FB002054
:1088100003460222014600902046F8F753FB264605
:10882000012739463046FAF729FD00BF01212046CD
:10883000F7F758FFCF492046F9F7C0FACE4A012191
:108840002046F7F759FFCD4A00212046F7F754FF9D
:10885000C14A05212046F7F74FFFBC4A04212046B4
:10886000F7F74AFFBC4A08212046F7F745FFB74A09
:1088700006212046F7F740FFB84A07212046F7F7C0
:108880003BFFBFA200212046F7F750FB0546002121
:108890002846EFF7B3FD00212846F6F777FABA49E4
:1088A0000860AB4A0021B8480068F7F70EF9B7A195
:1088B000B5480068F7F712F900206FF00B030822A3
:1088C00029460090B0480068F8F7FCFA00212846D5
:1088D000F0F7AAF8AF490860084606683046F9F78D
:1088E000D5F807463946AC48FBF740FA0021AA48BC
:1088F000C1808181FF2101729D48EFF70AFF00903E
:10890000A548BDF8001081809948EFF702FF00905C
:10891000A148BDF8001041800021C1820183C183BC
:10892000418381839B489C4F066839463046F9F75E
:1089300052FB00BF94480068F9F772F806463246C9
:108940000B2194480068F9F7F7FA00200346082243
:1089500000908D4801688F480068F8F7B3FA01214C
:108960008C480068F9F739FA8CA200212046F7F705
:10897000DDFA054600212846EFF740FD0021284694
:10898000F6F704FA87490860714A002185480068B3
:10899000F7F79BF884A183480068F7F79FF8002059
:1089A0006FF00B030822294600907E480068F8F714
:1089B00089FA7EA200212046F7F7B8FA0546002181
:1089C0002846EFF71BFD00212846F6F7DFF97A4924
:1089D00008605F4A002178480068F7F776F872A1CE
:1089E00075480068F7F77AF800206FF00B0308224B
:1089F0002946009070480068F8F764FA6FA20021D9
:108A00002046F7F793FA054600212846EFF7F6FCD3
:108A100000212846F6F7BAF96A4908604C4A002155
:108A200068480068F7F751F85FA166480068F7F7F3
:108A300055F800206FF00B0308222946009061488A
:108A40000068F8F73FFA60A200212046F7F76EFAB7
:108A5000054600212846EFF7D1FC00212846F6F70D
:108A600095F95B4908603A4A002159480068F7F7D0
:108A70002CF84DA156480068F7F730F800206FF049
:108A80000B0308222946009051480068F8F71AFAAB
:108A900050A200212046F7F749FA05460021284652
:108AA000EFF7ACFC00212846F6F770F94B49086057
:108AB000274A002149480068F7F707F83AA14748D4
:108AC0000068F7F70BF800206FF00B030822294627
:108AD000009042480068F8F7F5F941A200212046CD
:108AE000F7F724FA054600212846EFF787FC002116
:108AF0002846F6F74BF93D490860154A00213B48E6
:108B00000068F6F7E2FF28A138480068F6F7E6FFAC
:108B100000206FF00B0308222946009033480068BC
:108B2000F8F7D0F932A200212046F7F7FFF9054601
:108B300000212846EFF762FC00212846F6F726F9C7
:108B40002E490860024A5BE0180800208871002066
:108B50003C72002054080020C471002000720020E4
:108B6000B00B0208D003002030050020EFC89F00A2
:108B7000E1694100D18D0108EC060020B00600201B
:108B8000524553286D522900DC0400204D616E755A
:108B9000616C00000805002078720020494E4428CE
:108BA00075482900E00400202000000042454D46A1
:108BB000286D562900000000E4040020504F4C4569
:108BC00000000000E80400205261746552504D001E
:108BD000EC0400204F4C414D50000000F0040020F8
:108BE0004F4C5F4C6F636B5400000000F404002096
:108BF0004F4C5F52616D705400000000F80400207B
:108C000000215E480068F6F760FFAFF264015B4840
:108C10000068F6F763FF00206FF00B030822294677
:108C2000009056480068F8F74DF955A200212046FB
:108C3000F7F77CF9054600212846EFF7DFFB002116
:108C40002846F6F7A3F851490860514A00214F48D9
:108C50000068F6F73AFFAFF2B0014C480068F6F74B
:108C60003DFF00206FF00B03082229460090474883
:108C70000068F8F727F947A200212046F7F756F9D0
:108C8000054600212846EFF7B9FB00212846F6F7F4
:108C90007DF8424908603E4A002140480068F6F7E6
:108CA00014FFAFF2FC013D480068F6F717FF002003
:108CB0006FF00B0308222946009038480068F8F747
:108CC00001F937A200212046F7F730F905460021C7
:108CD0002846EFF793FB00212846F6F757F832496C
:108CE00008602B4A002130480068F6F7EEFEAFF22C
:108CF00048112D480068F6F7F1FE00206FF00B03D5
:108D000008222946009028480068F8F7DBF800217F
:108D10002046F7F7F9FB064631462046F7F7A4FC54
:108D2000002303224FF496712048FBF7E1FA8146B5
:108D30001F4800681F4908601F48006848601F48B6
:108D4000006888601E480068C8601E4800680861A6
:108D50001D48006848611D48006888610748006830
:108D6000C8610A48006808620C48006848620E48FA
:108D700000688862204605B0BDE8F083F804002052
:108D80004F4C5F486F6C645400000000FC040020EE
:108D90003C7200204F4C5F535044000000050020FF
:108DA00053454E534F52000004050020555C010806
:108DB000DC0400205C710020E0040020E4040020BA
:108DC000E8040020EC040020F0040020F40400205B
:108DD0002DE9FF5F81460D4600260027B04600249E
:108DE000002000900190029003900B2D72D1F4F7B7
:108DF00039FB82464846F7F76FFB06463146484640
:108E0000F7F72EFB634908709AF80000022878D023
:108E1000032848D0042802D005286DD120E05E4800
:108E2000007850B931464846F7F76EFB0746B7B1B0
:108E300039464846F7F718FC11E056480078FDF728
:108E400037F85649098800EB010B5946514800781C
:108E5000FDF772F8002210214846F4F709FB66E09E
:108E60004D48007860B931464846F7F76EFB8046BA
:108E7000B8F1000F16D041464846F7F7F5FB11E070
:108E800044480078FDF714F844490988A0EB010B29
:108E9000594640480078FDF74FF800221021484617
:108EA000F4F7E6FA43E03C480078A0B901203A49DB
:108EB000087003213046EFF7A9FA3948354A12788D
:108EC00050F8221037480068F8F7A9FF012033490D
:108ED000088015E02DE031480088B0F57A7F0CDA83
:108EE0002E48008800EB80004FF6FF7101EA400039
:108EF0002A49088004E004E018E00120274908809E
:108F000015E02548007820B9EDF74EFCFBF778FF17
:108F10000BE0012123480068F8F75FFF00201E499D
:108F2000087001213046EFF771FA00E000BF00BF82
:108F30002EE00C2D0BD1FCF763FE00214846F7F71D
:108F4000E3FA824651464846F7F78EFB20E0102DA3
:108F50001ED100241AE0002000900190029003909E
:108F60002046FCF7A5FF824652460FA16846EBF764
:108F700035FE0B4951F824006946F6F7AFFD084964
:108F800051F82400F8F7B2FE601CC4B20B2CE2DBEF
:108F9000BDE8FF9F110500200C0500200E050020F4
:108FA0005C710020080500202530356400000000B9
:108FB000024610880B88C01A704700002DE9F04760
:108FC00004460D460027B846B94600261D49601ADA
:108FD0008C421CD006DC1C48204470B1B0F5806F78
:108FE0001FD10FE0B0F5806F16D0B0F56C4F18D1DF
:108FF0000320FDF7BFFB074614E00220FDF7BAFB94
:1090000007460FE00220FDF7B5FB07460AE0022005
:10901000FDF7B0FB074605E00220FDF7ABFB074676
:1090200000E000BF00BF07EB5500B0FBF5F64FF6C0
:10903000F07006EA000806F00F0948EA0900A0608F
:10904000BDE8F087004C004000BCFFBF10B50446EF
:109050002049601A8C4228D006DC1F48204490B179
:10906000B0F5806F33D117E0B0F5806F26D0B0F542
:109070006C4F2CD140F20E30FDF748FC40F20E3020
:10908000FDF734FC24E040F21140FDF73FFC40F2D4
:109090001140FDF72BFC1BE040F21240FDF736FCBF
:1090A00040F21240FDF722FC12E040F21340FDF7BF
:1090B0002DFC40F21340FDF719FC09E040F214408A
:1090C000FDF724FC40F21440FDF710FC00E000BF67
:1090D00000BF10BD004C004000BCFFBF426922F041
:1090E00040024261426901F040031A434261704705
:1090F000426922F080024261426901F080031A4312
:1091000042617047C16841F40051C160704700007E
:1091100000B587B040F20460FDF7D8FB4FF4A060C3
:10912000FDF7D4FB40F21270FDF7D0FB4FF4C060A6
:10913000FDF7CCFB01214548EDF70EFF4FF48063AE
:10914000032218214248EDF798FE4FF400630322F2
:1091500004213F48EDF791FE3E48FFF777FF4FF4BB
:1091600061213C48FFF72AFF04213A4800F07AF8D1
:109170000821384800F0C4F83648FFF7C3FF012142
:109180003548EDF7D7F86846EDF748FA01208DF835
:109190001A003248029001208DF819000020039037
:1091A000202004902B48001D009000208DF818000E
:1091B00001904FF4405005906A4601212648EDF792
:1091C000FDF802212448EDF7B5F86846EDF726FAD8
:1091D00000208DF81A002248029001208DF8190015
:1091E00000200390202004901A48001D00900020C9
:1091F0008DF8180001904FF4405005906A46022106
:109200001548EDF7DBF801211348EDF77AF8012155
:109210001148EDF7DEF902210F48EDF772F802214F
:109220000D48EDF7D6F940210A48FFF757FF012115
:109230000948EDF74DF880210648FFF759FF022154
:109240000548EDF745F807B000BD00001000140018
:1092500000100140004800400000024024060020A9
:1092600004060020C26822F00402C260C26801F055
:1092700004031A43C260704730B587B005460C46F8
:10928000202C34D2022201211A48EDF78BF8012854
:109290002DD1224629461848EAF7E4FF0121154856
:1092A000EDF748F86846EDF7B9F901208DF81A0096
:1092B0001148029001208DF81900002003900494B9
:1092C0000E48009000208DF8180001904FF4405097
:1092D00005906A4601210748EDF770F8012105481D
:1092E000EDF70FF801210348ECF7F2FF00BF07B0DC
:1092F00030BD000000000240240600200448004069
:10930000C26822F00802C260C26801F008031A4372
:10931000C2607047FFFF0000FFFF000010840000E4
:10932000FFFF000018C6000010848040C02A80D4CF
:1093300020609FDF1A4C80B2E615406A94BFEA12A3
:10934000375B80A4C8ED103050708FAFCFEFD25094
:10935000E6963CEBB97D32FAF2DBBF9E754C2800F5
:1093600033CFCFCFCFCFCFCF340067CF4223F88FCB
:10937000F88FF38AA06400004104100003F00F305E
:109380000006D04F000009A06C000CFFFFFFF400A6
:109390000F40C600003F00F400237D35F3306CEE33
:1093A000CEFC9000C709A00000F40C700002F00F82
:1093B000400000032000000C8000005DA3000CFCB6
:1093C000EF606F401CE08F0007F27F4000001DF946
:1093D0003000018EFB2000006FD0420006F4EB004D
:1093E00005F48F634CE019FFFC30000F4000000CC7
:1093F0003000016730000000CB9F2001002F00B833
:1094000004F003F00A80D5000E74E48C00002AC535
:109410002E200000000B8010000005D1CDF50001CA
:10942000D48B05E000990C800F001E108A05F00017
:109430000001DCF5000000001000001675000001BE
:10944000EFCF900006F206F10008F106F00002F8F6
:109450007E6000009FF6000003EFE300412EB2DCC7
:1094600011F48F203FB6F26F2004FFA02FB305EF59
:109470007003DFFFAAF4000020000042F8F7F2704A
:1094800000071009D105F200E8004F300AE000CCD7
:10949000000EB000F8000DC000CC000AE0003F3024
:1094A00000CA0003F30006F100050081000AC100B4
:1094B0000D90004F2000F9000AE0008F0006F30035
:1094C0004F4006F2008F000AE000F7005F201D7099
:1094D0000AA0005000000027000012F0002E9F9EFE
:1094E000104DFC5103FAE100580B300002720000ED
:1094F000004F40000004F40000004F40008FFFFFC9
:10950000FF82447F74420004F40000004F400000DA
:1095100003C30000C6F8F5E0466658CCCB56BC0045
:10952000001300007E0000E70004F2000AB0001EF5
:1095300050006F0000D90002F20009D0000F600057
:109540005F1000BA0000015751002CECEC20AE1067
:109550001EA0F80008F0F80008F1F80008F4F80080
:1095600008F4F80008F4F80008F0FA000AF07F6147
:109570006F7008FFF80000020000233748FFF80072
:109580000F8000F8000F8000F8000F8000F8000F37
:109590008000F8000F8000F8015761001DFCEE30DC
:1095A000AF101EB0A8000CE000000EB000007F401D
:1095B0000003E900001CD00000DE10000AF30000E8
:1095C0007F733331CFFFFFF401576203DFCEE4BE78
:1095D000101EC84000BE00000DC0067AF3009CECCF
:1095E000300000CD000008FF90009F9E505EB19FAC
:1095F000FFA10002000000000330000003FF000094
:1096000000CFF000006FAF00001E88F0000AD08F7E
:109610000004F408F000DA008F006FCBBDFB648813
:1096200088CF84000008F00000008F00043333303E
:109630000FFFFFC04F4000004F3000006F1331009C
:109640008FEFFD308E203FB0000009F0000008F1E0
:10965000CC0009F07F506E9009FFFA100002000064
:109660000036751006FDCE404F700000BE000000B1
:10967000DB033000FADFFE30FF302DD0F80005F4B8
:10968000CC0004F4AE0006F22F924EC004EFFC10A2
:10969000000100001333333313CCCCCDF4000000B1
:1096A000BD0000007F2000002E6000000AE00000E6
:1096B00001F60000006F1000000BD0000000CC008D
:1096C00000000EC0000000FC000000167610003EF6
:1096D000FCFE300BF101FB00CC000CD00AD100EBFA
:1096E000001DD7CD10019FCE9100CD101DB02F7061
:1096F000006F21F80008F10CE505EC001AFFFB10E3
:1097000000002000000016740003EECFB00DC1036E
:10971000F82F6000CC4F40009E1F70009F0CE407A4
:10972000FF01CFFD9F000030BD000000EB02303A8A
:10973000F306FFFE400003000066CC0000000000BE
:1097400066CC66CC0000000000C6F8F5E00000041E
:10975000B0006BFE06DFA408FA20002AFC510002CC
:109760009FE9000018F00000019BBBBB968888862B
:10977000000000067777769CCCCC90A200000FFA10
:10978000400006BFC5000028FB0039EE76CFD600AA
:10979000FA40000200000000677201CFCEE46F3093
:1097A0001EC24000CE00000EB0000AF30006F60014
:1097B00002F900003C30000000000027400004F8DF
:1097C0000000000030000000006BFCFC6000019D08
:1097D00030002BA1008B1000000B802F2007A92048
:1097E0002F19A009D69F00C4C604F207C00A6F4013
:1097F0008D008C0088F00CC008A0088F40CC00C8F9
:1098000000D4F40AD14E906E0BA03FFD5FCD203FF7
:109810001002001100009C3000000000007FA779BA
:10982000A000000014786100000000330000000078
:10983000EF10000004FF7000000AEBC000000F965C
:10984000F200005F21F70000BD00BD0001F9337F89
:109850003006FFFFFF900DD0000AD02F700005F4F6
:109860007F100000FA333333000CFCCEFB10CC0029
:1098700004F80CC0000CC0CC0001EA0CD778DC1056
:10988000CFCCCDE60CC00007F4CC00000F8CC0009C
:1098900002F7CC3334CF2CFFFFFB300025751000CE
:1098A0007FDCEE604F8001BE2CE00003F5F8000085
:1098B000042F80000000F80000000F80000000EA84
:1098C00000000C6AE10005F41FC314EC002CFFF942
:1098D000100000200000333332000CFCCFFA10CC13
:1098E0000004EC0CC00004F7CC00000EBCC000006B
:1098F000CCCC00000CCCC00000CCCC00000F9CC035
:109900000008F4CC3349F80CFFFFC4003333333183
:10991000CFCCCCC3CC000000CC000000CC000000B9
:10992000CD777740CFCCCC60CC000000CC000000DD
:10993000CC000000CC333331CFFFFFF4333333326C
:10994000CFCCCCC6CC000000CC000000CC00000086
:10995000CC333320CFFFFF80CC000000CC000000D0
:10996000CC000000CC000000CC00000000257520D9
:10997000007FECEE604F9000AE2CE00002F6F900A4
:1099800000000F80000000F8006BBB6F800488F8B7
:10999000EB00000F8AE20000F81FC4027F601AFF8C
:1099A000FE500000200000330000023CC000008F89
:1099B000CC000008FCC000008FCC000008FCC333C2
:1099C000339FCFFFFFFFFCC000008FCC000008FCDE
:1099D000C000008FCC000008FCC000008F358F8FC6
:1099E0008F8F8F8F8F8F8F8F8F000000420000002E
:1099F000F8000000F8000000F8000000F800000087
:109A0000F8000000F8000000F8130000F84F4004D0
:109A1000F52FB22CF105EFFD3000011000330000EE
:109A2000132CC0001CD1CC000AF30CC007F400CCEE
:109A300004F6000CC4EA0000CFCF90000CC08F6089
:109A400000CC00BE300CC001DD10CC0003FC0CC00B
:109A50000005F933000000CC000000CC000000CC71
:109A6000000000CC000000CC000000CC000000CCC6
:109A7000000000CC000000CC000000CC333332CF1B
:109A8000FFFFF8332000000232CFA000000CF8CF17
:109A9000F100002FF8CDF700009EF8CCAC0000F8E4
:109AA000F8CC3F3005F2F8CC0DA00BB0F8CC06E1B5
:109AB0002F50F8CC01F68E00F8CC00ACD800F8CCD2
:109AC000003FF200F8CC000DB000F8330000023C7B
:109AD000F700008FCFE10008FCDFA0008FCC5F50C3
:109AE00008FCC0CD108FCC02F908FCC007F48FCC65
:109AF000000DC8FCC0003FEFCC00009FFCC000017F
:109B0000EF00257410007FECFE504F9001AF2DD078
:109B10000001EBF800000ADF8000008FF800000869
:109B2000FF8000008FF900000CDAE10002F81FC48A
:109B300034ED102BFFF91000001000003333331008
:109B40000CFCCCFE60CC0001BE2CC00003F6CC00A7
:109B5000003F6CC0000AF2CEBBBEF60CE8884200A3
:109B6000CC0000000CC0000000CC0000000CC000C5
:109B70000000002574100007FECFE5004F9001AFF4
:109B800020DD00001EB0F800000AD0F8000008F048
:109B9000F8000008F0F8000008F0F900000CE0AE52
:109BA00010002F901FC434EF4002BFFFAFE300004E
:109BB0002001D6333333000CFCCDFD30CC0001DD69
:109BC0000CC00007F2CC00008F1CC3335E90CFFFA7
:109BD000FFC10CC0005FB0CC00008F0CC00008F4C7
:109BE000CC00006F4CC00003F7004773000CFCCFA3
:109BF000B17F3003F9BD0000BC7F3000001DF9408B
:109C000000007DFE70000028F9420000AEEA00006E
:109C1000AF6F7216F906EFFF800000100033333388
:109C200033319CCCFECCC30000F800000000F800EB
:109C3000000000F800000000F800000000F800003C
:109C40000000F800000000F800000000F80000002C
:109C500000F800000000F80000330000033CC000E2
:109C600000CCCC00000CCCC00000CCCC00000CCC54
:109C7000C00000CCCC00000CCCC00000CCCC00005C
:109C80000EBAE10002F82FB314CE103CFFFB200007
:109C90000010000033000000338F200001FA2F80F5
:109CA0000006F40CD0000BE006F3001F8001F90061
:109CB0007F2000AD00DD00005F42F600000EA7F13E
:109CC000000009EDA0000002FF50000000DE0000CF
:109CD000330000430001328F2002FD0006F54F6083
:109CE00006FF2009F10F900ACF700DD00CC00FAD08
:109CF000B00F9008F03F58E04F5005F47F03F48F09
:109D00001001F8CB00F8BD0000DBF700ACE9000063
:109D10009DF2006EF600005FE0001FF200001F9051
:109D2000000DE00013200002320DE1000CF104F9F7
:109D3000006F70009F21EC00001EB9F2000004FFCC
:109D400080000001EF30000009FEB000004F84F7F2
:109D50000000EE00BE2008F4002FB03FB00008F570
:109D600023100000434F800007F40BE1001EC002E7
:109D7000F8008F4000AE21EA00001FA8F2000008A2
:109D8000FEA0000001FF10000000CC00000000CC8D
:109D900000000000CC00000000CC0000133333337F
:109DA00023CCCCCDF80000009F2000004F700000B5
:109DB0001DC000000BF2000005F7000001EC0000E0
:109DC00000BF2000005F5000001EC3333334FFFF8C
:109DD000FFFCCFF4CD41CC00CC00CC00CC00CC00BB
:109DE000CC00CC00CC00CC00CC00CC00CC00CEB35E
:109DF000688223000006F200000F800000AD000022
:109E000003F400000DA000007F100001F600000A1E
:109E1000C000005F300000E9000008E000002F6093
:109E2000FFF4AF08F08F08F08F08F08F08F08F086C
:109E3000F08F08F08FCDF888001300009F3000FEEF
:109E4000A006F7F10DA0F73F309D240014FFFFFF9F
:109E5000F3333333301B8003F500230017771003EF
:109E6000EDBEE20BD001F8000000DC019CFFFC0D10
:109E7000E500CC2F8000EC0FA44BFC06FFF6CC00D5
:109E800002000033000000CC000000CC000000CC39
:109E9000000000CC477200CEFCEF50CE101DD0CC9D
:109EA0000006F4CC0004F4CC0004F4CC0007F3CF9B
:109EB000634EC0C8CFFD10000110000016761003DD
:109EC000EEAEC10CE101F81F8000654F4000003F7D
:109ED0006000000FA0009708E517F5009FFF8000C5
:109EE000002000000000230000008F0000008F0011
:109EF00000008F0027748F03EECECF0CE101DF0F3F
:109F000080008F4F50008F4F50008F0F90009F0A9E
:109F1000E526FF01CFFD7F0000100000167610023D
:109F2000DEBFC10CE102F71F9333CB4FFFFFFC3FB5
:109F30007000000FA0000008F61152007FFFE30040
:109F400000210000043100CFF404F70008F1006B99
:109F5000F7609EFC9008F00008F00008F00008F0A0
:109F60000008F00008F00008F0000027742703EE56
:109F7000CEBF0AF100CF0F90008F1F80008F1F808F
:109F8000008F0FA0009F08F635EF01AFFEBF000065
:109F9000209F003002EB02FFFFE200256400330047
:109FA000000CC00000CC00000CC00000CC27750CD9
:109FB000DDCEF6CE100DCCC0008FCC0008FCC0006A
:109FC0008FCC0008FCC0008FCC0008F033CC6600BA
:109FD00066CCCCCCCCCCCCCCCC003300CC00330089
:109FE00000006700CF00CF00CF00CF00CF00CF0030
:109FF000CF00CF00CF00DC8DF526203300000CC051
:10A000000000CC00000CC00000CC00175CC00BF3BB
:10A01000CC07F60CC3EA00CFFF100CC2F900CC0746
:10A02000F50CC00CE2CC002FB033BCBCBCBCBCBC3B
:10A03000BCBCBCBCBCBC642774027730CBECFF7EDC
:10A04000CEF4CE102FF301FBCC000CC000CCCC0022
:10A050000CC000CFCC000CC000CFCC000CC000CF97
:10A06000CC000CC000CFCC000CC000CF6427750C16
:10A07000ADCDF6CE100DCCC0009FCC0008FCC000CA
:10A080008FCC0008FCC0008FCC0008F000167610C2
:10A09000002DEBEE300CE101DC00F80006F34F4040
:10A0A000004F42F60004F40FA0008F108F615E9005
:10A0B000008FFF90000001000062477200CCECEFBF
:10A0C00050CE101ED0CC0006F3CC0004F4CC00041B
:10A0D000F4CC0008F2CE405EC0CDDFFD10CC011004
:10A0E00000CC000000CC000000330000000027740A
:10A0F0003603EEAECC0CE101EC0F8000CC4F5000EB
:10A10000CC4F5000CC0F9000CC0AE406FC01CFFDF0
:10A11000DC000020CC000000CC000000CC000000DF
:10A120003364372CAEF4CE100CC000CC000CC00051
:10A13000CC000CC000CC000002775006FDAFC0DDA3
:10A14000004F5BD200003CFD8200027DE384001FD3
:10A150008DC307F63CFFF8000020000470008F005C
:10A160006BF769EFC908F0008F0008F0008F000856
:10A17000F0006F5101DFC000208600047FC0008F17
:10A18000FC0008FFC0008FFC0008FFC0008FCC005F
:10A1900009F8F426FF1CFFC9F00110004700007603
:10A1A0005F5002F70EA007F109E00CB002F51F5056
:10A1B00000DA6F00006EBA00001FF300000BE00031
:10A1C0004700056000856F300EE002F71F703FF515
:10A1D00006F20DB09CC909E008E0D77D0D9003F5AB
:10A1E000F22F4F5000FCE00DCF0000AF9007FB00B6
:10A1F000005F3002F600373003731EB00CE104F547
:10A200006F50009DDB00001FF100005FF50001EAC8
:10A210009E100BF11FA05F7006F5670000867F306F
:10A2200003F71F9009F20BD00EB005F33F6000E971
:10A230009F10009DDA00002FF500000DE000000FD8
:10A240009000007F20001FF90000173000002777E2
:10A2500077723CCCCFF300004F800001EC00000C83
:10A26000F100007F500003F900001DE333324FFF7F
:10A27000FFF8000050001CE2008F1000CC0000CC62
:10A280000000DC0001F9004AF2006FB00003F700A3
:10A2900000EB0000CC0000CC0000BD00003F9100AE
:10A2A00003A132DADADADADADADADADADADADADAC6
:10A2B000410008F4000AE0004F4004F4004F40035E
:10A2C000F6000AE7005FD01F9004F4004F4004F44A
:10A2D000007F204E900860000231000005EFF7007B
:10A2E0005AE707FB7D861003BC90000000000003C6
:10A2F000740000000058DFFC0000069EFFFFFC0019
:10A30000007FFFFFFFFC00008FFFFFFFFC00008FBE
:10A31000FFFFD7AC00008FFB61008C00008D0000B8
:10A32000008C00008C0000008C00008C000364ACEA
:10A3300000008C00AFFFFC00208C00FFFFFB6DFFD6
:10A34000EC004DFFA1FFFFFC000000008FFFF400B8
:10A35000000000014400000000003777777777772E
:10A36000777750FB8FF8888888DF89F1F4088000C0
:10A3700000008C00F4F63A800000008C34F4FFFFFB
:10A38000800000008FFFF4F509800000008D01F4CB
:10A39000F408800000008C00F4FCBEEBBBBBBBDF0C
:10A3A000BCF4FA8DD8888888CE89F4F4088000003F
:10A3B000008C00F4F73B800000008D34F4FFCF8068
:10A3C0000000008FDEF4F409800000008C00F4F43B
:10A3D00009900000008C00F4DEBFFBBBBBBBFFCDCF
:10A3E000F0144444444444444410777731777777F9
:10A3F0007776FFFF84FFFFFFFFFFFFFF84FFFFFF74
:10A40000FFFFBCCC52CCCCCCCCCB00000000000079
:10A410000000DFFF72EFFFFFFFFCFFFF84FFFFFF85
:10A42000FFFFFFFF84FFFFFFFFFF58881078888839
:10A4300088855777107777777775FFFF84FFFFFF61
:10A44000FFFFFFFF84FFFFFFFFFFDFFF72FFFFFF44
:10A45000FFFD000000000009600000000000AFF6F2
:10A46000000000000AFFFE03500000AFFFF33EF9BA
:10A47000000AFFFF30EFFF90AFFFF3006FFFFBFF1D
:10A48000FF300006FFFFFFF30000006FFFFF30000A
:10A49000000006FFF300000000006C300000000325
:10A4A0005000015103EF6001CFC1FFFF61CFFF8674
:10A4B000FFFFDFFFF306FFFFFFF30007FFFFF300DF
:10A4C00001CFFFFF6001CFFFFFFF60CFFFF8FFFF6D
:10A4D0005DFFF306FFF71DF30006FA00010000021E
:10A4E00000000000A7000000000004FF00000000C2
:10A4F0001514FF02500003CF84FF0CF9000DFF3448
:10A50000FF09FF806FF404FF00AFF2BFA004FF005B
:10A510001FF7FF6003FF000CFAFF4000320009FC48
:10A52000EF700000000DF9AFD00000003FF52FF9EB
:10A53000000001CFE008FFC5337EFF30009FFFFF22
:10A54000FFF5000004BFFFEA20000000001000003B
:10A550000000000477200000002209FF40300003C3
:10A56000EE7DFFB8F9000BFFFFFFFFFF6002FFFF6A
:10A57000FFFFFC0013EFF812CFFB30FFFFD0001FEE
:10A58000FFFCFFFFA0000FFFFCACFFE1004FFFC787
:10A5900000EFFD78EFF90006FFFFFFFFFE3009FF37
:10A5A000FFFFFFFF5000AA1CFF73C600000008FF5A
:10A5B00040000000000144000000000077774000E8
:10A5C00000007E889F1000433D8333D8332CFDCCA0
:10A5D000CCCCCFE60C40000000C800C44426071CC9
:10A5E000800C4884C0F4C800C4884C0F4C800C48D0
:10A5F00084C0F4C800C4884C0F4C800C4884C0F45C
:10A60000C800C42213040C800C50000000D7008F37
:10A61000FFFFFFFF10002444444400000000001628
:10A620001057400000003EFC2CF80000006ED4EEF5
:10A63000DF8000008FA7E5DFF800019F89FFF6AFFC
:10A64000A001CF7AFFFFF97FB1BF6CFFFFFFFC6F66
:10A65000711CFFFFFFFFF82000CFFFA8CFFF800095
:10A660000CFFF408FFF80000CFFF408FFF80000BC5
:10A67000FFF408FFF700000002BBA100000000008B
:10A680004FFF400000000004FFF400000000004FF6
:10A69000FF400000000336FFF632000000FFFFFF1E
:10A6A000FFF0000006FFFFFFF300000006FFFFF3CE
:10A6B0000000000006FFF3000007777736F33777D6
:10A6C00075FFFFFE304EFFFFCFFFFFFFEFFEFFECF9
:10A6D000FFFFFFFFFF7AA7CDFFFFFFFFFFFFFB009C
:10A6E00027777777610000EFFFFFFFF80004FB4456
:10A6F0004444EE000BF20000008F602FC000000009
:10A700001FD09F500000000AF4FE3320000336FAE9
:10A71000FFFFD0002FFFFCFFFFF977BFFFFCFFFF1B
:10A72000FFFFFFFFFCFFFFFFFFFFFFFCFFFFFFFF3F
:10A73000FFFFFB000025775100000019FFFFFE70AE
:10A74000AB01CFFFCDFFFDFC0DFF70001BFFFC5FD9
:10A75000F500000AFFFCBFA000006FFFFB24100003
:10A760000004444100000000000000777770000002
:10A770000774FFFFD000003FF3FFFE100001CFC0C1
:10A78000FFFFC5337EFF30FD9FFFFFFFF300710425
:10A79000BFFFE810000000001000000000000AC029
:10A7A000000AFC000AFFCFFFFFFCFFFFFFCFFFFF07
:10A7B000FCFFFFFFC788FFFC0003FFC00003FC0095
:10A7C00000038000000AC00000000AFC0000000A2C
:10A7D000FFC0000FFFFFFC0960FFFFFFC04F2FFF0E
:10A7E000FFFC00F4FFFFFFC0AE0788FFFC05100070
:10A7F00003FFC000000003FC000000000380000015
:10A800000000000000F710000000AC0002DC1000A7
:10A8100000AFC00E71BA0000AFFC004D91F3FFFF16
:10A82000FFC0962F2A9FFFFFFC04F2C86CFFFFFFBA
:10A83000C00F4984CFFFFFFC0AE0D78C788FFFC0A0
:10A84000517F1D70003FFC00AF35F100003FC00795
:10A8500023E6000000380009F60000000000008236
:10A860000000377777777777777750FA8888888806
:10A87000888889F1F403300000000000F4F45FF5EB
:10A880000000000000F4F4CFFC0000380000F4F4F5
:10A890005FF50003EF9000F4F40000003EFFF900C4
:10A8A000F4F4003603EFFFFF90F4F403EF7EFFFFB4
:10A8B000FFC0F4F43EFFFFFFFFFFC0F4F4CFFFFF43
:10A8C000FFFFFFC0F4F49CCCCCCCCCCC90F4F400D3
:10A8D000000000000000F3BFFFFFFFFFFFFFFFD0FD
:10A8E0000344444444444443000000000002300058
:10A8F000000000003EF90000000000CFFF900000C3
:10A90000003B2DFFF7000003ECC2DFF500003EBC6A
:10A91000FC2D600003EBCFFFC000003EBCFFFF60DA
:10A920000003EBCFFFF600003EDCFFFF600000FA03
:10A93000AFFFF6000000F61AFF60000000FF46F6C9
:10A9400000000000FFFF6000000000444300000022
:10A9500000007720000032FF400003E4FF40003E8B
:10A96000F4FF4003EFF4FF403EFFF4FF43EFFFF43A
:10A97000FF7EFFFFF4FFFFFFFFF4FF5DFFFFF4FF2B
:10A9800041DFFFF4FF401DFFF4FF4001DFF4FF4013
:10A99000001DF4FF400001D42300000010810000DE
:10A9A0000000000FE70000000000FFFD5000000065
:10A9B0000FFFFFB4000000FFFFFFFA20000FFFFFB2
:10A9C000FFFF8100FFFFFFFFFFE70FFFFFFFFFFF1C
:10A9D000F5FFFFFFFFFFA10FFFFFFFFC2000FFFFC0
:10A9E000FFD400000FFFFE60000000FFF810000021
:10A9F000000FA10000000000200000000000007710
:10AA0000777500777775FFFFFC00FFFFFCFFFFFC09
:10AA100000FFFFFCFFFFFC00FFFFFCFFFFFC00FF4F
:10AA2000FFFCFFFFFC00FFFFFCFFFFFC00FFFFFC43
:10AA3000FFFFFC00FFFFFCFFFFFC00FFFFFCFFFF30
:10AA4000FC00FFFFFCFFFFFC00FFFFFCFFFFFC0022
:10AA5000FFFFFCFFFFFC00FFFFFCFFFFFB00FFFF11
:10AA6000FB2444410024444177777777777775FF5B
:10AA7000FFFFFFFFFFFCFFFFFFFFFFFFFCFFFFFFEC
:10AA8000FFFFFFFCFFFFFFFFFFFFFCFFFFFFFFFFDC
:10AA9000FFFCFFFFFFFFFFFFFCFFFFFFFFFFFFFCCF
:10AAA000FFFFFFFFFFFFFCFFFFFFFFFFFFFCFFFFBC
:10AAB000FFFFFFFFFCFFFFFFFFFFFFFCFFFFFFFFAC
:10AAC000FFFFFCFFFFFFFFFFFFFB2444444444441F
:10AAD000415000000870F600004FF4FF60004FF492
:10AAE000FFF6004FF4FFFF604FF4FFFFF64FF4FF57
:10AAF000FFFFAFF4FFFFFFFFF4FFFFFD5FF4FFFF79
:10AB0000D14FF4FFFD104FF4FFD1004FF4FD1000C2
:10AB10004FF4D100003FF310000003300000005359
:10AB2000000000000006FE30000000006FFFE300A0
:10AB3000000006FFFFFE3000006FFFFFFFE300068E
:10AB4000FFFFFFFFFE306FFFFFFFFFFFE3888888F6
:10AB50008888888677777777777775FFFFFFFFFF9D
:10AB6000FFFCFFFFFFFFFFFFFCFFFFFFFFFFFFFBFF
:10AB70000000000710000000AFC100000AFFF8004D
:10AB800000AFFFD1000AFFFD1000AFFFD1000AFFA8
:10AB9000FD10007FFFE100003FFFF9000003FFFF11
:10ABA0009000003FFFF9000003FFFF9000003FFF0F
:10ABB000F7000003FFF30000003D300053000000E9
:10ABC00006FE3000002FFFE3000006FFFE3000000D
:10ABD0006FFFE3000006FFFE3000006FFFE30000A0
:10ABE00008FFFE00003EFFFA0003EFFFA0003EFF5B
:10ABF000FA0003EFFFA0002EFFFA00001DFFA000E7
:10AC00000001C9000000000017760000000008FFE6
:10AC1000F0000000008FFF0000000008FFF00000BF
:10AC200000008FFF00000DFFFFFFFFFFF7FFFFFF9A
:10AC3000FFFFFF8FFFFFFFFFFFF85888CFFF8888D7
:10AC4000100008FFF0000000008FFF000000000867
:10AC5000FFF0000000005FFD000000DFFFFFFFFFCE
:10AC6000FF7FFFFFFFFFFFF8FFFFFFFFFFFF85886C
:10AC700088888888810000000980000000000000AA
:10AC80006FF6000000000000EFFD0000000000076C
:10AC9000FFFF70000000001EFCCFE1000000008FED
:10ACA000C00CF800000002EFC00CFE2000000AFFFC
:10ACB000C00CFFA000002FFFC00CFFF20000CFFF70
:10ACC000E77EFFFB0004FFFFF88FFFFF400CFFFF54
:10ACD000C00CFFFFB06FFFFFC33CFFFFF6EFFFFFAD
:10ACE000FFFFFFFFFDDFFFFFFFFFFFFFFD04444409
:10ACF00044444444400000000000003100000000D3
:10AD00000000008C10775200001477BFC1FFFFB124
:10AD100006EFFFFFFCCCEFFC5FFFCCEFF60004F882
:10AD2000DFD1008F60000077FF2000660000000E7A
:10AD3000FA0000000000006FF5000031000001DFA4
:10AD4000CA70008C10777CFF5FF977BFC1FFFFF6F8
:10AD50001DFFFFFFFCCCCB40018CCCEFF6000000C8
:10AD60000000008F6000000000000066000000008E
:10AD700003300000000000003EE30000000000037C
:10AD8000EFFE30000000003EFFFFE300000003EF95
:10AD9000FFFFFE3000003EFFF66FFFE30003EFFF12
:10ADA0006006FFFE302EFFF600006FFFE20AFF6034
:10ADB000000006FFA0009600000000690001C90025
:10ADC000000000AC101CFF9000000AFFC11FFFF93B
:10ADD0000000AFFFF103FFFF900AFFFF30003FFFCD
:10ADE000F9AFFFF3000003FFFFFFFF300000003F5B
:10ADF000FFFFF30000000003FFFF30000000000031
:10AE00003FF30000000000000220000000000301EA
:10AE100033333333300008F61EFFFFFFFC0006FF1C
:10AE2000E33FFFFFFFC003EFFFE1000008FC00FF6E
:10AE3000FFFFB000008FC0034DFA43000008FC0084
:10AE400000CF80000057BFD7700CF8000007FFFF4D
:10AE5000FD00CF9333330AFFFF300CFFFFFFF80DE7
:10AE6000FF4000CFFFFFFFF41D6000167776000063
:10AE700000000CFFFFF900000000FFFFFFC33333A9
:10AE8000330FFFFFFFFFFFFFF6FFFFFFFFFFFFFF97
:10AE9000CFFFFFFFFFFFFFFCFFFFFFFFFFFFFFCF25
:10AEA000FFFFFFFFFFFFFCFFFFFFFFFFFFFFCFFFE5
:10AEB000FFFFFFFFFFFCFFFFFFFFFFFFFFCFFFFFD5
:10AEC000FFFFFFFFFC4FFFFFFFFFFFFE3000000012
:10AED0000100000000000006F6000000000006FF70
:10AEE000F60000000006FFFFF600000006FFFFFF6F
:10AEF000F6000001FFFFFFFFF000000004FFF40078
:10AF0000000000004FFF400000000004FFF40000BC
:10AF10000000004FFF400000577762888077774F2E
:10AF2000FFFF7333AFFFFCFFFFFFFFFFFFFFCFFF0C
:10AF3000FFFFFFF6AA6CFFFFFFFFFFFFFFB14444D6
:10AF4000444444444005710000000005FF800000B7
:10AF50000000EFFE200000000FFFF700000000DF00
:10AF6000FA0000000008FF10000000002FF90000A8
:10AF70000000009FF60000000000DFE60007200050
:10AF800001DFF81AFE710001DFFFFFFF8000009F64
:10AF9000FFFFF500000028DFE5000253100000006D
:10AFA00000006FFFE60000000130FB02BF50000010
:10AFB0006A6AEA000CC0004B40786FA33CC12A606B
:10AFC000195006EFFF6E8102A300000443B8A15997
:10AFD0001000004776A3887B30001AFFFFAAE70025
:10AFE00086009F700BC006A20690F9001DB00018E5
:10AFF000813BEC36DF30000029B83EFFC300000083
:10B000000000001000000000000000005ABBBA1051
:10B0100000000006FE888E400000006FDC000C403F
:10B02000000006F68C000C5333326F939C000CFE2C
:10B03000CCDEEFFFF9003EF8004FF4000003E6C855
:10B04000004FF400003E60C8004FF40001EEBBE783
:10B05000004FF40004E88871004FF40004C00000C1
:10B06000004FF63336C00000004FBCCCCDC000000E
:10B07000004F000004C00000004F000004C00000AA
:10B08000004F000004EBBBBBBBCF000000444444B6
:10B09000444277777777772000FAEFFE89FDE30067
:10B0A000F4CFFC00F4AE30F4CFFC00F40AE2F4CFAD
:10B0B000FC00F400BAF4BFFFFFF1008CF404444438
:10B0C00010008CF400000000008CF4477777777153
:10B0D0008CF4CC888888E88CF4C8000000C88CF414
:10B0E000C8000000C88CF4C8000000C88CFFFFFF37
:10B0F000FFFFFFFB144444444444400277740006BD
:10B10000FFF5000AFFE0000EFF90002FFF448B6F59
:10B11000FFFFFAAFFFFFF2EFFCFFA08401FF40004A
:10B1200005FC000009F400000DD000001F600000C5
:10B130005E00000096000000200000000000088073
:10B140000000000000005DD400000000003CFFFF94
:10B15000C300000001DFFFFFFD10000006FFFFFF3E
:10B16000FF60000008FFFFFFFF80000009FFFFFFF6
:10B17000FF9000000CFFFFFFFFC000000FFFFFFF6C
:10B18000FFD000003FFFFFFFFFF30000AFFFFFFF16
:10B19000FFFA0003FFFFFFFFFFFF303EFFFFFFFF4F
:10B1A000FFFFE32FFFFFFFFFFFFFF2000003BFFFE2
:10B1B000300000000000AAFA000000000000033088
:10B1C000000000233333333333333320FDCCCCCC76
:10B1D000CCCCCCCCF1F400000000000000F4F4C8AA
:10B1E0008C4F0C4884C0F4F4211304031224C0F4DF
:10B1F000F49B6390C2966CC0F4F46842608164482A
:10B2000060F4F464477777774260F4F4966CCCCCC2
:10B21000CC6390F4F633333333333333F4BFFFFF6F
:10B22000FFFFFFFFFFD0000000000004300000001F
:10B23000004BF700000004BFFF1000004BFFFF8031
:10B240000004BFFFFFF1004BFFFFFFF800CFFFFF3F
:10B25000FFFF10078888AFFF8000000004FFF100A7
:10B260000000004FF80000000004FF100000000084
:10B270004F800000000004F10000009BBBBBBB013D
:10B280000000FFFFFFFF0B3000FFFFFFFF0CE3009C
:10B29000FFFFFFFF0CFE30FFFFFFFF09CCB1FFFFF8
:10B2A000FFFF300000FFFFFFFFFFFFFCFFFFFFFF7E
:10B2B000FFFFFCFFFFFFFFFFFFFCFFFFFFFFFFFFA4
:10B2C000FCFFFFFFFFFFFFFCFFFFFFFFFFFFFCFF97
:10B2D000FFFFFFFFFFFCFFFFFFFFFFFFFCFFFFFF84
:10B2E000FFFFFFFCFFFFFFFFFFFFFB24444444443C
:10B2F00044410000004777741000000003AEFFFFD8
:10B30000FFFC5000019FFFFECCCFFFFD303CFFE66D
:10B310002001015CFFE65FF706AFFFFC614FFA0515
:10B3200033DFFFFFFFFE6170002FFFC6445AFFF5B9
:10B33000000006D416AB832CA000000006EFFFFF30
:10B34000900000000006FFB9EFA0000000000051CF
:10B35000330500000000000003FF70000000000043
:10B3600000006A0000000026777777777777777795
:10B37000400EDCCCCCCCCCCCCCCCCF40F433333373
:10B380003333333331C80F4CFFFFFFFFFFFFFF4C58
:10B39000B1F4CFFFFFFFFFFFFFF46C8F4CFFFFFF07
:10B3A000FFFFFFFF4088F4CFFFFFFFFFFFFFF40820
:10B3B0008F4CFFFFFFFFFFFFFF4088F4CFFFFFFF31
:10B3C000FFFFFFF4CF6F49CCCCCCCCCCCCCC3C80B5
:10B3D000F63333333333333333C70AFFFFFFFFFF13
:10B3E000FFFFFFFE20267777777777777777400E16
:10B3F000DCCCCCCCCCCCCCCCCF40F43333333333DB
:10B40000330000C80F4CFFFFFFFFFFC0000CB1F47A
:10B41000CFFFFFFFFFFC00006C8F4CFFFFFFFFFF23
:10B42000C0000088F4CFFFFFFFFFFC0000088F4C36
:10B43000FFFFFFFFFFC0000088F4CFFFFFFFFFFC0E
:10B440000000CF6F49CCCCCCCCCC90000C80F63334
:10B4500033333333333333C70AFFFFFFFFFFFFFFBD
:10B46000FFFE20267777777777777777400EDCCCEB
:10B47000CCCCCCCCCCCCCF40F43333333310000025
:10B4800000C80F4CFFFFFFF40000000CB1F4CFFF29
:10B49000FFFF400000006C8F4CFFFFFFF400000036
:10B4A0000088F4CFFFFFFF40000000088F4CFFFF33
:10B4B000FFF40000000088F4CFFFFFFF4000000011
:10B4C000CF6F49CCCCCCC30000000C80F6333333B3
:10B4D0003333333333C70AFFFFFFFFFFFFFFFFFEA6
:10B4E00020267777777777777777400EDCCCCCCCD0
:10B4F000CCCCCCCCCF40F43333300000000000C8BB
:10B500000F4CFFFC00000000000CB1F4CFFFC000A6
:10B51000000000006C8F4CFFFC0000000000008861
:10B52000F4CFFFC00000000000088F4CFFFC0000BB
:10B530000000000088F4CFFFC00000000000CF6FC3
:10B5400049CCC900000000000C80F633333333339C
:10B55000333333C70AFFFFFFFFFFFFFFFFFE202645
:10B560007777777777777777400EDCCCCCCCCCCCFD
:10B57000CCCCCF40F40000000000000000C80F4019
:10B58000000000000000000CB1F40000000000000A
:10B5900000006C8F40000000000000000088F400F4
:10B5A00000000000000000088F40000000000000C4
:10B5B000000088F40000000000000000CF6F400091
:10B5C0000000000000000C80F63333333333333394
:10B5D00033C70AFFFFFFFFFFFFFFFFFE2000069BB0
:10B5E000B7400002CFFDFFF9000DFFF4AFFF805F11
:10B5F000FFF40AFFE1AFFFF451AFF5DF83F48A0CEB
:10B60000F8FFF633516FFCFFFF6006FFFCFFFFD031
:10B610001FFFFCFFFD1013FFFCFFD164863FFACF34
:10B6200096F4861CF88FFFF411CFF32FFFF41CFF64
:10B63000E008FFF5CFFF40007EFEFFC300000034AE
:10B6400042000000000000000000000000000004B4
:10B650000000000000003004020C01000C00C005D6
:10B66000040501071600000A0A0C000052005009E8
:10B67000081001FE9200B00B0B0D00FFDA00000A6B
:10B680000A0D00FF1B018003020501072001500580
:10B69000051101FC4B016005051100FC7601F00667
:10B6A000070600038B01100909090001B40190038A
:10B6B000020401FEB801300705020104BD01500477
:10B6C00002020100BF01A006060D00FFE60100090D
:10B6D000080D01FF1A020009050C010038020009DB
:10B6E000080C010068020009070D01FF960200091D
:10B6F000090C0000CC020009080D01FF000300093D
:10B70000080D01FF34030009090C00006A03000959
:10B71000090D00FFA5030009080D00FFD90310045F
:10B7200002090100E2032004020B01FEED032008E0
:10B730000708000009040009070501031B0460084D
:10B74000070801003704A007070C00006104500E31
:10B750000D1001FCC904200A0A0C00000505200A8E
:10B76000090C01003B05200A090D01FF7605D00AEE
:10B77000090C0100AC05C008080C0100DC05C0087C
:10B78000080C01000C06D00A090D01FF4706400B0A
:10B79000090C01007D068004020C01008906C00826
:10B7A000080D00FFBD06200A090C0100F306C008C1
:10B7B000080C01002307D00D0C0C01006B07400B97
:10B7C000090C0100A107F00A090D01FFDC07200A9E
:10B7D000090C01001208200B0A0D01FF5308200A72
:10B7E000090C01008908D009080D01FFBD08900966
:10B7F0000A0C0000F908D00A090D01FF3409200ADB
:10B800000A0C00007009C00D0E0C0000C409200ACB
:10B810000A0C0000000A200A0A0C00003C0A9009E9
:10B82000090C0000720A5004041001FD920AA006DF
:10B83000070D00FFC00A5004031000FDD80AB0062F
:10B8400006070005ED0A4007080200FEF50A00059C
:10B8500004030009FB0AD008080A00FF230B200993
:10B86000080E01FF5B0B6008080A00FF830B20092C
:10B87000080E00FFBB0B6008080A00FFE30BE004A2
:10B88000060D00000A0C2009080D00FC3E0C2009E2
:10B89000070D01006C0C1004020D0100790C20044E
:10B8A0000411FFFC9B0C3008070D0100C90C1004AB
:10B8B000020D0100D60C000E0C0901000C0D200930
:10B8C000070901002C0D2009090A00FF590D200964
:10B8D000080D01FC8D0D2009080D00FCC10DA0050F
:10B8E00005090100D80D6008070A01FFFB0D2005BE
:10B8F000050C00FF190E2009070A01FF3C0E100875
:10B9000008090000600E200C0C090000960E1008BB
:10B9100008090000BA0E1008080D00FCEE0E100811
:10B9200008090000120F7005061000FD420FF00319
:10B93000020E01FE500F7005051000FD780FE00AA1
:10B94000090401038A0FB00D0E1000FDFA0F20113B
:10B95000121000FD8A100010100D0000F2100010EF
:10B960000E0B01003F11900C0B0C01FF8111B00D6B
:10B970000E1000FEF111B00D0E0F00FE5A12900CC9
:10B980000D0F00FEBC12E00E0F0C00001613E00EAF
:10B990000F0E00007F13B00D0E0C0000D313B00D7E
:10B9A0000E0F00FE3C14E006070B00006314500A63
:10B9B0000B0B0000A014E00E0F0D00FF021520116C
:10B9C000120F00FE8915B00D0E0F00FEF2152009B2
:10B9D0000A0F00FE3D16900C0D0F00FE9F16B00DD5
:10B9E0000E0F00FE0817B00D0E0F00FE7117200994
:10B9F0000A0F00FEBC17C00D0E0C00001018700BD3
:10BA00000A0F01FF5B18700B0A0F00FFA618900CBD
:10BA10000D0D0000FB18900C0D040004151900100A
:10BA2000101000FE95190010100F00FF0D1A0010E5
:10BA3000100A00005D1A0010100A00FFAD1A201154
:10BA4000110B00000B1BE00E0F0D00006D1BE00E34
:10BA50000F1000FEE51B900C0D0D00003A1C0010AD
:10BA6000100E00FEAA1C0010101100FD321DB00DBA
:10BA70000E0F00FE9B1D0008081000FDDB1D0010CE
:10BA8000101100FD631E2011120B0000C61E900C49
:10BA90000D0D00FF1B1FB00D0E1100FD921F501267
:10BAA000120D000007209014150C00008520901442
:10BAB000150C000003219014150C00008121901436
:10BAC000150C0000FF219014150C00007D22B00D14
:10BAD0000C1101FD000007000A000B000C00100013
:10BAE00012001300140018001B002000250026007F
:10BAF00027003D003F0047004A004B004C0050002B
:10BB00005100520053006600670070007300760019
:10BB1000770078007A0092009400C300C400C60049
:10BB2000E600F2001B0123015A01EA013F02400234
:10BB30004102420243029202200000005F00010025
:10BB400000000000000000000000000001F0000004
:10BB500093026000D4BA0108000000003200020025
:10BB6000092B09370938093A11111112111411154D
:10BB7000111611171118111A121312141216121885
:10BB80001311131213131316131713181319131A6F
:10BB90001412141314141415141614171418141959
:10BBA000141A15111513151515161517151815193D
:10BBB0001612161316141615161616171618161929
:10BBC000161A171117121713171517161717171814
:10BBD0001719181218151816181718181819181AEE
:10BBE0001911191219141915191619171A111A12EF
:10BBF0001A131A151A161A171A181A1A2224222892
:10BC0000223022322235223622372238223A22426C
:10BC100022442245224622482250225222542255B2
:10BC2000225622572258225B233A2342234A234D8D
:10BC3000235023532356235A2424242824302432E7
:10BC4000244A24532456245A245B25372538254278
:10BC500025462550255626372638263A264326449B
:10BC60002645264626472648264A264B264C264D5C
:10BC7000264E264F26502651265226532655265606
:10BC8000265726582659265A265B270D270F272286
:10BC900027422746274A274D275027532756275AFA
:10BCA00028422846284F285028532856285A2942E7
:10BCB000294629502956295A2A422A442A452A47E0
:10BCC0002A482A4E2A4F2A502A512A532A542A55A2
:10BCD0002A562A572A582A5A2B422B502C242C28D1
:10BCE0002C302C322C422C462C4A2C502C532C56C7
:10BCF0002C582C5A2D222D242D282D302D322D3527
:10BD00002D362D372D382D3A2D4B2D562D582D5A99
:10BD10002E422E462E4B2E4F2E502E562E5A2F464A
:10BD20002F502F5A30223035303730383039303AB2
:10BD300030443045304630473048304B3050305139
:10BD400030523054305530563059305A305B310D06
:10BD5000310F312231263129312A314231463149E0
:10BD6000314A314D314F3150315331543155315ABF
:10BD7000322232353236323732383239323A324282
:10BD80003256332433283330333233353336333776
:10BD90003338333A3342334633503356335A3442CE
:10BDA0003446344B344E344F34503451345234567C
:10BDB0003458345A350D350E350F351B351C3522A8
:10BDC0003524352835303532353435353537353845
:10BDD0003539353A35423546354A354E3550355385
:10BDE000355435563558355A355B36223645364743
:10BDF0003648364E364F3651365336543655365908
:10BE0000365B370A370D370E370F371B371C372293
:10BE10003724372837303732373E374237463750A6
:10BE200037533756375A375E380A380D380E380FC1
:10BE3000381B381C38223824382838303832383506
:10BE4000383E38423846385038533856385A385EBB
:10BE5000392439283930393239463956395A3A0A6B
:10BE60003A0D3A0E3A0F3A1B3A1C3A223A243A2833
:10BE70003A303A323A353A373A383A393A3A3A3E3B
:10BE80003A423A463A503A523A553A563A573A5E58
:10BE90003B223B243B283B303B323B423B463B4A28
:10BEA0003B503B563B583B5A3C2B43574358435A15
:10BEB000465A47034708470A473E4748475E4C46AD
:10BEC000505750585059505A5158530D530F5344CE
:10BED000534553465347534C53505352535553565F
:10BEE000535753585359535A535B570D570F574293
:10BEF00057445745574657505752580D580F5844B6
:10BF0000584558465852594459455946595059521E
:10BF10005A0D5A0F5A445A455A465A505A525B447F
:10BF20005B455B465B505C2BF405050601FC00019C
:10BF30000001FB01FFFFFF00FEFE01FEFEFDFE0013
:10BF4000FE0001020100FD010000FC040200F602F7
:10BF500000FD010201000001FD00FBFD030100FBEB
:10BF60000105ECFCFB05FDFF00FD0103010000FBEA
:10BF7000FF010000FA01FBFBFBFBEDFAEEF4EC0124
:10BF8000FEFDFDFEFDFE00F8FDF6F803EC010000ED
:10BF900001000101FFFFFFFFFFFFFF01FFFBFD00AD
:10BFA000010101020202FFFBFBFBFBFCFFFFFFFFA5
:10BFB000FEFEFBFEFCFEFBFCF9FA01FA01DADAF107
:10BFC000F7FBFFFFFBF9FAFA00010000000000FF99
:10BFD000FFFFFF00FFFFFEFFFFFFFFFF00FFFFFF70
:10BFE000FFFF00FFFFFFF9F9F8F9FFF9FFF9FFFA8A
:10BFF000F6F605FBFAFAFAEDFAE9F2EA00FCF5F2D8
:10C00000FFFFFFFFFFFF00FFFF00FBF9FAFDFAF95A
:10C010000000000000FF000001000100FF01FED64B
:10C02000D6F2FFFFFFFDFD00FFFFFFFD00FF040450
:10C0300004F8FEF9FB03F70000FFFFFEFFFBFEFB29
:10C04000FCF400FEFEFF000000FFFFFF0000000008
:10C050000101ECECECEDEDECFAF9F9F9FC04040467
:10C060000304ECECFFEFECEFEDEFF4F4F1FAFE007B
:10C07000FFFFFFFFFFFF00FEFE05EAF7EAF8F8ED1D
:10C08000FBFBFAFB04F4F5F4F8F9FD0504F1FBF110
:10C09000FBFAF2FDFDFCFD0403F8F8F8FBFBFF04DE
:10C0A000FAFAFAFAF9FBF805E9F3E9F5F5EBF9F92B
:10C0B000F9F9040504030505F0EFEFF0FAF6FB05C6
:10C0C00003FAFAF9FA00FBFFFBFBF9F9FBFDFEFDB1
:10C0D000FD04040505FA05FBFCFEFBFCFEF0F0FB8D
:10C0E000FCFB0400FBFC04000504020501F1F1FC6B
:10C0F000FDFDFDFCFDF4F5FEFEFDFEFBFBFBFBFB89
:10C10000EFF0FCFCFCFCFBFCFCFCFCFB60BB010856
:10C1100028BF0108E40100003BB4FF4FF4FF4FF4D7
:10C12000FF4FF4FF4FF4FF3CC0000001334FF4FF1A
:10C130009B63B9CF84FCCF84FCCF64FBCF14F5C9DB
:10C1400004E0000006B003B6000000CE006F40001F
:10C15000000FB009F1000002F800CE0002336F6357
:10C160003FC3308FFFFFFFFFFC0244DF448F74307A
:10C17000000FC008F1000001F800CE0000004F5091
:10C180000FB0004FFFFFFFFFFF0288EF88BFA880BE
:10C19000000EC008F2000001F800CF0000004F5070
:10C1A0000FC0000008F202F8000000001320000099
:10C1B0000004F8000000004F800000016CFD6100E9
:10C1C00001CFFFFFD300AFD201DFB00EF40002FFBA
:10C1D00000FF10000FF40EF6000000008FE60000D4
:10C1E0000000BFFE820000005CFFF800000002AF0C
:10C1F000FA000000005FF347400000CF58FA00004B
:10C200000DF43FF30005FF20BFFA7BFF80008EFF97
:10C21000FE70000009F5000000008F4000000002E1
:10C2200041000004BBA20000000004FB8EE10000FE
:10C230000000CE002F7001D5000CC000F800AF1038
:10C2400000CC000F804F60000AF307F40EC000001E
:10C250001DFFF908F2000000045302F8000000007E
:10C260000000CE0000000000006F42BFF910000087
:10C270001EA0DF56FA00000AF14F6009F00004F634
:10C2800004F4008F4000EC004F5008F1001920002A
:10C29000EC34DC0000000003EFFD30000000000083
:10C2A00022000000029BB9100000003FFEEFE100F9
:10C2B0000000BFB009FA000000EF4004FC000000DD
:10C2C000EF5006FA000000AFA06EF20000001FFB66
:10C2D000FD3000000009FFB1000000009FFFE200F8
:10C2E000043008FF3AFC100FC02FF300DFA04FB05E
:10C2F0004FD0001FF9AF603FE00003FFFF100FF7C2
:10C300000000AFF60005FF977CFFFE20004DFFFF09
:10C31000A2AFC1000003400000009B6CF8CF8CF37B
:10C32000CE097000000400000AF10008F60004FACB
:10C330000000EF20005F90000BF50001FF00004FB0
:10C34000C00005FC00008FA00008F800008F8000EE
:10C3500007FC00004FC00003FD00000EF300007F4B
:10C36000700001FD000008F600000DE200002FC182
:10C3700000001C00400000DC10003FB00006F80088
:10C3800000EF20006F90001FD0000DF50008F800AE
:10C3900008F90006FC0004FC0004FC0008FA000890
:10C3A000F8000AF7000FF1003FB000AF5002FC00A8
:10C3B0000BF200AF5000A3000000084000000F8007
:10C3C00000861F8382EFFFEFF704DFF83004FDF9EA
:10C3D000001FF1BF500450190000000CF4000000D1
:10C3E000000CF4000000000CF4000000000CF4004D
:10C3F0000027777DF977744FFFFFFFFFF828888EBD
:10C40000FA888400000CF4000000000CF400000026
:10C41000000CF4000000000CF40000000006820094
:10C4200000332CF8CF8CF3CD0950166666603FFFC1
:10C43000FFF1033333300224FD4FD00000005B5086
:10C4400000000CF1000002FB0000008F5000000E05
:10C45000E0000005F9000000AF2000001FC0000050
:10C4600007F6000000DF1000003FA000000AF30004
:10C470000000FE0000006F7000000CF1000002FBE5
:10C480000000008F50000003400000000017BB9424
:10C4900000003EFFEFF8000EF6003FF406FC00003F
:10C4A0006FB09F800000FF0CF400000FF2CF40003F
:10C4B00000FF4CF400000FF4CF400000FF4CF400EC
:10C4C000000FF4CF400000FF3AF700000FF08F900C
:10C4D0000002FE02FE3000BF8008FE87BFD00005CC
:10C4E000EFFF91000000130000004779B9FFFFFC47
:10C4F000444AFC0008FC0008FC0008FC0008FC00A2
:10C5000008FC0008FC0008FC0008FC0008FC00080F
:10C51000FC0008FC0008FC0008FC0017BBB500008C
:10C520003EFFDFFC001DF9002EF705FD00006FC087
:10C530006C700004FC000000007FB00000001DF4DF
:10C5400000000009FB00000006FF10000003EF40A0
:10C55000000001EF60000001CFA0000000AFB000BC
:10C5600000008FD10000005FFCBBBBBB38FFFFFFAA
:10C57000FFF40028BBB500006EFFDFFC002EF700C3
:10C580002EF807FA00005FC048400004FE000000DB
:10C59000005FB00000002DF500008FFFF6000006E0
:10C5A000CCFFA100000001BF9000000002FF0000CE
:10C5B00000000FF19F800001FF07FD10008FC00BEE
:10C5C000FE77AFF30008FFFFC30000001400000077
:10C5D0000000000AB6000000005FF800000001DF64
:10C5E000F800000008FEF80000003FE8F800000036
:10C5F000CF48F8000006FA08F800001EF108F8001D
:10C60000009F7008F80003FD0008F8000CF63339AD
:10C61000F9334FFFFFFFFFFC2888888CFC86000061
:10C620000008F80000000008F80000000008F8000A
:10C6300003BBBBBBB6005FFFFFFF8008FA44444268
:10C64000008F800000000BF400000000CF401000BD
:10C65000000DF9EFFA3000FFFCCFFE200FF3001DB4
:10C66000FA002300004FF000000000FF200000004F
:10C670000FF24FC00002FF01FF2000BFB008FE878D
:10C68000BFF20007FFFFC20000001300000000031C
:10C690008BBB610007FFECFF0004FF30003000EFB0
:10C6A000400000004FD000000006FC000000008F9A
:10C6B00084AEDA3008FCFCCDFF508FF3000AFD0891
:10C6C000F800001EF48F900000CF65FC00000CF510
:10C6D0003FE10000EF40BF90007FE002FFB79FF412
:10C6E0000001BFFFE400000004000000CBBBBBBBA7
:10C6F000BB6FFFFFFFFFF800000001EF200000000C
:10C70000CF500000008F900000002FE00000000BD1
:10C71000F600000004FC00000000AF600000000F05
:10C72000F100000005FD000000008F9000000008EF
:10C73000F800000000CF800000000CF800000000AE
:10C74000CF8000000029BBA500006FFFDFFB002E9B
:10C75000F8003FF705FD00007FB08FC00004FC0328
:10C76000FD00009FA00CF9105EF20018FFFFD3003F
:10C7700003CFECFE7003EF4001CF80BF800001FFCC
:10C780001DF400000EF4CF600000FF28FC10008FA5
:10C79000F01DFE77AFF40018FFFFC4000000140086
:10C7A00000000039BB720006FFEFFE603FF5006F2E
:10C7B000E1BF80000AF9DF400005FCFF200004FD16
:10C7C000EF400004FFBF800006FF4FE6006EFF074A
:10C7D000FFFFFDFF0038CB54FF00000005FC000008
:10C7E000000AF90000004FF30B9779FF700AFFFF72
:10C7F000E40000034000001334FC4FC000000000C0
:10C800000000000001334FC4FC13304FC04FC00084
:10C81000000000000000000000000003320CF80CD3
:10C82000F80CF30CD0095000000000660000017EF7
:10C83000F800028EFFB3029FFF92004FFC600000E1
:10C840003FFB50000002AFFE820000018FFFB400EA
:10C8500000017EF8000000006627777777744FFFAD
:10C86000FFFFF81444444442000000000013333337
:10C8700033324FFFFFFFF83CCCCCCCC64400000065
:10C88000008FB50000004EFFD61000003AFFE820F0
:10C89000000016DFF80000016CFC00049FFF811609
:10C8A000DFFE60008FFC4000008A200000000029AD
:10C8B000BBA40006FFFFFF801EF7006FF34FC00010
:10C8C0000CF60000000AF80000000EF50000008FD2
:10C8D000E0000005FF3000003EF6000000FF7000A1
:10C8E0000002FF00000002880000000000000000BD
:10C8F000013300000004FF00000004FF00000000FE
:10C9000000004330000000000008CFFFFFB500002A
:10C910000001BF9510259F8000002EF30000000548
:10C92000FA0000CF10000000004F4004F60002574C
:10C9300072000CB00EE0003EFEEF7005F33F700099
:10C94000EF301F8000F45F4006F7004F8000F78F44
:10C95000000CF1004F6000F8CE000FF0005F4000C7
:10C96000C8CD003FC0008F4000F8AF004FC0008F1F
:10C970002002F48F002FD000BF000AE08F200DF9B5
:10C980006ADF727F502FA003FFF91DFFE4000AF257
:10C990000004100031000002FA1000000000000046
:10C9A000006FC30000001000000003DFC9779E7015
:10C9B00000000000148BCCB6100000000000CB007B
:10C9C0000000000005FF50000000000AFFB000005A
:10C9D00000001FFFF1000000006FAAF60000000039
:10C9E000CF55FB00000002FE00FF20000007F90009
:10C9F000AF7000000DF3005FC000003FE0000FF2D9
:10CA000000009FEBBBBEF80000EFFFFFFFFD00053D
:10CA1000FD000000EF300AF70000009F901EF200BA
:10CA200000003FD06FD00000000EF53BBBBB77206D
:10CA3000004FFFFFFFF8004FF00016FF904FF0008F
:10CA4000005FD04FF000000FF04FF000005FF04F9C
:10CA5000F00004CF504FFFFFFFE6004FFCCCCCFFAF
:10CA6000914FF000002DF84FF0000005FF4FF0004F
:10CA70000000FF4FF0000003FF4FF000001AFB4FD3
:10CA8000FBBBBBEFF14FFFFFFFC81000037BBA7188
:10CA900000006EFFDFFE6005FF50007FF31DF40015
:10CAA0000008FB6FD0000004FD8F8000000044CF21
:10CAB0008000000000CF8000000000CF8000000058
:10CAC00000CF80000000009F80000000007FB000C9
:10CAD0000002FF2FF2000005FC09FC10002DF501FB
:10CAE000CFD879EFA00008EFFFE50000000130008B
:10CAF000003BBBBA74200004FFFFFFFF70004FF043
:10CB00000036FFC004FF000001DF804FF00000048A
:10CB1000FF14FF0000000DF44FF0000000CF74FF81
:10CB200000000008F84FF00000008F84FF000000B4
:10CB30000AF84FF0000000CF54FF0000001FF24F32
:10CB4000F000000AFC04FF000019FF204FFBBBBFF0
:10CB5000FE4004FFFFFEC700003BBBBBBBBB34FF76
:10CB6000FFFFFFF44FF000000004FF000000004F43
:10CB7000F000000004FF000000004FF0000000047F
:10CB8000FFFFFFFF404FFCCCCCC304FF00000000C0
:10CB90004FF000000004FF000000004FF000000014
:10CBA00004FF000000004FFBBBBBBB64FFFFFFFFA7
:10CBB000F83BBBBBBBBB64FFFFFFFFF84FF00000BF
:10CBC0000004FF000000004FF000000004FF000020
:10CBD00000004FF000000004FF777777404FFFFF21
:10CBE000FFF804FF000000004FF000000004FF0009
:10CBF0000000004FF000000004FF000000004FF0B4
:10CC000000000004FF0000000000027BBB72000077
:10CC10007EFFCFFE6005FF60007FF41EF500000878
:10CC2000FC6FD0000003FE8F9000000044CF800016
:10CC3000000000CF8000000000CF80006BBBBBCFA6
:10CC400080006CCCFF9F80000000FF7FB0000000E0
:10CC5000FF2FF3000000FF08FC200004FF01CFE9D4
:10CC600077AFF80007DFFFFB400000004200003B09
:10CC7000B00000006B94FF00000008FC4FF00000C3
:10CC8000008FC4FF00000008FC4FF00000008FC4BC
:10CC9000FF00000008FC4FF00000008FC4FF777712
:10CCA000777BFC4FFFFFFFFFFFC4FF00000008FC85
:10CCB0004FF00000008FC4FF00000008FC4FF000A0
:10CCC00000008FC4FF00000008FC4FF00000008F40
:10CCD000C4FF00000008FC9A1FF2FF2FF2FF2FF2A2
:10CCE000FF2FF2FF2FF2FF2FF2FF2FF2FF2FF200A4
:10CCF0000000009B300000000CF400000000CF405A
:10CD00000000000CF400000000CF400000000CF414
:10CD100000000000CF400000000CF400000000CF35
:10CD2000400000000CF400000000CF413300000D73
:10CD3000F40FF00000FF10FF60008FE005FF879FF9
:10CD4000F40005EFFFD4000000140000003BB00029
:10CD50000005BB14FF000003EF604FF00001CF801F
:10CD600004FF0000BFA0004FF0008FD10004FF00BF
:10CD70005FF100004FF03EF3000004FFBEF700003B
:10CD8000004FFFFF90000004FF03FF7000004FF012
:10CD900005FF500004FF0008FE30004FF0000BFCC0
:10CDA0001004FF00001DFA004FF000003FF904FFDF
:10CDB0000000005FF63BB000000004FF0000000030
:10CDC0004FF000000004FF000000004FF0000000E2
:10CDD00004FF000000004FF000000004FF0000000E
:10CDE000004FF000000004FF000000004FF00000C2
:10CDF0000004FF000000004FF000000004FF0000EE
:10CE000000004FFBBBBBBB64FFFFFFFFF83BB8005C
:10CE100000000007BB34FFE000000000EFF44FFF0C
:10CE2000600000005FFF44FFFB0000000AFFF44FBA
:10CE3000FDF2000001FEFF44FF6F9000007F8FF4C1
:10CE40004FF1FE00000EF2FF44FF0AF50004FB0F55
:10CE5000F44FF03FB000AF50FF44FF00DF201FE071
:10CE60000FF44FF006F806F800FF44FF001FD0DF74
:10CE7000200FF44FF000AF8FB000FF44FF0003FF1E
:10CE8000F5000FF44FF0000DFE0000FF44FF00001E
:10CE90006F80000FF43BB10000006B94FFA0000016
:10CEA00008FC4FFF4000008FC4FFFD100008FC4F3E
:10CEB000FCF900008FC4FF2FF30008FC4FF08FC077
:10CEC000008FC4FF00DF7008FC4FF003FE208FC40A
:10CED000FF0009FA08FC4FF0001EF58FC4FF0000A8
:10CEE0005FE9FC4FF00000BFEFC4FF000002FFFC51
:10CEF0004FF0000007FFC4FF0000000CFC00027AA6
:10CF0000BA71000006EFFFFFE50005FF71018FF425
:10CF100001EF4000007FD17FC0000000EF69F80002
:10CF2000000008F8CF600000006FCCF4000000049F
:10CF3000FCCF400000004FCCF400000005FCAF80A7
:10CF40000000008FA8FA0000000AF72FF20000028C
:10CF5000FF209FC10003CF8001CFEA7BEFB000002C
:10CF60007EFFFD5000000000400000003BBBBBA75F
:10CF700051004FFFFFFFFE604FF000038FF44FF0B2
:10CF8000000008FC4FF0000004FE4FF0000003FF1B
:10CF90004FF0000008FC4FF000007EF44FFFFFFF51
:10CFA000FF704FFCCCCA82004FF0000000004FF031
:10CFB000000000004FF0000000004FF000000000F3
:10CFC0004FF0000000004FF00000000000027ABAAD
:10CFD000710000006EFFFFFE500005FF71018FF42D
:10CFE000001EF4000007FD107FC0000000EF609FEE
:10CFF000800000008F80CF600000006FC0CF400035
:10D0000000004FC0CF400000004FC0CF40000000E4
:10D010005FC0AF800000008FC08FA0000000AF8015
:10D020002FF2000002FF2009FC10003CFA0001CFA3
:10D03000EA7BEFFE300007EFFFE8DFE3000000428D
:10D04000001DF600000000000150277777774000B0
:10D0500004FFFFFFFFD3004FF00004BFE104FF0017
:10D060000000DF604FF0000008F804FF000000AF90
:10D07000804FF000001EF204FF77778EF6004FFF1E
:10D08000FFFFF91004FF44445DFC004FF000001F57
:10D09000F604FF000000AF804FF0000008F804FF26
:10D0A0000000008F804FF0000008FB04FF0000002C
:10D0B0003FE20006ABB8400001CFFDFFF8000BFCDB
:10D0C0001004DF800FF100003FF04FF000000FF37D
:10D0D0000FF40000000009FE71000000009FFFA592
:10D0E00010000004AFFFE6000000005AFF800000BF
:10D0F00000004FF2574000000CF58FA000000DF427
:10D100002FF600006FF106FFB77AFF50004CFFFFCB
:10D11000C4000000023000006BBBBBBBBBBB98FF70
:10D12000FFFFFFFFFC000008F800000000008F80F8
:10D130000000000008F800000000008F80000000E0
:10D140000008F800000000008F800000000008F8D0
:10D1500000000000008F800000000008F8000000C0
:10D1600000008F800000000008F800000000008F21
:10D17000800000000008F800000000008F80000020
:10D180006B900000009B38FC0000000CF48FC00086
:10D190000000CF48FC0000000CF48FC0000000CF5E
:10D1A00048FC0000000CF48FC0000000CF48FC00D9
:10D1B00000000CF48FC0000000CF48FC0000000C01
:10D1C000F48FC0000000CF44FC0000000EF42FF2EA
:10D1D000000002FF00BFA10001CFA001EFD879EF4E
:10D1E000D100018FFFFF7000000001400000008BA4
:10D1F0007000000008B76FE00000001FF40FF5009A
:10D2000000006FE00AFA000000BF8003FE0000018A
:10D21000FF2000EF600006FC00007FB0000DF6006C
:10D22000002FF1002FF100000CF6007FA000000697
:10D23000FB00DF50000001FF23FE00000000AF797B
:10D24000F9000000004FCDF2000000000EFFD000FA
:10D2500000000008FF600000000002FF1000006BEB
:10D260009000008B7000009B65FE00000EFC00002B
:10D270000FF42FF30002FFF10004FF00EF60007FC6
:10D28000FF60007FD00AFA000BFBFA000BF9006F79
:10D29000C000FF4FD000EF5002FF104FE0EF301FF3
:10D2A000F1000EF408F909F705FD0000AF80DF403A
:10D2B0005FC08F900006FC1FF000FF0CF500003FE0
:10D2C000E5FB000BF4FF200000FF9F60007FAFE054
:10D2D00000000BFEF10002FDFA0000007FFD0000DF
:10D2E0000EFF60000003FF8000009FF20000000FAF
:10D2F000F3000005FE00001BB60000006BB108FE45
:10D30000100001EF8000DFA0000AFD00003FF400E4
:10D310004FF3000008FC00DF80000001EF77FE10F3
:10D320000000004FEEF40000000009FFA000000024
:10D330000008FF80000000002EFFF200000000CF78
:10D3400098FB00000007FF11EF7000002EF6005F51
:10D35000E20000BFC0000CFA0005FF300002FF50E1
:10D360001EF90000008FE15BA00000001BB41FF657
:10D37000000000AFC006FE100002FF4000EF80007A
:10D380000AFC00006FE1002FF300000CF800AFA0D2
:10D39000000004FE12FF20000000CF8AF800000009
:10D3A000002FEFF1000000000AFF800000000004E1
:10D3B000FF100000000004FF000000000004FF0058
:10D3C0000000000004FF000000000004FF00000057
:10D3D000000004FF0000009BBBBBBBBB90CFFFFF66
:10D3E000FFFFC000000001DF7000000009FC00002A
:10D3F00000004FF200000001DF5000000009FB00B8
:10D400000000004FF100000001DF500000000BFBA6
:10D41000000000005FF100000001EF500000000B71
:10D42000FB000000005FF100000000FFDBBBBBBBA6
:10D43000B3FFFFFFFFFFF46BBB98FFC98FC008FC71
:10D44000008FC008FC008FC008FC008FC008FC00E3
:10D450008FC008FC008FC008FC008FC008FC008F44
:10D46000C008FC008FC008FC338FFFC244436B60D0
:10D47000000002FD0000000CF40000006FA000009E
:10D4800001FE1000000AF60000003FC0000000EF9F
:10D4900020000007F90000001FE0000000BF50005E
:10D4A0000005FB0000000EF20000009F700000026B
:10D4B000FD0000000CF40000006FA0000001439B81
:10D4C000BB39CFF400CF400CF400CF400CF400CFB8
:10D4D000400CF400CF400CF400CF400CF400CF40DF
:10D4E0000CF400CF400CF400CF400CF400CF433CD0
:10D4F000F4CFFF4344410003B5000000AFB000008B
:10D500001EFF300006FBFA0000EF1EE1004FA08F67
:10D51000600AF502FD01FE000BF41430002420FF28
:10D52000FFFFFFFF9AAAAAAAA9432006FD1006F949
:10D530000005810028BBA40006FFFEFF901EF50039
:10D540004FF32860000BF800000008F80069BBBD2D
:10D55000F81CFFCCCEF89FD10008F8CF50000AF895
:10D56000CF70006FF87FF98CFBF908FFFE47FC00D5
:10D57000032000006B9000000008FC000000008FFA
:10D58000C000000008FC000000008FC00000000880
:10D59000FC29BB61008FDEFFFFC108FFA103FF90E4
:10D5A0008FD00004FE18FC00000EF48FC00000CFE6
:10D5B00068FC00000CF88FC00000CF58FC00001E73
:10D5C000F48FF30008FE08FEF97CFF508F48FFFE41
:10D5D000500000004200000027BB930004EFFEFF54
:10D5E000601EF6005FE28FB00009F6CF50000484A1
:10D5F000EF40000000FF40000000CF40000000BFEF
:10D60000900006B63FD3000DF509FE87CFB0007F2E
:10D61000FFF810000013000000000003BB00000032
:10D6200004FF00000004FF00000004FF00000004ED
:10D63000FF0048BB54FF06FFFFFCFF1EFA004FFF30
:10D640008FC00005FFCF600004FFDF400004FFFF34
:10D65000400004FFDF400004FFCF800004FF6FD2D2
:10D66000000BFF0DFE97DEFF01AFFFC3EF0000329E
:10D6700000000017BB830003EFFFFE601DF7005F93
:10D68000E18FB0000AF7CF600008F8EFFFFFFFFB63
:10D69000FFA8888886CF50000000AFA00000003FA0
:10D6A000E300002008FE977BF1005EFFFFA1000071
:10D6B0000440000004BEE3003FFDC300BFB0000013
:10D6C000CF400000CF400067DF9720CFFFFF400032
:10D6D000CF400000CF400000CF400000CF4000000E
:10D6E000CF400000CF400000CF400000CF400000FE
:10D6F000CF400000CF40000038BB606704EFFFFA66
:10D70000EF0EFA102DFF6FE00002FFAF900000FF58
:10D71000CF600000FFCF400000FFCF600000FF9F00
:10D72000A00001FF4FE3000AFF0CFE97BFFF009F20
:10D73000FFD3FF00003303FF00000006FC04832337
:10D740005EF508FFFFFF900058CA83006B90000051
:10D75000008FC00000008FC00000008FC0000000DC
:10D760008FC00000008FC18BB8108FDCFFFFE28FED
:10D77000F7002DFA8FC00005FC8FC00002FF8FC09C
:10D780000000FF8FC00000FF8FC00000FF8FC000AF
:10D7900000FF8FC00000FF8FC00000FF8FC000009F
:10D7A000FF3B94FC2860000002764FC4FC4FC4FC91
:10D7B0004FC4FC4FC4FC4FC4FC4FC0003BB004FF3F
:10D7C00000144000000000000277004FF004FF004A
:10D7D0004FF004FF004FF004FF004FF004FF004F34
:10D7E000F004FF004FF004FF004FE019FBAFFF37DC
:10D7F000B8206B900000008FC00000008FC00000B8
:10D80000008FC00000008FC00000008FC0001773A1
:10D810008FC0009FD18FC005FF308FC01EF6008FD4
:10D82000C0CFA0008FFFFE10008FFCFF40008FC014
:10D830007FE1008FC00CFA008FC002FF608FC00034
:10D840007FE28FC0000CFB3CA4FD4FD4FD4FD4FD04
:10D850004FD4FD4FD4FD4FD4FD4FD4FD4FD4FD4FD9
:10D86000D047418BB81029BB6008FBEFFFFC3EFF9F
:10D87000FFA08FF7005FFEA104FF48FC0000AFF19E
:10D88000000AF88FC00008FC00008FA8FC00008F81
:10D89000C00008FC8FC00008FC00008FC8FC00001E
:10D8A0008FC00008FC8FC00008FC00008FC8FC007F
:10D8B000008FC00008FC8FC00008FC00008FC8FC6F
:10D8C00000008FC00008FC47417BB8108F9CFFFF11
:10D8D000E28FF7002DFA8FC00005FC8FC00004FF17
:10D8E0008FC00004FF8FC00004FF8FC00004FF8FB3
:10D8F000C00004FF8FC00004FF8FC00004FF8FC072
:10D900000004FF0017BB8500003EFFEFF8001DF983
:10D91000003FF708FC00004FE1CF500000EF4EF44D
:10D9200000000CF6FF400000CF7CF400000CF4AFC8
:10D93000900002FF22FE3000AFA009FE87BFF20078
:10D9400006EFFFB10000001300000047229BA61065
:10D9500008F9EFFFFC108FF7004FF808FC00005F9C
:10D96000E18FC00000EF48FC00000CF48FC0000005
:10D97000CF88FC00000CF48FC00001EF48FE1000BF
:10D980009FE08FFE87BFF508FC8FFFE4008FC00487
:10D99000200008FC000000008FC000000008FC0010
:10D9A0000000004860000000000048BB508606FFF1
:10D9B000FEFAFC1EF7003EFC8FC00005FCCF6000A5
:10D9C00004FCDF400004FCFF400004FCDF400004D6
:10D9D000FCCF800004FC6FD1000BFC0DFD87BFFC69
:10D9E00001AFFFC7FC00003204FC00000004FC0093
:10D9F000000004FC00000004FC0000000286474216
:10DA00009B38F9EFF28FFB4408FD00008FC000083F
:10DA1000FC00008FC00008FC00008FC00008FC0064
:10DA2000008FC00008FC0000004ABB820009FFEF25
:10DA3000FE403FF3008FE08FC0000BC25FE40000A8
:10DA40000009FFD94000004AEFFD30000003AFE2BB
:10DA50006720000DF5AFA0001DF42FFB77DFD0028B
:10DA6000CFFFFA100000320000008720000FF40002
:10DA700000FF40067FF974CFFFFF800FF40000FF26
:10DA800040000FF40000FF40000FF40000FF4000D2
:10DA90000FF40000CF50000AFD72002DFF8000023D
:10DAA0003047400002778F800004FF8F800004FF22
:10DAB0008F800004FF8F800004FF8F800004FF8FA1
:10DAC000800004FF8FA00004FF5FC00004FF3FE15F
:10DAD000000BFF0CFD87DCFF01BFFFA1FF00004131
:10DAE0000000376000004742FF10000DF50BF60004
:10DAF00002FE006FB0007F9000FF100DF3000AF6E9
:10DB000002FD00003FB07F700000EF1DF100000734
:10DB1000F8FB0000002FDF60000000BFF0000000F5
:10DB200006FA000037600006720002773FE0000F3F
:10DB3000F80006FD0EF3003FFC0009F80AF7009F0D
:10DB4000CF200DF305FB00EF6F701FE001FE03FA1D
:10DB50001FC04FA000CF37F50DF18F50007F7DF033
:10DB600007F6CF10002FAFB002FAFC00000EFF60E6
:10DB700000DEF7000009FF10007FF3000005FB0046
:10DB8000002FE000187200027710BFA000BFB001A4
:10DB9000FF404FF10005FC0EF600000BFBFC0000FF
:10DBA000001FFF20000000EFD10000008FEF900069
:10DBB000003FF2FF40000DF606FD1008FD000CF8D6
:10DBC00003FF40004FF3476000006755FF10000F50
:10DBD000F60EF60005FF009FB000AFA002FF100F89
:10DBE000F4000DF605FE00006FB0AF900001FF1FBE
:10DBF000F200000AFAFD0000004FFF60000000EF95
:10DC0000F100000009FB00000000BF500000002FE1
:10DC1000F00000022CF8000000CFFD10000007B754
:10DC2000100000008777777770FFFFFFFFF000009C
:10DC300002EF6000000CFA0000008FD1000004FF2A
:10DC40003000001EF6000000CFA0000008FE10000B
:10DC5000004FF3000000FFEBBBBBB3FFFFFFFFF47F
:10DC6000000019E10001CF810009F900000FF30065
:10DC7000000FF000000FF000000FF000002FF00088
:10DC8000006FD00028FF40004FF8000015EF700033
:10DC9000005FD000002FF000000FF000000FF00038
:10DCA000000FF000000EF5000007FA000000AFB210
:10DCB000000006B04A66FA6FA6FA6FA6FA6FA6FAD7
:10DCC0006FA6FA6FA6FA6FA6FA6FA6FA6FA6FA6E9B
:10DCD000909C500004DF600002FE10000CF5000074
:10DCE000AF800008F800008F800008F800006FD0B7
:10DCF0000000CFB60002DFC001DF83006FC0000864
:10DD0000F800008F800008F80000BF80000DF400CC
:10DD100005FE0007EF300069200000006772000078
:10DD20000100BFFFF80001F86FA46EFC429F48F1AC
:10DD3000001BFFFFA0000000049A7000000000001C
:10DD400000000000041000000000000015AEFB0001
:10DD50000000000026BFFFFFC000000038CFFFFF1B
:10DD6000FFFC0000009FFFFFFFFFFFC000000CFF53
:10DD7000FFFFFFFFFC000000CFFFFFFFFFFFC00021
:10DD8000000CFFFFFFFFB6DC000000CFFFFFA61076
:10DD90000CC000000CFE95000000CC000000CC0080
:10DDA0000000000CC000000CC000000000CC00000F
:10DDB00000CC000000000CC000000CC000037BB6CB
:10DDC000CC000000CC0008FFFFFFC000000CC0002A
:10DDD000FFFFFFFC015775DC000CFFFFFF96EFFF14
:10DDE000FFC00017DFFC60FFFFFFFC000000000029
:10DDF0000DFFFFFFA000000000001AFFFF910000D0
:10DE00000000000000110000000000000003333398
:10DE10003333333333333333209FFFFFFFFFFFFFB1
:10DE2000FFFFFFFFE3FD44AFA4444444445FF547D4
:10DE3000F8F8004F40000000000CC000F8F8004F58
:10DE400040000000000CC000F8FE77CF400000004A
:10DE5000000CF97AF8FFFFFF40000000000CFFFF04
:10DE6000F8FB007F40000000000CF103F8F8004FC1
:10DE700040000000000CC000F8F9005F50000000F6
:10DE8000000DD001F8FFCBFFFBBBBBBBBBDFFDBE72
:10DE9000F8FFCCFFFCCCCCCCCCCFFDCDF8F9005FAB
:10DEA00050000000000CE000F8F8004F40000000B7
:10DEB000000CC000F8FB337F40000000000CE3348E
:10DEC000F8FFFFFF40000000000CFFFFF8FE88BFD6
:10DED00040000000000CF989F8F8004F40000000F5
:10DEE000000CD000F8F8004F40000000000CC0000B
:10DEF000F8FD77AFA7777777777EF878F86FFFFF31
:10DF0000FFFFFFFFFFFFFFFFE2004444444444449F
:10DF10004444444300233333002333333333333215
:10DF2000EFFFFF31EFFFFFFFFFFFFDFFFFFF44FFAC
:10DF3000FFFFFFFFFFFFFFFFFF44FFFFFFFFFFFFAC
:10DF4000FFFFFFFF31FFFFFFFFFFFFFF2888840077
:10DF5000488888888888820000000000000000004F
:10DF60000000BFFFFD20DFFFFFFFFFFFFAFFFFFF05
:10DF700044FFFFFFFFFFFFFFFFFFFF44FFFFFFFF27
:10DF8000FFFFFFFFFFFF42FFFFFFFFFFFFFF7CCC14
:10DF9000CA009CCCCCCCCCCCC70000000000000058
:10DFA000000000007BBBB9009BBBBBBBBBBBB7FF8A
:10DFB000FFFF42FFFFFFFFFFFFFFFFFFFF44FFFFE9
:10DFC000FFFFFFFFFFFFFFFF44FFFFFFFFFFFFFF1C
:10DFD000BFFFFE20DFFFFFFFFFFFFB000000000090
:10DFE000000003A600000000000000003EFF6000EB
:10DFF000000000000003EFFFF50000000000003EFD
:10E00000FFFFF6001300000003EFFFFFA001CF9019
:10E0100000003EFFFFFA001CFFF90003EFFFFFA026
:10E02000008FFFFF903EFFFFFA00002FFFFFFAEF87
:10E03000FFFFA0000003FFFFFFFFFFFA000000004A
:10E040003FFFFFFFFFA00000000003FFFFFFFA00FB
:10E0500000000000003FFFFFA000000000000003E0
:10E06000FFFA00000000000000003B9000000000EC
:10E070000000230000000230003EF9000006FF60AF
:10E080003EFFF90006FFFF6AFFFFF906FFFFFE3FB4
:10E09000FFFFFBFFFFFF603FFFFFFFFFFF60003F51
:10E0A000FFFFFFFF6000003FFFFFFF60000006FF73
:10E0B000FFFFF9000006FFFFFFFFF90006FFFFFF6B
:10E0C000FFFFF905FFFFFF8FFFFFF99FFFFF603F95
:10E0D000FFFFF2FFFF60003FFFF603FF6000003F1D
:10E0E000F60001300000002200000000007B60000C
:10E0F0000000000000002FFF0000000000000004EE
:10E10000FFF000000000003A704FFF008A1000008E
:10E110003EFF34FFF06FFE30002EFFF24FFF04FF92
:10E12000FD100CFFF604FFF006FFF903FFF5004FAA
:10E13000FF0008FFF1AFFC0004FFF0000EFF7CFFC2
:10E1400060003FFF00009FFCFFF40000DFA000051F
:10E15000FFCFFF4000001000004FFCEFF500000073
:10E16000000008FFCAFFA00000000000DFF96FFFF9
:10E1700030000000004FFF30EFFC100000003EFFB9
:10E18000C005FFFE5000006EFFF30008FFFFEB7BB1
:10E19000EFFFF6000006FFFFFFFFFFF500000002A3
:10E1A000AFFFFFFFA20000000000168885100000EE
:10E1B00000000000013331000000000000008FFF6C
:10E1C000400000000003500AFFF80073000006FF43
:10E1D000A5DFFFC4CFE30002EFFFFFFFFFFFFFD18A
:10E1E000001EFFFFFFFFFFFFFC00003FFFFFFFFFE0
:10E1F000FFFF100003FFFFC305DFFFF100BDFFFFBE
:10E20000D00001EFFFFB8FFFFFF7000008FFFFFCCE
:10E21000FFFFFF5000008FFFFFCFFFFFFA00000C51
:10E22000FFFFFC017FFFF60009FFFF620001FFFF17
:10E23000FDBEFFFFE00000BFFFFFFFFFFFFF9000FC
:10E240003FFFFFFFFFFFFFFF20007FFFAFFFFFAF9C
:10E25000FF6000006C10AFFF803C60000000000811
:10E26000FFF60000000000000038882000000000D9
:10E27000000043333100000000000CFFFFFE1000DF
:10E280000000004F94445F8000003333AF43333DC0
:10E29000E33330FFFFFFFFFFFFFFFFF47CFA8888C6
:10E2A000888888EE8108F40000000000CC0008F4A3
:10E2B0001310410320CC0008F44F44F80F80CC0029
:10E2C00008F44F44F80F80CC0008F44F44F80F8056
:10E2D000CC0008F44F44F80F80CC0008F44F44F809
:10E2E0000F80CC0008F44F44F80F80CC0008F44FA6
:10E2F00044F80F80CC0008F42C21B40B50CC00085B
:10E30000F40000000000CC0006F50000000000FB57
:10E310000001FFFFFFFFFFFFF500003888888888B5
:10E320008850000000000009A3009BB3000000001B
:10E3300001CFFE50CFF4000000003DFEBFF6CFF449
:10E3400000000005EFD256FFFFF40000007FFA3E08
:10E35000F74FFFF400000AFF76EFFFA4DFF500019E
:10E36000CFF58FFFFFFC3CFE503DFE4AFFFFFFFF55
:10E37000E3AFF69FD3CFFFFFFFFFFF66FF060CFF63
:10E38000FFFFFFFFFFF443000CFFFFFFFFFFFFF461
:10E3900000000CFFFFD447FFFFF400000CFFFFC09C
:10E3A00004FFFFF400000CFFFFC004FFFFF40000B7
:10E3B0000CFFFFC004FFFFF400000BFFFFC004FFD1
:10E3C000FFF30000000001BBBB5000000000000094
:10E3D000004FFFF80000000000000004FFFF800075
:10E3E0000000000000004FFFF800000000000000E7
:10E3F00004FFFF80000000000000004FFFF8000055
:10E40000000000007779FFFFB777300000000FFFB2
:10E41000FFFFFFFFF6000000003FFFFFFFFFFA00D5
:10E42000000000003FFFFFFFFA0000000000003F77
:10E43000FFFFFA000000000000003FFFFA000000AC
:10E4400000233333303FFA023333330EFFFFFF90A4
:10E450003603EFFFFFF4FFFFFFFFA105EFFFFFFF14
:10E460008FFFFFFFFFFFFFFFFFFFF8FFFFFFFFFF33
:10E47000FFFF45F54F8FFFFFFFFFFFFFFBCFCBF8FF
:10E48000BFFFFFFFFFFFFFFFFFFF200005BBBBBB80
:10E49000BBBBB3000001EFFFFFFFFFFFD000006F29
:10E4A000FCCCCCCCCCFF40000EFB000000000EFBEF
:10E4B0000004FF50000000007FF200BFE0000000F9
:10E4C0000001FF902FF700000000000AFE19FF1066
:10E4D00000000000002FF6EFA0000000000000CFB9
:10E4E000CFFFFFFA00000CFFFFFCFFFFFFF200046C
:10E4F000FFFFFFCFFFFFFFDBBBDFFFFFFCFFFFFFE7
:10E50000FFFFFFFFFFFFCFFFFFFFFFFFFFFFFFFC4E
:10E51000FFFFFFFFFFFFFFFFFFCDFFFFFFFFFFFF3D
:10E52000FFFFFB0000000023300000000000006B34
:10E53000FFFFFA4000450003BFFFFFFFFFB16FC0C0
:10E5400003EFFFFFFFFFFFEFFC02EFFFA30004CF8D
:10E55000FFFFC0BFFF500000009FFFFC2FFF6000C7
:10E5600000003EFFFFC9FFC00000002EFFFFFC6857
:10E57000830000000188888850000000000000002F
:10E5800000000000000000000000000333333300EF
:10E590000000002332FFFFFFF00000000CFF6FFFC0
:10E5A000FFF600000004FFF1FFFFF700000003EF9B
:10E5B000FA0FFFFFE5000007EFFF20FFFFFFFDB8A8
:10E5C000BEFFFF300FF67FFFFFFFFFFF4000B600EA
:10E5D0002BFFFFFFF81000000000016887410000DA
:10E5E00000000000003100000006F70000006FF896
:10E5F000000006FFF800006FFFF8DFFFFFFFF8FFE5
:10E60000FFFFFFF8FFFFFFFFF8FFFFFFFFF8FFFF2F
:10E61000FFFFF8FFFFFFFFF83444DFFFF800001DA5
:10E62000FFF8000001DFF80000001DF80000000105
:10E630008200000000310000000000006F70000048
:10E640000000006FF800000000006FFF8000000075
:10E65000006FFFF800000DFFFFFFFF808810FFFF35
:10E66000FFFFF808F90FFFFFFFFF8009F0FFFFFF32
:10E67000FFF8008F1FFFFFFFFF805EC0FFFFFFFF5F
:10E68000F80BE303444DFFFF80000000001DFFF87E
:10E6900000000000001DFF8000000000001DF800C9
:10E6A0000000000000182000000000000000000230
:10E6B000720000000000000310004FE600000000A0
:10E6C0000006F700002BF90000000006FF8005910E
:10E6D0000AF700000006FFF8005FE30CF2000006F6
:10E6E000FFFF80003FE22FA0DFFFFFFFF808813F20
:10E6F000A0AF0FFFFFFFFF808F90AF05F4FFFFFF7C
:10E70000FFF8009F05F44F5FFFFFFFFF8008F14F08
:10E7100044F6FFFFFFFFF805EC09F14F4FFFFFFF45
:10E72000FF80BE31DC09F13444DFFFF80001AF4067
:10E73000FC000001DFFF8003DF708F40000001DF7D
:10E74000F8007E506FB000000001DF8000007FD134
:10E750000000000001820002DFC100000000000094
:10E7600000004C500000033333333333333333333F
:10E7700033209FFFFFFFFFFFFFFFFFFFFFE3FB448F
:10E78000444444444444444445F8F8000000000034
:10E790000000000000F8F803DFD3000000000000D4
:10E7A00000F8F80BFFFB00000001000000F8F80C77
:10E7B000FFFC0000006E300000F8F807FFF70000D3
:10E7C00006FFE30000F8F800585000006FFFFE302D
:10E7D00000F8F80000000006FFFFFFE300F8F80073
:10E7E0000066006FFFFFFFFE30F8F80006FF66FFCF
:10E7F000FFFFFFFF80F8F8006FFFFFFFFFFFFFFF45
:10E8000080F8F806FFFFFFFFFFFFFFFF80F8F80C1E
:10E81000FFFFFFFFFFFFFFFF80F8F80CFFFFFFFF88
:10E82000FFFFFFFF80F8F806888888888888888836
:10E8300040F8F900000000000000000000F8CFFFE1
:10E84000FFFFFFFFFFFFFFFFFFF51888888888881C
:10E850008888888888500000000000003DE600009D
:10E8600000000000003EFFF60000000000000CFF6A
:10E87000FFF60000000000361DFFFFF4000000005E
:10E880003EF61DFFFF800000003EFAF61DFFF3007C
:10E8900000003EF7CFF61DF30000003EF7CFFFF675
:10E8A000130000003EF7CFFFFFF10000003EF7CF5E
:10E8B000FFFFF30000003EF7CFFFFFF30000003E34
:10E8C000F7CFFFFFF30000003EFDCFFFFFF3000096
:10E8D000000FF4DFFFFFF300000000F801DFFFF39B
:10E8E000000000000FB721DFF30000000000FFF47C
:10E8F0003EF300000000000FFFFFF30000000000E7
:10E900000088888300000000000000333000000011
:10E91000002FFF20000000A8FFF4000000AF8FFFD1
:10E92000400000AFF8FFF40000AFFF8FFF4000AFE2
:10E93000FFF8FFF400AFFFFF8FFF40AFFFFFF8FFCE
:10E94000F4AFFFFFFF8FFFCFFFFFFFF8FFFFFFFFD9
:10E95000FFFF8FFF5DFFFFFFF8FFF41DFFFFFF8F3D
:10E96000FF401DFFFFF8FFF4001DFFFF8FFF400079
:10E970001DFFF8FFF400001DFF8FFF4000001DF891
:10E98000FFF30000001D8787000000001450000006
:10E99000000000000000FD4000000000000000FF3B
:10E9A000FB30000000000000FFFFF9200000000025
:10E9B00000FFFFFFE71000000000FFFFFFFFE50082
:10E9C000000000FFFFFFFFFFD4000000FFFFFFFF7C
:10E9D000FFFFB30000FFFFFFFFFFFFFF9200FFFFFD
:10E9E000FFFFFFFFFFFE71FFFFFFFFFFFFFFFFC203
:10E9F000FFFFFFFFFFFFFFE600FFFFFFFFFFFFF846
:10EA00000000FFFFFFFFFFF9100000FFFFFFFFFB0B
:10EA100020000000FFFFFFFC4000000000FFFFFEA1
:10EA2000600000000000FFFF80000000000000FF09
:10EA300091000000000000009200000000000000B3
:10EA4000003333333200033333332FFFFFFFC00073
:10EA5000FFFFFFFCFFFFFFFC000FFFFFFFCFFFFFEB
:10EA6000FFC000FFFFFFFCFFFFFFFC000FFFFFFFE9
:10EA7000CFFFFFFFC000FFFFFFFCFFFFFFFC000F09
:10EA8000FFFFFFCFFFFFFFC000FFFFFFFCFFFFFF07
:10EA9000FC000FFFFFFFCFFFFFFFC000FFFFFFFCE9
:10EAA000FFFFFFFC000FFFFFFFCFFFFFFFC000FFD6
:10EAB000FFFFFCFFFFFFFC000FFFFFFFCFFFFFFF8B
:10EAC000C000FFFFFFFCFFFFFFFC000FFFFFFFCFB9
:10EAD000FFFFFFC000FFFFFFFCFFFFFFFC000FFF79
:10EAE000FFFFCFFFFFFFC000FFFFFFFCFFFFFFFCAA
:10EAF000000FFFFFFFC7888888500078888885331B
:10EB000033333333333333332FFFFFFFFFFFFFFF45
:10EB1000FFFCFFFFFFFFFFFFFFFFFFCFFFFFFFFF38
:10EB2000FFFFFFFFFCFFFFFFFFFFFFFFFFFFCFFF28
:10EB3000FFFFFFFFFFFFFFFCFFFFFFFFFFFFFFFFE8
:10EB4000FFCFFFFFFFFFFFFFFFFFFCFFFFFFFFFF08
:10EB5000FFFFFFFFCFFFFFFFFFFFFFFFFFFCFFFFF8
:10EB6000FFFFFFFFFFFFFFCFFFFFFFFFFFFFFFFFE5
:10EB7000FCFFFFFFFFFFFFFFFFFFCFFFFFFFFFFFD8
:10EB8000FFFFFFFCFFFFFFFFFFFFFFFFFFCFFFFFC8
:10EB9000FFFFFFFFFFFFFCFFFFFFFFFFFFFFFFFF88
:10EBA000CFFFFFFFFFFFFFFFFFFCFFFFFFFFFFFFA8
:10EBB000FFFFFFC7888888888888888885200000AC
:10EBC0000001331F300000008FF8FE30000008FF06
:10EBD0008FFE3000008FF8FFFE300008FF8FFFFE31
:10EBE00030008FF8FFFFFE3008FF8FFFFFFE308FF1
:10EBF000F8FFFFFFFE38FF8FFFFFFFFEAFF8FFFFBC
:10EC0000FFFFFDFF8FFFFFFFF68FF8FFFFFFF60806
:10EC1000FF8FFFFFF6008FF8FFFFF60008FF8FFF62
:10EC2000F600008FF8FFF6000008FF8FF6000000E6
:10EC30008FF8F600000008FF850000000038830010
:10EC40000000003B30000000000000003EFE3000ED
:10EC500000000000003EFFFE3000000000003EFF0C
:10EC6000FFFE30000000003EFFFFFFFE300000000E
:10EC70003EFFFFFFFFFE3000003EFFFFFFFFFFFEF5
:10EC800030003EFFFFFFFFFFFFFE303EFFFFFFFFB4
:10EC9000FFFFFFFE3BCCCCCCCCCCCCCCCCC9000015
:10ECA0000000000000000009BBBBBBBBBBBBBBBB83
:10ECB000B8FFFFFFFFFFFFFFFFFFFFFFFFFFFFFFAB
:10ECC000FFFFFFFFFFFFFFFFFFFFFFFFFFFDFFFF56
:10ECD000FFFFFFFFFFFFFC00000000073000000007
:10ECE000000AFE300000000AFFFE3000000AFFFFAD
:10ECF000F700000AFFFFFA00000AFFFFFA00000A0F
:10ED0000FFFFFA00000AFFFFFA00000AFFFFFA0007
:10ED1000000AFFFFFA000000FFFFFF30000006FFBF
:10ED2000FFFE30000006FFFFFE30000006FFFFFE82
:10ED300030000006FFFFFE30000006FFFFFE30003F
:10ED40000006FFFFFE30000006FFFFF8000000068F
:10ED5000FFFD1000000006FD100000000002100082
:10ED6000005500000000006FF6000000006FFFF685
:10ED70000000000BFFFFF60000001DFFFFF6000083
:10ED8000001DFFFFF60000001DFFFFF60000001D44
:10ED9000FFFFF60000001DFFFFF60000001DFFFF53
:10EDA000F60000007FFFFFB000006FFFFFF30000E0
:10EDB0006FFFFFF300006FFFFFF300006FFFFFF333
:10EDC00000006FFFFFF300006FFFFFF300000DFF77
:10EDD000FFF30000003FFFF3000000003FF30000DE
:10EDE00000000021000000000000000004332000AB
:10EDF0000000000000AFFFD0000000000000CFFFC7
:10EE0000F0000000000000CFFFF000000000000054
:10EE1000CFFFF0000000000000CFFFF00000000076
:10EE20000000CFFFF0000000BFFFFFFFFFFFFFFF6C
:10EE3000D2FFFFFFFFFFFFFFFFF4FFFFFFFFFFFF1A
:10EE4000FFFFF4FFFFFFFFFFFFFFFFF47CCCCCFFD1
:10EE5000FFFCCCCCA0000000CFFFF00000000000C1
:10EE600000CFFFF0000000000000CFFFF000000026
:10EE7000000000CFFFF0000000000000CFFFF00016
:10EE800000000000007FFFB0000000BFFFFFFFFF99
:10EE9000FFFFFFD2FFFFFFFFFFFFFFFFF4FFFFFFBA
:10EEA000FFFFFFFFFFF4FFFFFFFFFFFFFFFFF47C0B
:10EEB000CCCCCCCCCCCCCCA00000000002AA200052
:10EEC000000000000000000AFFA000000000000099
:10EED00000004FFFF40000000000000000CFFFFB27
:10EEE0000000000000000004FFFFFF4000000000E1
:10EEF00000000EFFFFFFD00000000000006FFA8846
:10EF0000AFF6000000000001DFF4004FFD1000002C
:10EF1000000008FFF4004FFF80000000001EFFF417
:10EF2000004FFFE1000000009FFFF5006FFFF900B8
:10EF3000000002FFFFF8008FFFFF2000000AFFFF24
:10EF4000F9339FFFFFA000004FFFFFFFFFFFFFFF10
:10EF5000F40000CFFFFFFA44AFFFFFFB0004FFFF08
:10EF6000FFF8008FFFFFFF400EFFFFFFF8008FFF4D
:10EF7000FFFFD06FFFFFFFFC77CFFFFFFFF6EFFF34
:10EF8000FFFFFFFFFFFFFFFFFDEFFFFFFFFFFFFFA3
:10EF9000FFFFFFFE388888888888888888888300F3
:10EFA000000000000000000510000000000000004C
:10EFB00000000CC10000000000000000000CFC106C
:10EFC000BBB9520000026BBBBEFFC1FFFFFF700068
:10EFD0006FFFFFFFFFFCFFFFFFF906FFFFFFFFFFD3
:10EFE000FA7888CFFE4FFFE8888EFFA000000AF66F
:10EFF000CFFE10000CFA00000001D4FFF400000C5A
:10F00000A0000000002BFFC0000001000000000075
:10F010002FFF500000000000000000AFFE30000095
:10F02000051000000003FFF6C700000CC10000003F
:10F030001CFFE4FE40000CFC10BBBBFFFF4BFFFCC1
:10F04000BBBEFFC1FFFFFFF603FFFFFFFFFFFCFF9B
:10F05000FFFF60003CFFFFFFFFFA788840000000E0
:10F0600036888EFFA000000000000000000CFA00AF
:10F0700000000000000000000CA0000000000000E4
:10F08000000000010000000000001BB100000000B3
:10F0900000000001CFFC100000000000001CFFFF7A
:10F0A000C1000000000001CFFFFFFC1000000000C5
:10F0B0001CFFFFFFFFC100000001CFFFFFFFFFFCAF
:10F0C0001000001CFFFFF66FFFFFC10001CFFFFF24
:10F0D0006006FFFFFC101CFFFFF600006FFFFFC182
:10F0E000CFFFFF60000006FFFFFB9FFFF600000060
:10F0F000006FFFF90AFF60000000000AFFA0009601
:10F100000000000000008900002200000000000054
:10F11000220003EE300000000003EE303EFFE3006B
:10F120000000003EFFE3CFFFFE30000003EFFFFCD6
:10F130003FFFFFE300003EFFFFF303FFFFFE30034E
:10F14000EFFFFF30003FFFFFE33EFFFFF300000350
:10F15000FFFFFEEFFFFF300000003FFFFFFFFFF368
:10F160000000000003FFFFFFFF3000000000003F31
:10F17000FFFFF300000000000003FFFF300000006D
:10F18000000000003FF3000000000000000002202B
:10F19000000000000000000033333333333310002D
:10F1A0000003E900FFFFFFFFFFFF8000001EFF706C
:10F1B0004FFFFFFFFFFF800001CFFFF506FFFFFFBE
:10F1C000FFFF80000AFFFFFE300000000CFF800000
:10F1D0008FFFFFFFD10000000CFF8000FFFFFFFF4B
:10F1E000F60000000CFF8000144DFF74300000009A
:10F1F0000CFF8000000CFF40000000233CFF933117
:10F20000000CFF40000000CFFFFFFFF8000CFF40A4
:10F210000000004FFFFFFFE1000CFF6333333206B5
:10F22000FFFFFF30000CFFFFFFFFFE30AFFFF500D8
:10F23000000CFFFFFFFFFFC10CFF7000000CFFFF81
:10F24000FFFFFFFA01DA0000004333320000000044
:10F25000000003DFFFFFF8000000000000CFFFFF09
:10F26000FFF300000000000FFFFFFFFF8333333385
:10F270003000FFFFFFFFFFFFFFFFFFE60FFFFFFF75
:10F28000FFFFFFFFFFFFF2FFFFFFFFFFFFFFFFFF9B
:10F29000FF7FFFFFFFFFFFFFFFFFFFF8FFFFFFFF05
:10F2A000FFFFFFFFFFFF8FFFFFFFFFFFFFFFFFFFDE
:10F2B000F8FFFFFFFFFFFFFFFFFFFF8FFFFFFFFFD5
:10F2C000FFFFFFFFFFF8FFFFFFFFFFFFFFFFFFFF55
:10F2D0008FFFFFFFFFFFFFFFFFFFF8FFFFFFFFFFB5
:10F2E000FFFFFFFFFF8FFFFFFFFFFFFFFFFFFFF6A7
:10F2F000AFFFFFFFFFFFFFFFFFFF21AFFFFFFFFF9C
:10F30000FFFFFFFD40000000000AE30000000000D6
:10F310000000000AFFE3000000000000000AFFFFF9
:10F32000E30000000000000AFFFFFFE30000000010
:10F33000000AFFFFFFFFE3000000000AFFFFFFFFDE
:10F34000FFE300000000FFFFFFFFFFFF6000000081
:10F3500000004FFFF80000000000000004FFFF80E5
:10F36000000000000000004FFFF800000000000057
:10F370000004FFFF80000000000000004FFFF800C5
:10F3800000000000000002FFFF8000000007BBBB80
:10F39000B70344412BBBBBA1FFFFFFF733334CFF47
:10F3A000FFFF7FFFFFFFFFFFFFFFFFFFF8FFFFFFF4
:10F3B000FFFFFFFFBBFBBF8FFFFFFFFFFFFFF57FDF
:10F3C00075F8FFFFFFFFFFFFFFFFFFFF75888888CD
:10F3D0008888888888887100230000000000000069
:10F3E00009FF700000000000005FFFE10000000066
:10F3F0000000BFFFF9000000000000FFFFFF200039
:10F4000000000000FFFFFD100000000000BFFFB182
:10F410000000000000006FFF200000000000001F3F
:10F42000FF9000000000000008FFF4000000000052
:10F430000001EFFD100000000000004FFFC10000C0
:10F440001200000006FFFD4001CF810000006FFFA9
:10F45000F82AFFFE60000006FFFFFFFFFFF4000038
:10F46000004EFFFFFFFFF2000000018FFFFFFF9043
:10F4700000000000016BFFB500027B861000000059
:10F48000000000003EFFFFE600000000000100DF7A
:10F49000B46CFF60000000029DC4FF00006FF2002A
:10F4A00000017D403FDF70000AF600006D6004E35C
:10F4B0005FF7101BF7004C81007C1006FFFDFFFD7D
:10F4C0007AA2001A9000003AFFFE95C40003C5001E
:10F4D00000000002007F4B505C3000000000133140
:10F4E0008C2959BD400000005CFFFFB18AB701C7FD
:10F4F00000000AFFECDFFD68E40008B1007FF600C1
:10F500000BF6002BA2005C30EF40000BF600004C25
:10F510007102C6FF10008FF10000006D605EBFB782
:10F520007DFF60000000018EA22EFFFFE4000000BE
:10F5300000000000016883000000000000000000DF
:10F5400000008BBBBBBA0000000000000AFFCCCC5F
:10F55000EF300000000000AFFC00008F4000000012
:10F56000000AFACC00008F4000000000AFA0CC00E1
:10F57000008F423333300AFA00CC00008FDFFFFFE8
:10F58000FC8FE777DC00008FFE8888CFFFFFFFF954
:10F590000003EFEC00008FF8000000003EF3CC0009
:10F5A000008FF800000003EF30CC00008FF800005F
:10F5B000003EF300CC00008FF8000000EFDBBBEC56
:10F5C00000008FF8000002FECCCCC300008FF800D2
:10F5D0000004F800000000008FF8000004F80000AC
:10F5E0000000008FF9333336F800000000008FFF71
:10F5F000FFFFFFF800000000008F2888888AF800CD
:10F60000000000008F00000004F800000000008FE0
:10F6100000000004F800000000008F00000004FB60
:10F620007777777777BF00000000FFFFFFFFFFFFCE
:10F63000FD00000000044444444444402333333379
:10F6400033333200000EFFFFFFFFFFFFF70000FA29
:10F650004DFFFE445FABF9000F80CFFFC000F80AFA
:10F66000F900F80CFFFC000F800AF90F80CFFFC0F3
:10F6700000F8000AF6F80CFFFC000F80000ECF80A7
:10F68000CFFFFFFFF80000CCF803888888881000BF
:10F690000CCF8000000000000000CCF8000000004B
:10F6A0000000000CCF8013333333333300CCF80B1E
:10F6B000FFFFFFFFFFFA0CCF80CD444444444DC010
:10F6C000CCF80CC000000000CC0CCF80CC000000B7
:10F6D000000CC0CCF80CC000000000CC0CCF80CCDB
:10F6E000000000000CC0CCFFFFFFFFFFFFFFFFFF8B
:10F6F000C58888888888888888830013333200000A
:10F700000AFFFF700000EFFFF200002FFFFD000076
:10F7100005FFFF6000009FFFF100000DFFFA259D2F
:10F72000F1FFFFFFFFF85FFFFFFFFF29FFFFFFFF74
:10F73000A0DFFFEDFFF20CA6209FFA0000000CFFF7
:10F7400040000000FFC00000004FF400000008FD72
:10F7500000000000CF600000000FE000000004F691
:10F76000000000008F000000000C8000000000007E
:10F77000000000BA00000000000000000004FF408C
:10F780000000000000000005CFFFFC50000000005A
:10F7900000008FFFFFFFF7000000000005FFFFFFE4
:10F7A000FFFF50000000000FFFFFFFFFFFE0000021
:10F7B00000002FFFFFFFFFFFF2000000004FFFFFE0
:10F7C000FFFFFFF4000000004FFFFFFFFFFFF4000A
:10F7D0000000008FFFFFFFFFFFF7000000008FFF1A
:10F7E000FFFFFFFFF800000000CFFFFFFFFFFFFC5F
:10F7F00000000001FFFFFFFFFFFFFF00000006FF0A
:10F80000FFFFFFFFFFFF6000000EFFFFFFFFFFFF96
:10F81000FFD000008FFFFFFFFFFFFFFFF70003FF98
:10F82000FFFFFFFFFFFFFFFF303FFFFFFFFFFFFF77
:10F83000FFFFFFF30AFFFFFFFFFFFFFFFFFFA00037
:10F84000000000FBFFFF0000000000000000C9BF37
:10F85000FB00000000000000001BEFB100000000F2
:10F86000023333333333333333333300AFFFFFFFEC
:10F87000FFFFFFFFFFFFFFE4FC88888888888888F7
:10F88000888888F8F800000000000000000000F8F8
:10F89000F80CC0CC08F08F34F43F80F8F8066066AE
:10F8A00004804822824F80F8F80000000000000029
:10F8B000004F80F8F809BB33B60C609909CF80F887
:10F8C000F809CC32C60C609909CC60F8F800000049
:10F8D00000000000000000F8F809909BBBBBBBBB18
:10F8E000B32B60F8F809909CCCCCCCCCC33C60F82E
:10F8F000F800000000000000000000F8FB777777B8
:10F9000077777777777777F88FFFFFFFFFFFFFFF36
:10F91000FFFFFFE300000000000000049200000071
:10F9200000000004BFF2000000000004BFFFA000C0
:10F9300000000004BFFFFF2000000004BFFFFFFA2B
:10F9400000000004BFFFFFFFF2000004BFFFFFFF45
:10F95000FFA00004BFFFFFFFFFFF2000CFFFFFFF5E
:10F96000FFFFFA00009CCCCCCDFFFFF200000000AE
:10F970000004FFFFA0000000000004FFFF200000C3
:10F9800000000004FFFA00000000000004FFF20085
:10F99000000000000004FFA000000000000004FFC1
:10F9A0002000000000000004FA0000000000000039
:10F9B0000072000000009BBBBBBBBBB02000000F6F
:10F9C000FFFFFFFFFF08900000FFFFFFFFFFF08F2A
:10F9D00090000FFFFFFFFFFF08FF9000FFFFFFFFFA
:10F9E000FFF08FFF900FFFFFFFFFFF08FFFF90FF6B
:10F9F000FFFFFFFFF04888882FFFFFFFFFFF500049
:10FA00000000FFFFFFFFFFFFFFFFFFCFFFFFFFFF34
:10FA1000FFFFFFFFFCFFFFFFFFFFFFFFFFFFCFFF29
:10FA2000FFFFFFFFFFFFFFFCFFFFFFFFFFFFFFFFE9
:10FA3000FFCFFFFFFFFFFFFFFFFFFCFFFFFFFFFF09
:10FA4000FFFFFFFFCFFFFFFFFFFFFFFFFFFCFFFFF9
:10FA5000FFFFFFFFFFFFFFCFFFFFFFFFFFFFFFFFE6
:10FA6000FCFFFFFFFFFFFFFFFFFFCFFFFFFFFFFFD9
:10FA7000FFFFFFFCFFFFFFFFFFFFFFFFFFCDFFFFCB
:10FA8000FFFFFFFFFFFFFB0444444444444444435E
:10FA9000000000000000043310000000000000001F
:10FAA000026AFFFFFFFC6300000000004BFFFFFF46
:10FAB000FFFFFFFB40000001BFFFFFFFFFFFFFFF55
:10FAC000FFB30003EFFFFD830000037DFFFFE505AB
:10FAD000FFFFE4002577763004CFFFF51DFF801788
:10FAE000DFFFFFFFD7106FFF301B406EFFFFFFFFF0
:10FAF000FFFE703B300000AFFFFFDB8BDFFFFFA19D
:10FB00000000001DFFFA20000018FFFF1000000099
:10FB10001DC2038BBB8402CF3000000000101BFF0E
:10FB2000FFFFFB301000000000000BFFFFFFFFFD98
:10FB3000000000000000001DFD746CFF300000009C
:10FB4000000000001600100430000000000000005B
:10FB50000005EFE5000000000000000000001EFFAF
:10FB600030000000000000000000001B300000001A
:10FB7000000029BBBBBBBBBBBBBBBBBBBBBBB7108C
:10FB80000DFCCCCCCCCCCCCCCCCCCCCCCDF800F8B7
:10FB900000000000000000000000000DC00F8067A2
:10FBA00077777777777777777740CC00F80CFFFF18
:10FBB000FFFFFFFFFFFFFFF80CE80F80CFFFFFFF05
:10FBC000FFFFFFFFFFFF809DF3F80CFFFFFFFFFF2C
:10FBD000FFFFFFFFF8004F4F80CFFFFFFFFFFFFF4A
:10FBE000FFFFFF8004F4F80CFFFFFFFFFFFFFFFFA4
:10FBF000FFF8004F4F80CFFFFFFFFFFFFFFFFFFF2A
:10FC00008004F4F80CFFFFFFFFFFFFFFFFFFF80683
:10FC10009F4F80CFFFFFFFFFFFFFFFFFFF80CFD190
:10FC2000F809CCCCCCCCCCCCCCCCCCC60CC00F8086
:10FC30000000000000000000000000CC00FC77770E
:10FC40007777777777777777777FA005FFFFFFFF65
:10FC5000FFFFFFFFFFFFFFFFD20029BBBBBBBBBB0A
:10FC6000BBBBBBBBBBBBB7100DFCCCCCCCCCCCCC9A
:10FC7000CCCCCCCCCDF800F8000000000000000097
:10FC80000000000DC00F8067777777777777760071
:10FC90000000CC00F80CFFFFFFFFFFFFFFC00000DB
:10FCA0000CE80F80CFFFFFFFFFFFFFFC0000009D6F
:10FCB000F3F80CFFFFFFFFFFFFFFC00000004F4FF6
:10FCC00080CFFFFFFFFFFFFFFC00000004F4F80CF3
:10FCD000FFFFFFFFFFFFFFC00000004F4F80CFFF7F
:10FCE000FFFFFFFFFFFC00000004F4F80CFFFFFF24
:10FCF000FFFFFFFFC00000069F4F80CFFFFFFFFF09
:10FD0000FFFFFC000000CFD1F809CCCCCCCCCCCC90
:10FD1000CC9000000CC00F8000000000000000002C
:10FD2000000000CC00FC7777777777777777777765
:10FD3000777FA005FFFFFFFFFFFFFFFFFFFFFFFF34
:10FD4000D20029BBBBBBBBBBBBBBBBBBBBBBB710E8
:10FD50000DFCCCCCCCCCCCCCCCCCCCCCCDF800F8E5
:10FD600000000000000000000000000DC00F8067D0
:10FD700077777777720000000000CC00F80CFFFF67
:10FD8000FFFFFF40000000000CE80F80CFFFFFFFE7
:10FD9000FFF400000000009DF3F80CFFFFFFFFFFE1
:10FDA0004000000000004F4F80CFFFFFFFFFF40036
:10FDB0000000000004F4F80CFFFFFFFFFF4000000C
:10FDC0000000004F4F80CFFFFFFFFFF40000000056
:10FDD0000004F4F80CFFFFFFFFFF400000000006E6
:10FDE0009F4F80CFFFFFFFFFF40000000000CFD146
:10FDF000F809CCCCCCCCCC30000000000CC00F807B
:10FE00000000000000000000000000CC00FC77773C
:10FE10007777777777777777777FA005FFFFFFFF93
:10FE2000FFFFFFFFFFFFFFFFD20029BBBBBBBBBB38
:10FE3000BBBBBBBBBBBBB7100DFCCCCCCCCCCCCCC8
:10FE4000CCCCCCCCCDF800F80000000000000000C5
:10FE50000000000DC00F80677777400000000000B1
:10FE60000000CC00F80CFFFFF800000000000000CC
:10FE70000CE80F80CFFFFF80000000000000009D15
:10FE8000F3F80CFFFFF800000000000000004F4FE7
:10FE900080CFFFFF800000000000000004F4F80C99
:10FEA000FFFFF800000000000000004F4F80CFFF70
:10FEB000FF800000000000000004F4F80CFFFFF8D1
:10FEC00000000000000000069F4F80CFFFFF800071
:10FED000000000000000CFD1F809CCCCC600000023
:10FEE000000000000CC00F800000000000000000B7
:10FEF000000000CC00FC7777777777777777777794
:10FF0000777FA005FFFFFFFFFFFFFFFFFFFFFFFF62
:10FF1000D20029BBBBBBBBBBBBBBBBBBBBBBB71016
:10FF20000DFCCCCCCCCCCCCCCCCCCCCCCDF800F813
:10FF300000000000000000000000000DC00F800065
:10FF400000000000000000000000CC00F8000000ED
:10FF500000000000000000000CE80F80000000001E
:10FF6000000000000000009DF3F800000000000009
:10FF70000000000000004F4F800000000000000063
:10FF80000000000004F4F800000000000000000081
:10FF90000000004F4F800000000000000000000043
:10FFA0000004F4F80000000000000000000000065B
:10FFB0009F4F800000000000000000000000CFD133
:10FFC000F800000000000000000000000CC00F80DE
:10FFD0000000000000000000000000CC00FC77776B
:10FFE0007777777777777777777FA005FFFFFFFFC2
:10FFF000FFFFFFFFFFFFFFFFD200000026BBBBA5F6
:020000040802F0
:10000000100000007EFFFFFFFE6000008FFFFC6F0E
:10001000FFFF60004FFFFFC06FFFFE200AFFFFFCE5
:10002000006FFFF800FFFFFFC0306FFFD04FFF4DA4
:10003000FC0C606FFF27FFA01DC0CF10CFF48FFF17
:1000400090190B30AFFF7AFFFF900010AFFFF8CF91
:10005000FFFF9000AFFFFF8CFFFFFF201DFFFFF8A9
:10006000BFFFFF30001DFFFF88FFFF3060911DFFC5
:10007000F88FFF30AC0CB02FFF44FFC1AFC0CA03F4
:10008000EFF31FFFEFFC0603EFFF00CFFFFFC003FE
:10009000EFFFA006FFFFFC03EFFFF3000CFFFFC321
:1000A000EFFFF900001CFFFDEFFFFA00000006BFA4
:1000B000FFFFB4000000000000200000000000006E
:1000C00000000000000000000000700500000000BB
:1000D0000000D005031001001800E0070606010A21
:1000E0002A00B00D0D1000009200D00C0B1601FD7F
:1000F0000B0110100F1101FF8B01B00D0E1100FF4D
:100100000202C0040306010A0B025007071701FB95
:100110005C026007061700FBA102800908080104C1
:10012000C102800C0C0C00010903E004030601FD70
:100130001203F009080301051E03E0050303010093
:1001400023032009091200FE7403600C0B1101FF48
:10015000D203600C061002000204600C0B100100B8
:100160005A04600C0B1101FFB804600C0C10000065
:100170001805600C0B1101FF7605600C0B1101FFD7
:10018000D405600C0B1001002C06600C0B1101FF54
:100190008A06600C0A1101FFDF069005030C0100BE
:1001A000F106A005040F01FD0F07300B0A0A00013C
:1001B0004107600C0A0701046407800B0A0A010169
:1001C0009607700A0A100000E607B013121501FB2B
:1001D000A308F00D0E1000001309F00D0C10010023
:1001E0007309F00D0C1101FFD909E00E0D1001008B
:1001F000410A100C0B100100990A100C0B100100A1
:10020000F10AE00E0C1101FF570B700F0D100100E9
:10021000BF0B300603100200D70B100C0B1100FFB0
:10022000350CF00D0D1001009D0C100C0B10010091
:10023000F50CF012111001007D0D700F0D10010072
:10024000E50D000F0D1101FF540EF00D0C10010013
:10025000B40E500F0E1201FE320FF00D0D10010002
:100260009A0F700D0C1101FF0010300D0D100000E1
:100270006810E00E0D1101FFD710F00D0E100000F8
:100280004711F01213100000DF11F00D0E100000E6
:100290004F12F00D0E100000BF12300D0C100100B7
:1002A0001F13F005051601FC56131009091200FE74
:1002B000A713F005051600FCDE1330090909000735
:1002C0000714000A0A0200FE1114E0060504010DDD
:1002D0001B14200C0A0D01FF5C14800C0B1201FF93
:1002E000BF14800B0A0D01FF0015800C0A1201FFDC
:1002F0005A15800B0A0D01FF9B15B006081100006E
:10030000DF15800C0A1101FB3416800C0A11010064
:100310008916900503110100A316B0050516FFFB11
:10032000DA16400B0A1101002F1790050311010086
:1003300049174013110C0100AF17800C0A0C010083
:10034000EB17800C0B0D01FF3318800C0B1101FB18
:100350009118800C0A1101FBE618B007070C010088
:100360001019800B0A0D01FF51190007071000FF3B
:100370008919800C0A0D01FFCA19100B0B0C000023
:100380000C1AA010100C00006C1A100B0B0C0000C3
:10039000AE1A100B0B1100FB0C1B100B0A0C01000A
:1003A000481B8007081500FC9C1B7005031301FD0A
:1003B000B91B8007071500FC031CF00E0D05010496
:1003C000241CE012131600FCF51C9017181600FCF4
:1003D000FD1D001616120000C31E0016140F0100AA
:1003E000591F50110F1001FFD11FE012131500FE0D
:1003F0009920E012131400FE57215011121400FE30
:100400000B22701414100000AB227014151300009E
:100410007323E012131000000B24E012131400FEEB
:10042000C92470090A1000001925200E0F100000C1
:1004300091257014151200FF4E269017181400FE17
:100440003E27E012131300FEF327900C0D1400FE5C
:1004500075285011121400FE2929E012131400FE11
:10046000E729E012131400FEA52A900C0D1400FEDB
:10047000272BE01213100000BF2BB00F0D1502FE4A
:10048000482CB00F0D1501FED12C50111212000096
:10049000732D501112050006A02D0016161500FE32
:1004A000872E0016161500FE6E2F0016140D010083
:1004B000F02F0016140E01FF7C309017180F00006B
:1004C0003031701415120000ED317014151400FE57
:1004D000BF3250111212000061330016161200FED6
:1004E00027340016161700FC2435E012131400FE02
:1004F000E235000B0B1500FD56360016161600FDF2
:1005000048379017180F0000FC375011121200FEE8
:100510009E38E012131700FC7939201919120000D7
:100520005A3A501C1D100000423B501C1D10000088
:100530002A3C501C1D100000123D501C1D100000D4
:10054000FA3D501C1D100000E23EE012111701FCA4
:10055000000007000A000B000C001000120013003E
:10056000140018001B0020002500260027003D0075
:100570003F0047004A004B004C0050005100520021
:100580005300660067007000730076007700780003
:100590007A0092009400C300C400C600E600F20096
:1005A0001B0123015A01EA013F02400241024202BB
:1005B00043029202200000005F00010000000000E2
:1005C000000000000000000001F000009302600045
:1005D000500502080000000032000200092B093714
:1005E0000938093A111111121114111511161117A8
:1005F0001118111A121312141216121813111312C1
:1006000013131316131713181319131A14121413A0
:10061000141414151416141714181419141A151187
:100620001513151515161517151815191612161375
:10063000161416151616161716181619161A171157
:100640001712171317151716171717181719181247
:1006500018151816181718181819181A1911191228
:1006600019141915191619171A111A121A131A151D
:100670001A161A171A181A1A22242228223022327D
:100680002235223622372238223A2242224422457B
:1006900022462248225022522254225522562257C4
:1006A0002258225B233A2342234A234D23502353CB
:1006B0002356235A2424242824302432244A245321
:1006C0002456245A245B25372538254225462550B3
:1006D000255626372638263A2643264426452646DA
:1006E00026472648264A264B264C264D264E264F80
:1006F000265026512652265326552656265726582A
:100700002659265A265B270D270F272227422746E0
:10071000274A274D275027532756275A284228462D
:10072000284F285028532856285A2942294629500C
:100730002956295A2A422A442A452A472A482A4E13
:100740002A4F2A502A512A532A542A552A562A57C0
:100750002A582A5A2B422B502C242C282C302C324D
:100760002C422C462C4A2C502C532C562C582C5AAC
:100770002D222D242D282D302D322D352D362D379F
:100780002D382D3A2D4B2D562D582D5A2E422E46B2
:100790002E4B2E4F2E502E562E5A2F462F502F5A5C
:1007A00030223035303730383039303A3044304507
:1007B000304630473048304B305030513052305452
:1007C000305530563059305A305B310D310F3122AF
:1007D00031263129312A314231463149314A314DB0
:1007E000314F3150315331543155315A3222323533
:1007F0003236323732383239323A32423256332494
:100800003328333033323335333633373338333AB2
:100810003342334633503356335A34423446344BE2
:10082000344E344F34503451345234563458345A90
:10083000350D350E350F351B351C35223524352841
:100840003530353235343535353735383539353A53
:1008500035423546354A354E355035533554355683
:100860003558355A355B3622364536473648364E8A
:10087000364F36513653365436553659365B370A6D
:10088000370D370E370F371B371C372237243728E1
:1008900037303732373E374237463750375337567F
:1008A000375A375E380A380D380E380F381B381C67
:1008B000382238243828383038323835383E3842F3
:1008C0003846385038533856385A385E3924392823
:1008D0003930393239463956395A3A0A3A0D3A0ED0
:1008E0003A0F3A1B3A1C3A223A243A283A303A3222
:1008F0003A353A373A383A393A3A3A3E3A423A464B
:100900003A503A523A553A563A573A5E3B223B24CD
:100910003B283B303B323B423B463B4A3B503B56FD
:100920003B583B5A3C2B43574358435A465A47037C
:100930004708470A473E4748475E4C46505750587D
:100940005059505A5158530D530F53445345534621
:100950005347534C53505352535553565357535870
:100960005359535A535B570D570F574257445745E6
:10097000574657505752580D580F584458455846E7
:100980005852594459455946595059525A0D5A0FBF
:100990005A445A455A465A505A525B445B455B4644
:1009A0005B505C2BF007060801FAFF01FF01F9011B
:1009B000FFFFFF00FDFD01FEFDFCFD00FDFF01034B
:1009C00001FFFB010001FB060301F203FFFC010331
:1009D0000100FF01FB00F9FC040200F90206E4FB40
:1009E000F907FCFF00FC0203010001F9FE01FF0111
:1009F000F801F9F9F9F9E6F8E7EFE401FDFBFCFD90
:100A0000FCFD01F5FCF2F404E402FFFF010001012A
:100A1000FFFFFEFFFEFFFF02FEF9FCFF01010103E5
:100A20000303FEF9F9F9FAFAFEFFFFFEFDFDF9FEF8
:100A3000FAFDF8FAF7F801F801CBCBEBF4F8FFFE7A
:100A4000F8F7F8F700010000000000FFFEFEFEFFCF
:100A5000FFFFFDFEFFFFFFFEFFFFFFFEFFFFFFFFAB
:100A6000FEFEF6F6F5F6FEF7FEF7FFF8F2F207F9EE
:100A7000F8F7F8E5F7E0EDE200FBF1EDFFFEFFFF30
:100A8000FEFFFFFEFEFFF9F7F8FCF8F600FF00009E
:100A900000FE000001000100FE01FDC6C6EDFFFFE3
:100AA000FFFCFC00FFFFFFFCFFFE050505F4FEF662
:100AB000F904F400FFFEFEFEFEF9FEF9FBEFFFFD78
:100AC000FDFF0000FFFEFFFFFF0000000101E4E565
:100AD000E4E6E5E4F7F6F6F7FA0606050406E5E4CB
:100AE000FFE9E4E9E5E9EFEFEBF8FDFFFFFFFFFFCA
:100AF000FFFE00FDFD07E1F3E2F5F5E6F9F9F8F98F
:100B000006F0F0F0F5F6FC0705ECF9ECF8F8EDFB73
:100B1000FBFBFB0504F4F5F5F9F9FE05F8F8F7F829
:100B2000F7F8F507E0EEE0F1F1E3F7F6F6F6060682
:100B300006050606EAE9E9EBF8F2F90705F8F7F722
:100B4000F700F9FEF8F9F6F7FAFCFDFCFC050607DC
:100B500006F807F9FBFDF9FBFDEAEAF9FAF90500E9
:100B6000F9FA06000606030602EBECFBFBFBFBFBB7
:100B7000FBF0F1FDFDFCFDF9FAF9F9FAE8EAFAFA01
:100B8000FAFAF9FAFBFAFAF9DC050208A4090208F4
:100B9000E4010000E0070000FFFF0000E0FF0000AC
:100BA0001084000010840000E0FF00001F0000001F
:100BB0001F00000000000000000000000000000016
:100BC0000000000000000000000000000000000025
:100BD000000000000000000000000000000000080D
:100BE000CCCA300000CC533AC50008C30000CE0088
:100BF0000CC000005A503C8000003EA05C80000009
:100C00000EA05A5000000CC05A5000000CC05A50A0
:100C100000000CC05A5000000EC03C8000000EA026
:100C20000EA000003C800AE000008C3005EA0003C2
:100C3000EA00005EECCEA0000000333000000000AF
:100C400000000000000000000000000000000000A4
:100C50000000000000000000000000000000000094
:100C60000000000000000000000000000000000084
:100C70000000000000000000000000000000000074
:100C8000000000000000000000000000000038A08C
:100C9000000005EECCE0000000000AE000000000CB
:100CA0000AE0000000000AE0000000000AE0000086
:100CB00000000AE0000000000AE0000000000AE076
:100CC000000000000AE0000000000AE00000000050
:100CD0000AE0000000000AE0000000000AE0000056
:100CE00000000AE00000000000000000000000001A
:100CF00000000000000000000000000000000000F4
:100D000000000000000000000000000000000000E3
:100D100000000000000000000000000000000000D3
:100D200000000000000000000000000000000000C3
:100D30000000000000000000000000ACCCC8000073
:100D40000353335EE00000000003EA0000000000EF
:100D5000CC0000000000CC0000000000EA00000011
:100D60000003C8000000000CE0000000008C5000F0
:100D7000000005C8000000005C8000000005C800FD
:100D80000000008C500000000CC5000000005EFF59
:100D9000FFFFFFA0000000000000000000000000B6
:100DA0000000000000000000000000000000000043
:100DB0000000000000000000000000000000000033
:100DC0000000000000000000000000000000000023
:100DD0000000000000000000000000000000000013
:100DE000000000000000000000ACCCC8000003536D
:100DF000335CE30000000003EA0000000000CC00C8
:100E000000000000CC0000000005C8000000008CBD
:100E1000A000003EFFE830000000003AC5000000DE
:100E20000000CE00000000008C30000000008C307C
:100E300000000000AE0000000008C8000EECACEEA0
:100E4000500000033300000000000000000000001C
:100E50000000000000000000000000000000000092
:100E60000000000000000000000000000000000082
:100E70000000000000000000000000000000000072
:100E80000000000000000000000000000000000062
:100E90000000000000000000000AA300000000AEF7
:100EA000E300000005A8C30000003CA8C300000048
:100EB000CC08C3000008C308C300003C8008C3007E
:100EC00000CC0008C3000AC00008C3005A50000844
:100ED000C300AFCCCCCEFCC000000008C3000000B3
:100EE0000008C30000000008C30000000008C300A1
:100EF00000000000000000000000000000000000F2
:100F000000000000000000000000000000000000E1
:100F100000000000000000000000000000000000D1
:100F200000000000000000000000000000000000C1
:100F300000000000000000000000000000000000B1
:100F400000000000008AAAAAA30000AC6666530055
:100F500000CA0000000000C80000000003A5000057
:100F6000000005A50000000008EECEFC50000000C7
:100F70000008CA00000000008C30000000005A5039
:100F8000000000003A50000000005A50000000002D
:100F9000AE0000000008C8000AECACEC50000003F2
:100FA000330000000000000000000000000000000E
:100FB0000000000000000000000000000000000031
:100FC0000000000000000000000000000000000021
:100FD0000000000000000000000000000000000011
:100FE0000000000000000000000000000000000001
:100FF0000000000005ACC0000003CE830000003EEE
:10100000C000000000CC0000000005A500000000AA
:101010000AE05AA800000CCCA66CE5000EE5000022
:10102000CE000EC000005A500EA000003C800EA062
:1010300000003C800CC000003C800AE300008C30C3
:1010400003EC0003EC00003CECCEA00000000330F9
:101050000000000000000000000000000000000090
:101060000000000000000000000000000000000080
:101070000000000000000000000000000000000070
:101080000000000000000000000000000000000060
:101090000000000000000000000000000000000050
:1010A0005AAAAAAAAA80366666666EA00000000048
:1010B0008C3000000000CC0000000005A5000000FE
:1010C000000CC0000000005A5000000000CC0000DE
:1010D000000005A5000000000CC0000000005A50F0
:1010E00000000000CE0000000005C8000000000C59
:1010F000E0000000005C8000000000000000000034
:1011000000000000000000000000000000000000DF
:1011100000000000000000000000000000000000CF
:1011200000000000000000000000000000000000BF
:1011300000000000000000000000000000000000AF
:101140000000000000000000000000000000000897
:10115000CCCA300000EE533AC80008C30000CE00ED
:101160000CC000008C300CC000008C300AE0000085
:10117000AE0000CC3008C800005EFFFEA00008C82A
:101180000003CC000EA000003C805A5000000EA0CE
:101190005A5000000CA03C8000003EA00AE5000070
:1011A000CE3000AEECCEC3000000333000000000B3
:1011B000000000000000000000000000000000002F
:1011C000000000000000000000000000000000001F
:1011D000000000000000000000000000000000000F
:1011E00000000000000000000000000000000000FF
:1011F0000000000000000000000000000008CCCA51
:10120000300000CC533CE5000AC30000CC000CA029
:1012100000008C500C8000003C800C8000003C8062
:101220000EA000003C800AE00000AE8003EC303AE3
:10123000CC50003ACCCA8C3000000000CC0000003A
:101240000003C8000000000EE000000005CC3000E4
:10125000005CEEA0000000030000000000000000A1
:10126000000000000000000000000000000000007E
:10127000000000000000000000000000000000006E
:101280000000B0000C1D0000AE00B0000C1D0000FE
:101290005C01B0000C1D00000A02B0000C1D000033
:1012A000B802B0000C1D00006603B0000C1D000069
:1012B0001404B0000C1D0000C204B0000C1D00009E
:1012C0007005B0000C1D00001E06B0000C1D0000D3
:1012D0003000310032003300340035003600370072
:1012E0003800390000000000300000000A00000053
:1012F000D0120208000000000A00020000000000F6
:10130000920E493CB10AC93C2BC3163D2EFB483D09
:10131000752B7B3D04A9963D80B6AF3D36BDC83DDB
:101320002FBCE13D73B2FA3D87CF093E8340163EA4
:10133000B5AB223EA2102F3ECF6E3B3EC2C5473E0C
:101340000115543E135C603E7F9A6C3ECCCF783ED4
:10135000C07D823E938E883E229A8E3E32A0943E7D
:1013600086A09A3EE59AA03E128FA63ED47CAC3E63
:10137000EF63B23E2A44B83E491DBE3E15EFC33E60
:1013800053B9C93ECA7BCF3E4136D53E80E8DA3EEE
:101390004F92E03E7533E63EBBCBEB3EEA5AF13E60
:1013A000CBE0F63E275DFC3EE4E7003F3D9C033F7B
:1013B000824B063F9BF5083F6B9A0B3FDA390E3F95
:1013C000CDD3103F2A68133FD9F6153FC07F183F91
:1013D000C6021B3FD17F1D3FCBF61F3F9967223FBF
:1013E00025D2243F5636273F1594293F4AEB2B3F01
:1013F000DE3B2E3FBB85303FC9C8323FF304353F4B
:10140000233A373F4268393F3B8F3B3FF9AE3D3F80
:1014100067C73F3F70D8413F01E2433F03E4453F88
:1014200065DE473F12D1493FF8BB4B3F029F4D3F1E
:10143000207A4F3F3D4D513F4918533F31DB543FD8
:10144000E595563F5348583F6AF2593F1A945B3F1F
:10145000532D5D3F05BE5E3F2146603F97C5613F0E
:101460005A3C633F59AA643F880F663FD86B673F79
:101470003CBF683FA7096A3F0C4B6B3F5E836C3FE4
:1014800093B26D3F9ED86E3F73F56F3F0809713F71
:101490005213723F4714733FDD0B743F0BFA743FD6
:1014A000C6DE753F07BA763FC58B773FF853783F66
:1014B0009812793F9DC7793F02737A3FBE147B3FF4
:1014C000CDAC7B3F283B7C3FC9BF7C3FAC3A7D3FE6
:1014D000CCAB7D3F23137E3FB0707E3F6DC47E3F1B
:1014E000580E7F3F6D4E7F3FAB847F3F0FB17F3FF4
:1014F00097D37F3F43EC7F3F11FB7F3F0000803F4E
:1015000011FB7F3F43EC7F3F97D37F3F0FB17F3F7E
:10151000AB847F3F6D4E7F3F580E7F3F6DC47E3F53
:10152000B0707E3F23137E3FCCAB7D3FAC3A7D3F16
:10153000C9BF7C3F283B7C3FCDAC7B3FBE147B3F8B
:1015400002737A3F9DC7793F9812793FF853783FED
:10155000C58B773F07BA763FC6DE753F0BFA743FFF
:10156000DD0B743F4714733F5213723F0809713FFC
:1015700073F56F3F9ED86E3F93B26D3F5E836C3FB5
:101580000C4B6B3FA7096A3F3CBF683FD86B673F76
:10159000880F663F59AA643F5A3C633F97C5613F35
:1015A0002146603F05BE5E3F532D5D3F1A945B3F71
:1015B0006AF2593F5348583FE595563F31DB543F57
:1015C0004918533F3D4D513F207A4F3F029F4D3FB9
:1015D000F8BB4B3F12D1493F65DE473F03E4453F2F
:1015E00001E2433F70D8413F67C73F3FF9AE3D3FFF
:1015F0003B8F3B3F4268393F233A373FF304353F47
:10160000C9C8323FBB85303FDE3B2E3F4AEB2B3F04
:101610001594293F5636273F25D2243F9967223F0C
:10162000CBF61F3FD17F1D3FC6021B3FC07F183F37
:10163000D9F6153F2A68133FCDD3103FDA390E3F54
:101640006B9A0B3F9BF5083F824B063F3D9C033F47
:10165000E4E7003F275DFC3ECBE0F63EEA5AF13E70
:10166000BBCBEB3E7533E63E4F92E03E80E8DA3E80
:101670004136D53ECA7BCF3E53B9C93E15EFC33E76
:10168000491DBE3E2A44B83EEF63B23ED47CAC3E18
:10169000128FA63EE59AA03E86A09A3E32A0943EC6
:1016A000229A8E3E938E883EC07D823ECCCF783E7D
:1016B0007F9A6C3E135C603E0115543EC2C5473EA6
:1016C000CF6E3B3EA2102F3EB5AB223E8340163E6E
:1016D00087CF093E73B2FA3D2FBCE13D36BDC83D10
:1016E00080B6AF3D04A9963D752B7B3D2EFB483D52
:1016F0002BC3163DB10AC93C920E493C00000000C4
:10170000920E49BCB10AC9BC2BC316BD2EFB48BD05
:10171000752B7BBD04A996BD80B6AFBD36BDC8BDD7
:101720002FBCE1BD73B2FABD87CF09BE834016BEA0
:10173000B5AB22BEA2102FBECF6E3BBEC2C547BE08
:10174000011554BE135C60BE7F9A6CBECCCF78BED0
:10175000C07D82BE938E88BE229A8EBE32A094BE79
:1017600086A09ABEE59AA0BE128FA6BED47CACBE5F
:10177000EF63B2BE2A44B8BE491DBEBE15EFC3BE5C
:1017800053B9C9BECA7BCFBE4136D5BE80E8DABEEA
:101790004F92E0BE7533E6BEBBCBEBBEEA5AF1BE5C
:1017A000CBE0F6BE275DFCBEE4E700BF3D9C03BF77
:1017B000824B06BF9BF508BF6B9A0BBFDA390EBF91
:1017C000CDD310BF2A6813BFD9F615BFC07F18BF8D
:1017D000C6021BBFD17F1DBFCBF61FBF996722BFBB
:1017E00025D224BF563627BF159429BF4AEB2BBFFD
:1017F000DE3B2EBFBB8530BFC9C832BFF30435BF47
:10180000233A37BF426839BF3B8F3BBFF9AE3DBF7C
:1018100067C73FBF70D841BF01E243BF03E445BF84
:1018200065DE47BF12D149BFF8BB4BBF029F4DBF1A
:10183000207A4FBF3D4D51BF491853BF31DB54BFD4
:10184000E59556BF534858BF6AF259BF1A945BBF1B
:10185000532D5DBF05BE5EBF214660BF97C561BF0A
:101860005A3C63BF59AA64BF880F66BFD86B67BF75
:101870003CBF68BFA7096ABF0C4B6BBF5E836CBFE0
:1018800093B26DBF9ED86EBF73F56FBF080971BF6D
:10189000521372BF471473BFDD0B74BF0BFA74BFD2
:1018A000C6DE75BF07BA76BFC58B77BFF85378BF62
:1018B000981279BF9DC779BF02737ABFBE147BBFF0
:1018C000CDAC7BBF283B7CBFC9BF7CBFAC3A7DBFE2
:1018D000CCAB7DBF23137EBFB0707EBF6DC47EBF17
:1018E000580E7FBF6D4E7FBFAB847FBF0FB17FBFF0
:1018F00097D37FBF43EC7FBF11FB7FBF000080BF4A
:1019000011FB7FBF43EC7FBF97D37FBF0FB17FBF7A
:10191000AB847FBF6D4E7FBF580E7FBF6DC47EBF4F
:10192000B0707EBF23137EBFCCAB7DBFAC3A7DBF12
:10193000C9BF7CBF283B7CBFCDAC7BBFBE147BBF87
:1019400002737ABF9DC779BF981279BFF85378BFE9
:10195000C58B77BF07BA76BFC6DE75BF0BFA74BFFB
:10196000DD0B74BF471473BF521372BF080971BFF8
:1019700073F56FBF9ED86EBF93B26DBF5E836CBFB1
:101980000C4B6BBFA7096ABF3CBF68BFD86B67BF72
:10199000880F66BF59AA64BF5A3C63BF97C561BF31
:1019A000214660BF05BE5EBF532D5DBF1A945BBF6D
:1019B0006AF259BF534858BFE59556BF31DB54BF53
:1019C000491853BF3D4D51BF207A4FBF029F4DBFB5
:1019D000F8BB4BBF12D149BF65DE47BF03E445BF2B
:1019E00001E243BF70D841BF67C73FBFF9AE3DBFFB
:1019F0003B8F3BBF426839BF233A37BFF30435BF43
:101A0000C9C832BFBB8530BFDE3B2EBF4AEB2BBF00
:101A1000159429BF563627BF25D224BF996722BF08
:101A2000CBF61FBFD17F1DBFC6021BBFC07F18BF33
:101A3000D9F615BF2A6813BFCDD310BFDA390EBF50
:101A40006B9A0BBF9BF508BF824B06BF3D9C03BF43
:101A5000E4E700BF275DFCBECBE0F6BEEA5AF1BE6C
:101A6000BBCBEBBE7533E6BE4F92E0BE80E8DABE7C
:101A70004136D5BECA7BCFBE53B9C9BE15EFC3BE72
:101A8000491DBEBE2A44B8BEEF63B2BED47CACBE14
:101A9000128FA6BEE59AA0BE86A09ABE32A094BEC2
:101AA000229A8EBE938E88BEC07D82BECCCF78BE79
:101AB0007F9A6CBE135C60BE011554BEC2C547BEA2
:101AC000CF6E3BBEA2102FBEB5AB22BE834016BE6A
:101AD00087CF09BE73B2FABD2FBCE1BD36BDC8BD0C
:101AE00080B6AFBD04A996BD752B7BBD2EFB48BD4E
:101AF0002BC316BDB10AC9BC920E49BC00000080C0
:101B0000201B0208000000204C050000384300089C
:101B1000BC1E02084C0500202C770000144C000865
:101B2000811809920A0640920A863F041011403734
:101B30008DA740DB0F49403A1BE614DA2F0216B896
:101B40000B0A0A0A120514F40101640C0D031414A3
:101B500001401A100445080140043210228020C9B7
:101B6000CEFFC60FCFFFC10FD0FFBD0FD1FFB80F03
:101B7000D2FFB30FD3FFAD0FD4FFA70FD5FFA10F37
:101B8000D6FF9B0FD7FF940FD8FF8C0FD9FF840F80
:101B9000DAFF7C0FDBFF730FDCFF6A0FDDFF600FE6
:101BA000DEFF560FDFFF4B0FE0FF400FE1FF340F6A
:101BB000E2FF280FE3FF1A0FE4FF0D0FE5FFFE0E13
:101BC000E6FFEF0EE7FFDF0EE8FFCE0EE9FFBD0EEA
:101BD000EAFFAB0EEBFF980EECFF840EEDFF700EEC
:101BE000EEFF5A0EEFFF440EF0FF2D0EF1FF150E23
:101BF000F2FFFC0DF3FFE20DF4FFC80DF5FFAC0D95
:101C0000F6FF900DF7FF720DF8FF540DF9FF350D3B
:101C1000FAFF150DFBFFF40CFCFFD20CFDFFAF0C1F
:101C2000FEFF8C0CFFFF670C14420C01141C0C020D
:101C300014F50B0314CE0B0414A60B05147D0B0630
:101C400014530B0714290B0814FF0A0914D30A0AAA
:101C500014A80A0B147C0A0C144F0A0D14230A0E44
:101C600014F6090F14C80910149B0911146D0912F8
:101C7000143F09131411091414E4081514B60816B6
:101C800014880817145B0818242D081913081A144F
:101C9000D3071B14A7071C147A071D144E071E1424
:101CA00023071F14F8062014CD062114A3062214BE
:101CB0007A06231451062414290625140106261435
:101CC000DA052714B30528148D05291468052A148C
:101CD00044052B1420052C14FD042D14DB042E14B4
:101CE000B9042F14980430147804311458043214B1
:101CF0003A0433141C043414FE033514E20336147E
:101D0000C6033714AA0338149003391476033A141F
:101D10005D033B1444033C142C033D1415033E1493
:101D2000FE023F14E8024014D3024114BE024214E2
:101D3000AA02431496024414830245147002461406
:101D40005E0247144D0248143C0249142B024A1407
:101D50001B024B140C024C14FD014D14EE014E14E9
:101D6000E0014F14D2015014C5015114B8015214AE
:101D7000AB0153149F015414930155148801561458
:101D80007D01571472015814680159145D015A14E9
:101D900054015B144A015C1441015D1438015E1466
:101DA0002F015F14270160141F01611417016214D1
:101DB0000F01632408016413016512F9126612F31E
:101DC000126712EC126812E6126912DF126A12D957
:101DD000126B12D4126C12CE126D12C8126E12C394
:101DE000126F12BE127012B9127112B4127212AFC7
:101DF000127312AB127412A6127512A21276129EF0
:101E00001277129A1278129612791292127A128E10
:101E1000127B128B127C1287127D02328404200EF8
:101E200027071E2A9301082B041A2D041A30041ABE
:101E300034041A39041A3F041A4604411A6008107F
:101E40000E44B6010838BB01080CC101081083021A
:101E5000101393D51B0831042312041388031B208D
:101E6000182012C0080A130208B4050208880B02E1
:101E70002C2318051AB42C013C180E814C01087D46
:101E8000490108214A0108D9041A21101A61081AC7
:101E900089041AB10401D25201180AB40B02088055
:101EA000120208E8045918331039320913634C1B25
:0C1EB000082304321D131405C22000009A
:04000005080041317D
:00000001FF
